Date,Time,Time Zone,Category,Item,Qty,Price Point Name,SKU,Modifiers Applied,Gross Sales,Discounts,Net Sales,Tax,Device Name,Event Type,Location,Dining Option,Unit,Count,Itemization Type,Channel
2026-10-02,15:23:54,Central Time (US & Canada),Teas,Chai Latte,1.0,Regular,,"Oat, Add shot, Vanilla",$7.55,-$3.78,$3.77,$0.00,iPad,Payment,Cor Coffee,,ea,1,Physical Good,Cor Coffee
2026-10-02,15:19:52,Central Time (US & Canada),Espresso Drinks,Espresso,1.0,Regular,,Regular,$3.25,$0.00,$3.25,$0.00,iPad,Payment,Cor Coffee,,ea,1,Physical Good,Cor Coffee
2026-10-02,15:03:52,Central Time (US & Canada),Espresso Drinks,Latte,1.0,Regular,,"Regular, Hot, Half&Half (breve), Vanilla",$6.00,$0.00,$6.00,$0.00,iPad,Payment,Cor Coffee,,ea,1,Physical Good,Cor Coffee
2026-10-02,14:57:21,Central Time (US & Canada),Teas,Matcha Latte,1.0,Regular,,"Cinnamon Roll, To go, Iced, Whole, Regular",$6.25,$0.00,$6.25,$0.00,iPad,Payment,Cor Coffee,,ea,1,Physical Good,Cor Coffee
2026-10-02,14:55:42,Central Time (US & Canada),Coffee Drinks,Cafe Au Lait,1.0,Regular,,Cinnamon Roll,$4.00,$0.00,$4.00,$0.00,iPad,Payment,Cor Coffee,,ea,1,Physical Good,Cor Coffee
2026-10-02,14:55:42,Central Time (US & Canada),Teas,Matcha Latte,1.0,Regular,,"Vanilla, To go, Iced, Whole, Regular",$6.00,$0.00,$6.00,$0.00,iPad,Payment,Cor Coffee,,ea,1,Physical Good,Cor Coffee
2026-10-02,14:40:47,Central Time (US & Canada),Espresso Drinks,Cappuccino,1.0,Regular,,Regular,$4.50,$0.00,$4.50,$0.00,iPad,Payment,Cor Coffee,,ea,1,Physical Good,Cor Coffee
2026-10-02,14:38:52,Central Time (US & Canada),Espresso Drinks,Latte,1.0,Regular,,"Regular, Hot, Whole, Cinnamon Roll",$5.50,$0.00,$5.50,$0.00,iPad,Payment,Cor Coffee,,ea,1,Physical Good,Cor Coffee
2026-10-02,14:38:52,Central Time (US & Canada),Food,LiaP Cookie,1.0,Regular,,,$2.00,$0.00,$2.00,$0.00,iPad,Payment,Cor Coffee,,ea,1,Physical Good,Cor Coffee
2026-10-02,14:32:29,Central Time (US & Canada),Espresso Drinks,Mocha,1.0,Regular,,"Regular, Oat",$6.05,$0.00,$6.05,$0.00,iPad,Payment,Cor Coffee,,ea,1,Physical Good,Cor Coffee
2026-10-02,14:27:04,Central Time (US & Canada),Teas,Matcha Latte,1.0,Regular,,,$5.50,$0.00,$5.50,$0.00,iPad,Payment,Cor Coffee,,ea,1,Physical Good,Cor Coffee
2026-10-02,14:24:51,Central Time (US & Canada),Coffee Drinks,Coffee,1.0,Regular,,,$3.00,$0.00,$3.00,$0.00,iPad,Payment,Cor Coffee,,ea,1,Physical Good,Cor Coffee
2026-10-02,14:23:45,Central Time (US & Canada),Espresso Drinks,Latte,1.0,Regular,,Regular,$4.75,-$4.75,$0.00,$0.00,iPad,Payment,Cor Coffee,,ea,1,Physical Good,Cor Coffee
2026-10-02,14:21:34,Central Time (US & Canada),Espresso Drinks,Cortado,1.0,Regular,,Regular,$4.00,$0.00,$4.00,$0.00,iPad,Payment,Cor Coffee,,ea,1,Physical Good,Cor Coffee
2026-10-02,14:21:34,Central Time (US & Canada),Teas,Chai Latte,1.0,Regular,,,$5.25,$0.00,$5.25,$0.00,iPad,Payment,Cor Coffee,,ea,1,Physical Good,Cor Coffee
2026-10-02,14:16:03,Central Time (US & Canada),Espresso Drinks,Cortado,1.0,Regular,,Regular,$4.00,$0.00,$4.00,$0.00,iPad,Payment,Cor Coffee,,ea,1,Physical Good,Cor Coffee
2026-10-02,14:12:32,Central Time (US & Canada),Espresso Drinks,Latte,1.0,Regular,,"Regular, To go, Iced, Oat, Cinnamon Roll",$6.30,$0.00,$6.30,$0.00,iPad,Payment,Cor Coffee,,ea,1,Physical Good,Cor Coffee
2026-10-02,14:11:17,Central Time (US & Canada),Espresso Drinks,Latte,1.0,Regular,,"Regular, To go, Vanilla",$5.25,$0.00,$5.25,$0.00,iPad,Payment,Cor Coffee,,ea,1,Physical Good,Cor Coffee
2026-10-02,14:10:07,Central Time (US & Canada),Teas,Matcha Latte,1.0,Regular,,"To go, Iced, Oat, Regular",$6.30,$0.00,$6.30,$0.00,iPad,Payment,Cor Coffee,,ea,1,Physical Good,Cor Coffee
2026-10-02,14:08:30,Central Time (US & Canada),Espresso Drinks,Cortado,1.0,Regular,,Regular,$4.00,$0.00,$4.00,$0.00,iPad,Payment,Cor Coffee,,ea,1,Physical Good,Cor Coffee
2026-10-02,14:07:22,Central Time (US & Canada),Teas,Matcha Latte,1.0,Regular,,"Lavender, To go, Iced",$6.00,$0.00,$6.00,$0.00,iPad,Payment,Cor Coffee,,ea,1,Physical Good,Cor Coffee
2026-10-02,14:05:19,Central Time (US & Canada),Espresso Drinks,Cappuccino,1.0,Regular,,Regular,$4.50,$0.00,$4.50,$0.00,iPad,Payment,Cor Coffee,,ea,1,Physical Good,Cor Coffee
2026-10-02,14:04:01,Central Time (US & Canada),Espresso Drinks,Cortado,1.0,Regular,,"Regular, To go, Add shot",$5.00,$0.00,$5.00,$0.00,iPad,Payment,Cor Coffee,,ea,1,Physical Good,Cor Coffee
2026-10-02,14:04:01,Central Time (US & Canada),Food,LiaP Cookie,1.0,Regular,,,$2.00,$0.00,$2.00,$0.00,iPad,Payment,Cor Coffee,,ea,1,Physical Good,Cor Coffee
2026-10-02,14:00:02,Central Time (US & Canada),Espresso Drinks,Flat White,1.0,Regular,,Regular,$4.25,$0.00,$4.25,$0.00,iPad,Payment,Cor Coffee,,ea,1,Physical Good,Cor Coffee
2026-10-02,13:59:11,Central Time (US & Canada),Teas,Matcha Latte,1.0,Regular,,To go,$5.50,$0.00,$5.50,$0.00,iPad,Payment,Cor Coffee,,ea,1,Physical Good,Cor Coffee
2026-10-02,13:57:39,Central Time (US & Canada),Espresso Drinks,Latte,1.0,Regular,,"Regular, Cinnamon Roll",$5.50,$0.00,$5.50,$0.00,iPad,Payment,Cor Coffee,,ea,1,Physical Good,Cor Coffee
2026-10-02,13:55:44,Central Time (US & Canada),Espresso Drinks,Latte,1.0,Regular,,"Regular, Cinnamon Roll",$5.50,$0.00,$5.50,$0.00,iPad,Payment,Cor Coffee,,ea,1,Physical Good,Cor Coffee
2026-10-02,13:54:12,Central Time (US & Canada),Espresso Drinks,Latte,1.0,Regular,,Regular,$4.75,$0.00,$4.75,$0.00,iPad,Payment,Cor Coffee,,ea,1,Physical Good,Cor Coffee
2026-10-02,13:53:12,Central Time (US & Canada),Espresso Drinks,Latte,1.0,Regular,,"Regular, To go, Iced, Whole, Cinnamon Roll",$5.50,$0.00,$5.50,$0.00,iPad,Payment,Cor Coffee,,ea,1,Physical Good,Cor Coffee
2026-10-02,13:51:55,Central Time (US & Canada),Espresso Drinks,Latte,1.0,Regular,,"Regular, To go, Iced",$4.75,$0.00,$4.75,$0.00,iPad,Payment,Cor Coffee,,ea,1,Physical Good,Cor Coffee
2026-10-02,13:35:03,Central Time (US & Canada),Espresso Drinks,Latte,1.0,Regular,,"Regular, To go, Iced",$4.75,$0.00,$4.75,$0.00,iPad,Payment,Cor Coffee,,ea,1,Physical Good,Cor Coffee
2026-10-02,13:28:52,Central Time (US & Canada),Espresso Drinks,Latte,1.0,Regular,,"Regular, To go, Iced, Oat",$5.55,$0.00,$5.55,$0.00,iPad,Payment,Cor Coffee,,ea,1,Physical Good,Cor Coffee
2026-10-02,13:28:10,Central Time (US & Canada),Espresso Drinks,Latte,1.0,Regular,,Regular,$4.75,$0.00,$4.75,$0.00,iPad,Payment,Cor Coffee,,ea,1,Physical Good,Cor Coffee
2026-10-02,13:27:07,Central Time (US & Canada),Espresso Drinks,Latte,1.0,Regular,,Regular,$4.75,-$4.75,$0.00,$0.00,iPad,Payment,Cor Coffee,,ea,1,Physical Good,Cor Coffee
2026-10-02,13:19:58,Central Time (US & Canada),Teas,Matcha Latte,1.0,Regular,,"To go, Hot, Oat",$6.30,$0.00,$6.30,$0.00,iPad,Payment,Cor Coffee,,ea,1,Physical Good,Cor Coffee
2026-10-02,13:13:56,Central Time (US & Canada),Espresso Drinks,Latte,1.0,Regular,,"Regular, To go, Iced, Almond",$5.55,-$5.55,$0.00,$0.00,iPad,Payment,Cor Coffee,,ea,1,Physical Good,Cor Coffee
2026-10-02,13:11:27,Central Time (US & Canada),Espresso Drinks,Mocha,1.0,Regular,,Regular,$5.25,$0.00,$5.25,$0.00,iPad,Payment,Cor Coffee,,ea,1,Physical Good,Cor Coffee
2026-10-02,13:11:27,Central Time (US & Canada),Espresso Drinks,Latte,1.0,Regular,,Regular,$4.75,$0.00,$4.75,$0.00,iPad,Payment,Cor Coffee,,ea,1,Physical Good,Cor Coffee
2026-10-02,13:01:42,Central Time (US & Canada),Teas,Tea,1.0,Regular,,,$3.75,$0.00,$3.75,$0.00,iPad,Payment,Cor Coffee,,ea,1,Physical Good,Cor Coffee
2026-10-02,12:59:11,Central Time (US & Canada),Espresso Drinks,Latte,1.0,Regular,,"Regular, To go, Iced, Whole, Vanilla",$5.25,$0.00,$5.25,$0.00,iPad,Payment,Cor Coffee,,ea,1,Physical Good,Cor Coffee
2026-10-02,12:56:40,Central Time (US & Canada),Espresso Drinks,Latte,1.0,Regular,,"Regular, To go, Iced, Whole, Lavender",$5.25,$0.00,$5.25,$0.00,iPad,Payment,Cor Coffee,,ea,1,Physical Good,Cor Coffee
2026-10-02,12:55:41,Central Time (US & Canada),Espresso Drinks,Espresso,1.0,Regular,,Regular,$3.25,$0.00,$3.25,$0.00,iPad,Payment,Cor Coffee,,ea,1,Physical Good,Cor Coffee
2026-10-02,12:54:59,Central Time (US & Canada),Espresso Drinks,Latte,1.0,Regular,,"Regular, To go, Iced, Oat, Cinnamon Roll",$6.30,-$3.15,$3.15,$0.00,iPad,Payment,Cor Coffee,,ea,1,Physical Good,Cor Coffee
2026-10-02,12:53:21,Central Time (US & Canada),Espresso Drinks,Latte,1.0,Regular,,"Regular, To go, Iced, Oat, Lavender",$6.05,$0.00,$6.05,$0.00,iPad,Payment,Cor Coffee,,ea,1,Physical Good,Cor Coffee
2026-10-02,12:52:46,Central Time (US & Canada),Teas,Chai Latte,1.0,Regular,,"To go, Iced, Whole",$5.25,$0.00,$5.25,$0.00,iPad,Payment,Cor Coffee,,ea,1,Physical Good,Cor Coffee
2026-10-02,12:48:45,Central Time (US & Canada),Espresso Drinks,Latte,1.0,Regular,,"Decaf, To go, Iced, Oat, Vanilla",$6.05,-$6.05,$0.00,$0.00,iPad,Payment,Cor Coffee,,ea,1,Physical Good,Cor Coffee
2026-10-02,12:47:51,Central Time (US & Canada),Espresso Drinks,Latte,1.0,Regular,,"Regular, To go, Iced, Whole, Vanilla",$5.25,$0.00,$5.25,$0.00,iPad,Payment,Cor Coffee,,ea,1,Physical Good,Cor Coffee
2026-10-02,12:47:02,Central Time (US & Canada),Espresso Drinks,Latte,1.0,Regular,,"Regular, To go, Iced, Whole, Cinnamon Roll",$5.50,$0.00,$5.50,$0.00,iPad,Payment,Cor Coffee,,ea,1,Physical Good,Cor Coffee
2026-10-02,12:46:28,Central Time (US & Canada),Espresso Drinks,Latte,1.0,Regular,,"Regular, To go, Iced, Oat, Cinnamon Roll",$6.30,$0.00,$6.30,$0.00,iPad,Payment,Cor Coffee,,ea,1,Physical Good,Cor Coffee
2026-10-02,12:45:07,Central Time (US & Canada),Espresso Drinks,Flat White,1.0,Regular,,"Regular, Here, Whole, Add shot, Vanilla",$5.75,$0.00,$5.75,$0.00,iPad,Payment,Cor Coffee,,ea,1,Physical Good,Cor Coffee
2026-10-02,12:45:07,Central Time (US & Canada),Espresso Drinks,Flat White,1.0,Regular,,Regular,$4.25,$0.00,$4.25,$0.00,iPad,Payment,Cor Coffee,,ea,1,Physical Good,Cor Coffee
2026-10-02,12:45:07,Central Time (US & Canada),Food,LiaP Cookie,1.0,Regular,,,$2.00,$0.00,$2.00,$0.00,iPad,Payment,Cor Coffee,,ea,1,Physical Good,Cor Coffee
2026-10-02,12:41:13,Central Time (US & Canada),Espresso Drinks,Latte,1.0,Regular,,"Regular, To go, Iced, Add shot, Vanilla",$6.25,-$6.25,$0.00,$0.00,iPad,Payment,Cor Coffee,,ea,1,Physical Good,Cor Coffee
2026-10-02,12:06:05,Central Time (US & Canada),Teas,Chai Latte,1.0,Regular,,"To go, Iced",$5.25,-$2.62,$2.63,$0.00,iPad,Payment,Cor Coffee,,ea,1,Physical Good,Cor Coffee
2026-10-02,11:46:38,Central Time (US & Canada),Espresso Drinks,Cappuccino,1.0,Regular,,Regular,$4.50,$0.00,$4.50,$0.00,iPad,Payment,Cor Coffee,,ea,1,Physical Good,Cor Coffee
2026-10-02,11:44:09,Central Time (US & Canada),Espresso Drinks,Americano,1.0,Regular,,Regular,$3.75,$0.00,$3.75,$0.00,iPad,Payment,Cor Coffee,,ea,1,Physical Good,Cor Coffee
2026-10-02,11:38:37,Central Time (US & Canada),Espresso Drinks,Latte,1.0,Regular,,"Regular, To go, Iced, Whole, Vanilla",$5.25,$0.00,$5.25,$0.00,iPad,Payment,Cor Coffee,,ea,1,Physical Good,Cor Coffee
2026-10-02,11:36:46,Central Time (US & Canada),Espresso Drinks,Latte,1.0,Regular,,"Regular, Hot, Whole",$4.75,$0.00,$4.75,$0.00,iPad,Payment,Cor Coffee,,ea,1,Physical Good,Cor Coffee
2026-10-02,11:35:07,Central Time (US & Canada),Espresso Drinks,Latte,1.0,Regular,,"Regular, To go, Hot, Whole",$4.75,$0.00,$4.75,$0.00,iPad,Payment,Cor Coffee,,ea,1,Physical Good,Cor Coffee
2026-10-02,11:25:38,Central Time (US & Canada),Other Drinks,Hot Chocolate,1.0,Regular,,Whole,$4.00,$0.00,$4.00,$0.00,iPad,Payment,Cor Coffee,,ea,1,Physical Good,Cor Coffee
2026-10-02,11:20:48,Central Time (US & Canada),Teas,Matcha Latte,1.0,Regular,,"To go, Iced, Oat, Regular",$6.30,$0.00,$6.30,$0.00,iPad,Payment,Cor Coffee,,ea,1,Physical Good,Cor Coffee
2026-10-02,11:19:16,Central Time (US & Canada),Espresso Drinks,Latte,1.0,Regular,,"Regular, To go, Iced, Soy, Cinnamon Roll",$6.30,$0.00,$6.30,$0.00,iPad,Payment,Cor Coffee,,ea,1,Physical Good,Cor Coffee
2026-10-02,11:18:04,Central Time (US & Canada),Espresso Drinks,Latte,1.0,Regular,,"Regular, To go, Iced, Whole, Vanilla",$5.25,$0.00,$5.25,$0.00,iPad,Payment,Cor Coffee,,ea,1,Physical Good,Cor Coffee
2026-10-02,11:17:18,Central Time (US & Canada),Espresso Drinks,Latte,1.0,Regular,,"Regular, To go, Iced, Whole, Vanilla",$5.25,$0.00,$5.25,$0.00,iPad,Payment,Cor Coffee,,ea,1,Physical Good,Cor Coffee
2026-10-02,11:14:51,Central Time (US & Canada),Teas,Chai Latte,1.0,Regular,,"Here, Iced, Whole",$5.25,$0.00,$5.25,$0.00,iPad,Payment,Cor Coffee,,ea,1,Physical Good,Cor Coffee
2026-10-02,11:13:12,Central Time (US & Canada),Espresso Drinks,Latte,1.0,Regular,,"Regular, Here, Hot, Half&Half (breve), Vanilla",$6.00,$0.00,$6.00,$0.00,iPad,Payment,Cor Coffee,,ea,1,Physical Good,Cor Coffee
2026-10-02,11:09:32,Central Time (US & Canada),Espresso Drinks,Americano,1.0,Regular,,Regular,$3.75,$0.00,$3.75,$0.00,iPad,Payment,Cor Coffee,,ea,1,Physical Good,Cor Coffee
2026-10-02,11:09:32,Central Time (US & Canada),Espresso Drinks,Cortado,1.0,Regular,,Regular,$4.00,$0.00,$4.00,$0.00,iPad,Payment,Cor Coffee,,ea,1,Physical Good,Cor Coffee
2026-10-02,11:04:41,Central Time (US & Canada),Teas,Matcha Latte,1.0,Regular,,"Cinnamon Roll, To go, Iced, Whole",$6.25,$0.00,$6.25,$0.00,iPad,Payment,Cor Coffee,,ea,1,Physical Good,Cor Coffee
2026-10-02,10:58:34,Central Time (US & Canada),Coffee Drinks,Coffee,1.0,Regular,,,$3.00,$0.00,$3.00,$0.00,iPad,Payment,Cor Coffee,,ea,1,Physical Good,Cor Coffee
2026-10-02,10:56:54,Central Time (US & Canada),Espresso Drinks,Latte,1.0,Regular,,"Regular, To go, Iced, Whole",$4.75,$0.00,$4.75,$0.00,iPad,Payment,Cor Coffee,,ea,1,Physical Good,Cor Coffee
2026-10-02,10:56:16,Central Time (US & Canada),Espresso Drinks,Latte,1.0,Regular,,"Regular, To go, Iced",$4.75,$0.00,$4.75,$0.00,iPad,Payment,Cor Coffee,,ea,1,Physical Good,Cor Coffee
2026-10-02,10:55:31,Central Time (US & Canada),Espresso Drinks,Latte,1.0,Regular,,"Regular, Here, Hot, Whole, Cinnamon Roll",$5.50,$0.00,$5.50,$0.00,iPad,Payment,Cor Coffee,,ea,1,Physical Good,Cor Coffee
2026-10-02,10:54:28,Central Time (US & Canada),Teas,Matcha Latte,1.0,Regular,,"Cinnamon Roll, To go, Iced, Whole, Sweet",$6.25,$0.00,$6.25,$0.00,iPad,Payment,Cor Coffee,,ea,1,Physical Good,Cor Coffee
2026-10-02,10:53:27,Central Time (US & Canada),Coffee Drinks,Coffee,1.0,Regular,,,$3.00,$0.00,$3.00,$0.00,iPad,Payment,Cor Coffee,,ea,1,Physical Good,Cor Coffee
2026-10-02,10:52:26,Central Time (US & Canada),Espresso Drinks,Latte,1.0,Regular,,"Regular, To go, Hot, Whole, Cinnamon Roll",$5.50,$0.00,$5.50,$0.00,iPad,Payment,Cor Coffee,,ea,1,Physical Good,Cor Coffee
2026-10-02,10:51:43,Central Time (US & Canada),Espresso Drinks,Latte,1.0,Regular,,"Regular, To go, Hot, Whole, Cinnamon Roll",$5.50,$0.00,$5.50,$0.00,iPad,Payment,Cor Coffee,,ea,1,Physical Good,Cor Coffee
2026-10-02,10:47:30,Central Time (US & Canada),Espresso Drinks,Cortado,1.0,Regular,,"Regular, Here, Oat",$4.80,$0.00,$4.80,$0.00,iPad,Payment,Cor Coffee,,ea,1,Physical Good,Cor Coffee
2026-10-02,10:46:28,Central Time (US & Canada),Coffee Drinks,Coffee,1.0,Regular,,,$3.00,$0.00,$3.00,$0.00,iPad,Payment,Cor Coffee,,ea,1,Physical Good,Cor Coffee
2026-10-02,10:45:48,Central Time (US & Canada),Teas,Matcha Latte,1.0,Regular,,"Lavender, To go, Hot, Coconut, Regular",$6.80,$0.00,$6.80,$0.00,iPad,Payment,Cor Coffee,,ea,1,Physical Good,Cor Coffee
2026-10-02,10:44:31,Central Time (US & Canada),Espresso Drinks,Latte,1.0,Regular,,"Regular, To go, Almond, Cinnamon Roll",$6.30,$0.00,$6.30,$0.00,iPad,Payment,Cor Coffee,,ea,1,Physical Good,Cor Coffee
2026-10-02,10:37:56,Central Time (US & Canada),Espresso Drinks,Mocha,2.0,Regular,,"Regular, To go, Hot, Whole",$10.50,$0.00,$10.50,$0.00,iPad,Payment,Cor Coffee,,ea,2,Physical Good,Cor Coffee
2026-10-02,10:29:21,Central Time (US & Canada),Espresso Drinks,Flat White,1.0,Regular,,Regular,$4.25,$0.00,$4.25,$0.00,iPad,Payment,Cor Coffee,,ea,1,Physical Good,Cor Coffee
2026-10-02,10:29:21,Central Time (US & Canada),Espresso Drinks,Cappuccino,1.0,Regular,,Regular,$4.50,$0.00,$4.50,$0.00,iPad,Payment,Cor Coffee,,ea,1,Physical Good,Cor Coffee
2026-10-02,10:09:14,Central Time (US & Canada),Espresso Drinks,Latte,1.0,Regular,,"Regular, Here, Hot, Whole, Cinnamon Roll",$5.50,$0.00,$5.50,$0.00,iPad,Payment,Cor Coffee,,ea,1,Physical Good,Cor Coffee
2026-10-02,10:07:15,Central Time (US & Canada),Espresso Drinks,Cappuccino,1.0,Regular,,"Regular, To go, Oat",$5.30,-$5.30,$0.00,$0.00,iPad,Payment,Cor Coffee,,ea,1,Physical Good,Cor Coffee
2026-10-02,10:05:20,Central Time (US & Canada),Espresso Drinks,Latte,1.0,Regular,,"Decaf, To go, Iced, Oat",$5.55,-$5.55,$0.00,$0.00,iPad,Payment,Cor Coffee,,ea,1,Physical Good,Cor Coffee
2026-10-02,10:03:47,Central Time (US & Canada),Teas,Chai Latte,1.0,Regular,,"Hot, Whole",$5.25,$0.00,$5.25,$0.00,iPad,Payment,Cor Coffee,,ea,1,Physical Good,Cor Coffee
2026-10-02,10:03:01,Central Time (US & Canada),Coffee Drinks,Coffee,1.0,Regular,,To go,$3.00,$0.00,$3.00,$0.00,iPad,Payment,Cor Coffee,,ea,1,Physical Good,Cor Coffee
2026-10-02,10:01:52,Central Time (US & Canada),Teas,Matcha Latte,1.0,Regular,,"Cinnamon Roll, To go, Iced, Oat, Regular",$7.05,-$7.05,$0.00,$0.00,iPad,Payment,Cor Coffee,,ea,1,Physical Good,Cor Coffee
2026-10-02,09:56:44,Central Time (US & Canada),Espresso Drinks,Latte,1.0,Regular,,"Regular, To go, Hot, Whole",$4.75,$0.00,$4.75,$0.00,iPad,Payment,Cor Coffee,,ea,1,Physical Good,Cor Coffee
2026-10-02,09:55:52,Central Time (US & Canada),Teas,Matcha Latte,1.0,Regular,,"Cinnamon Roll, To go, Hot, Oat",$7.05,$0.00,$7.05,$0.00,iPad,Payment,Cor Coffee,,ea,1,Physical Good,Cor Coffee
2026-10-02,09:54:28,Central Time (US & Canada),Espresso Drinks,Latte,1.0,Regular,,"Regular, To go, Iced, Whole, Cinnamon Roll",$5.50,$0.00,$5.50,$0.00,iPad,Payment,Cor Coffee,,ea,1,Physical Good,Cor Coffee
2026-10-02,09:51:30,Central Time (US & Canada),Espresso Drinks,Latte,1.0,Regular,,"Regular, To go, Iced, Whole, Vanilla",$5.25,$0.00,$5.25,$0.00,iPad,Payment,Cor Coffee,,ea,1,Physical Good,Cor Coffee
2026-10-02,09:50:48,Central Time (US & Canada),Espresso Drinks,Latte,1.0,Regular,,"Regular, To go, Hot, Whole, Cinnamon Roll",$5.50,$0.00,$5.50,$0.00,iPad,Payment,Cor Coffee,,ea,1,Physical Good,Cor Coffee
2026-10-02,09:50:48,Central Time (US & Canada),Espresso Drinks,Latte,1.0,Regular,,"Regular, To go, Iced, Oat, Cinnamon Roll",$6.30,$0.00,$6.30,$0.00,iPad,Payment,Cor Coffee,,ea,1,Physical Good,Cor Coffee
2026-10-02,09:45:08,Central Time (US & Canada),Espresso Drinks,Latte,1.0,Regular,,"Regular, To go, Hot, Whole",$4.75,$0.00,$4.75,$0.00,iPad,Payment,Cor Coffee,,ea,1,Physical Good,Cor Coffee
2026-10-02,09:41:48,Central Time (US & Canada),Espresso Drinks,Latte,1.0,Regular,,"Regular, To go, Iced, Whole, Cinnamon Roll",$5.50,$0.00,$5.50,$0.00,iPad,Payment,Cor Coffee,,ea,1,Physical Good,Cor Coffee
2026-10-02,09:35:54,Central Time (US & Canada),Teas,Tea,1.0,Regular,,,$3.75,$0.00,$3.75,$0.00,iPad,Payment,Cor Coffee,,ea,1,Physical Good,Cor Coffee
2026-10-02,09:32:59,Central Time (US & Canada),Espresso Drinks,Mocha,1.0,Regular,,Regular,$5.25,-$5.25,$0.00,$0.00,iPad,Payment,Cor Coffee,,ea,1,Physical Good,Cor Coffee
2026-10-02,09:32:13,Central Time (US & Canada),Coffee Drinks,Cold Brew,1.0,Regular,,,$4.50,$0.00,$4.50,$0.00,iPad,Payment,Cor Coffee,,ea,1,Physical Good,Cor Coffee
2026-10-02,09:29:40,Central Time (US & Canada),Espresso Drinks,Mocha,2.0,Regular,,Regular,$10.50,$0.00,$10.50,$0.00,iPad,Payment,Cor Coffee,,ea,2,Physical Good,Cor Coffee
2026-10-02,09:28:44,Central Time (US & Canada),Espresso Drinks,Latte,1.0,Regular,,"Regular, To go, Iced, Whole",$4.75,$0.00,$4.75,$0.00,iPad,Payment,Cor Coffee,,ea,1,Physical Good,Cor Coffee
2026-10-02,09:26:54,Central Time (US & Canada),Teas,Chai Latte,1.0,Regular,,"To go, Iced, Whole, Lavender",$5.75,$0.00,$5.75,$0.00,iPad,Payment,Cor Coffee,,ea,1,Physical Good,Cor Coffee
2026-10-02,09:25:25,Central Time (US & Canada),Coffee Drinks,Coffee,1.0,Regular,,,$3.00,$0.00,$3.00,$0.00,iPad,Payment,Cor Coffee,,ea,1,Physical Good,Cor Coffee
2026-10-02,09:23:24,Central Time (US & Canada),Coffee Drinks,Coffee,1.0,Regular,,,$3.00,$0.00,$3.00,$0.00,iPad,Payment,Cor Coffee,,ea,1,Physical Good,Cor Coffee
2026-10-02,09:12:47,Central Time (US & Canada),Espresso Drinks,Latte,1.0,Regular,,"Regular, To go, Iced, Whole",$4.75,-$2.38,$2.37,$0.00,iPad,Payment,Cor Coffee,,ea,1,Physical Good,Cor Coffee
2026-10-02,09:07:55,Central Time (US & Canada),Teas,Chai Latte,1.0,Regular,,"To go, Iced, Oat",$6.05,$0.00,$6.05,$0.00,iPad,Payment,Cor Coffee,,ea,1,Physical Good,Cor Coffee
2026-10-02,09:06:19,Central Time (US & Canada),Espresso Drinks,Cappuccino,1.0,Regular,,"Regular, Oat",$5.30,$0.00,$5.30,$0.00,iPad,Payment,Cor Coffee,,ea,1,Physical Good,Cor Coffee
2026-10-02,09:03:27,Central Time (US & Canada),Teas,Chai Latte,1.0,Regular,,Iced,$5.25,$0.00,$5.25,$0.00,iPad,Payment,Cor Coffee,,ea,1,Physical Good,Cor Coffee
2026-10-02,09:00:47,Central Time (US & Canada),Coffee Drinks,Coffee,1.0,Regular,,To go,$3.00,$0.00,$3.00,$0.00,iPad,Payment,Cor Coffee,,ea,1,Physical Good,Cor Coffee
2026-10-01,15:42:48,Central Time (US & Canada),Teas,Chai Latte,1.0,Regular,,,$5.25,$0.00,$5.25,$0.00,iPad,Payment,Cor Coffee,,ea,1,Physical Good,Cor Coffee
2026-10-01,15:42:04,Central Time (US & Canada),Teas,Chai Latte,1.0,Regular,,,$5.25,$0.00,$5.25,$0.00,iPad,Payment,Cor Coffee,,ea,1,Physical Good,Cor Coffee
2026-10-01,15:42:04,Central Time (US & Canada),Food,Taos Bar,1.0,Regular,,Toasted Coconut (blue),$2.00,$0.00,$2.00,$0.00,iPad,Payment,Cor Coffee,,ea,1,Physical Good,Cor Coffee
2026-10-01,15:34:57,Central Time (US & Canada),Espresso Drinks,Latte,1.0,Regular,,"Regular, To go, Iced, Whole, Vanilla",$5.25,$0.00,$5.25,$0.00,iPad,Payment,Cor Coffee,,ea,1,Physical Good,Cor Coffee
2026-10-01,15:27:24,Central Time (US & Canada),Espresso Drinks,Latte,1.0,Regular,,"Regular, Cinnamon Roll",$5.50,-$2.75,$2.75,$0.00,iPad,Payment,Cor Coffee,,ea,1,Physical Good,Cor Coffee
2026-10-01,15:26:13,Central Time (US & Canada),Teas,Tea,1.0,Regular,,,$3.75,$0.00,$3.75,$0.00,iPad,Payment,Cor Coffee,,ea,1,Physical Good,Cor Coffee
2026-10-01,15:24:38,Central Time (US & Canada),Espresso Drinks,Latte,1.0,Regular,,"Regular, To go, Iced, Oat, Blueberry",$6.30,$0.00,$6.30,$0.00,iPad,Payment,Cor Coffee,,ea,1,Physical Good,Cor Coffee
2026-10-01,15:23:03,Central Time (US & Canada),Espresso Drinks,Mocha,1.0,Regular,,"Regular, To go, Hot, Soy",$6.05,$0.00,$6.05,$0.00,iPad,Payment,Cor Coffee,,ea,1,Physical Good,Cor Coffee
2026-10-01,15:20:55,Central Time (US & Canada),Espresso Drinks,Mocha,1.0,Regular,,"Regular, To go, Hot, Whole",$5.25,$0.00,$5.25,$0.00,iPad,Payment,Cor Coffee,,ea,1,Physical Good,Cor Coffee
2026-10-01,15:16:52,Central Time (US & Canada),Espresso Drinks,Mocha,1.0,Regular,,"Regular, Cinnamon Roll",$6.00,$0.00,$6.00,$0.00,iPad,Payment,Cor Coffee,,ea,1,Physical Good,Cor Coffee
2026-10-01,15:16:06,Central Time (US & Canada),Espresso Drinks,Latte,1.0,Regular,,"Regular, To go, Iced, Vanilla, Cinnamon Roll",$6.00,$0.00,$6.00,$0.00,iPad,Payment,Cor Coffee,,ea,1,Physical Good,Cor Coffee
2026-10-01,15:15:03,Central Time (US & Canada),Espresso Drinks,Latte,1.0,Regular,,"Regular, To go, Iced, Oat",$5.55,$0.00,$5.55,$0.00,iPad,Payment,Cor Coffee,,ea,1,Physical Good,Cor Coffee
2026-10-01,15:13:03,Central Time (US & Canada),Espresso Drinks,Cappuccino,1.0,Regular,,"Regular, To go, Whole, Cinnamon Roll",$5.25,$0.00,$5.25,$0.00,iPad,Payment,Cor Coffee,,ea,1,Physical Good,Cor Coffee
2026-10-01,15:08:56,Central Time (US & Canada),Espresso Drinks,Latte,1.0,Regular,,"Regular, To go, Iced, Cinnamon Roll",$5.50,$0.00,$5.50,$0.00,iPad,Payment,Cor Coffee,,ea,1,Physical Good,Cor Coffee
2026-10-01,15:07:44,Central Time (US & Canada),Espresso Drinks,Cappuccino,1.0,Regular,,Decaf,$4.50,$0.00,$4.50,$0.00,iPad,Payment,Cor Coffee,,ea,1,Physical Good,Cor Coffee
2026-10-01,15:06:42,Central Time (US & Canada),Espresso Drinks,Mocha,1.0,Regular,,"Regular, To go, Iced, Oat, Lavender",$6.55,$0.00,$6.55,$0.00,iPad,Payment,Cor Coffee,,ea,1,Physical Good,Cor Coffee
2026-10-01,15:00:28,Central Time (US & Canada),Espresso Drinks,Latte,1.0,Regular,,"Regular, To go, Iced, Whole, Cinnamon Roll",$5.50,$0.00,$5.50,$0.00,iPad,Payment,Cor Coffee,,ea,1,Physical Good,Cor Coffee
2026-10-01,14:41:07,Central Time (US & Canada),Espresso Drinks,Latte,1.0,Regular,,"Regular, To go, Iced, Coconut, Cinnamon Roll",$6.30,$0.00,$6.30,$0.00,iPad,Payment,Cor Coffee,,ea,1,Physical Good,Cor Coffee
2026-10-01,14:39:25,Central Time (US & Canada),Teas,Chai Latte,1.0,Regular,,"To go, Iced, Almond, Cinnamon Roll",$6.80,$0.00,$6.80,$0.00,iPad,Payment,Cor Coffee,,ea,1,Physical Good,Cor Coffee
2026-10-01,14:35:28,Central Time (US & Canada),Espresso Drinks,Cortado,1.0,Regular,,Regular,$4.00,$0.00,$4.00,$0.00,iPad,Payment,Cor Coffee,,ea,1,Physical Good,Cor Coffee
2026-10-01,14:35:28,Central Time (US & Canada),Espresso Drinks,Latte,1.0,Regular,,Regular,$4.75,$0.00,$4.75,$0.00,iPad,Payment,Cor Coffee,,ea,1,Physical Good,Cor Coffee
2026-10-01,14:35:28,Central Time (US & Canada),Teas,Tea,1.0,Regular,,,$3.75,$0.00,$3.75,$0.00,iPad,Payment,Cor Coffee,,ea,1,Physical Good,Cor Coffee
2026-10-01,14:20:00,Central Time (US & Canada),Espresso Drinks,Latte,1.0,Regular,,"Regular, To go, Iced, Oat, Cinnamon Roll",$6.30,$0.00,$6.30,$0.00,iPad,Payment,Cor Coffee,,ea,1,Physical Good,Cor Coffee
2026-10-01,14:18:40,Central Time (US & Canada),Espresso Drinks,Latte,1.0,Regular,,"Regular, To go, Iced, Oat, Vanilla",$6.05,$0.00,$6.05,$0.00,iPad,Payment,Cor Coffee,,ea,1,Physical Good,Cor Coffee
2026-10-01,14:18:40,Central Time (US & Canada),Food,Kind Bar,1.0,Regular,,,$1.50,$0.00,$1.50,$0.00,iPad,Payment,Cor Coffee,,ea,1,Physical Good,Cor Coffee
2026-10-01,14:17:11,Central Time (US & Canada),Espresso Drinks,Latte,1.0,Regular,,"Regular, To go, Iced, Oat, Vanilla",$6.05,$0.00,$6.05,$0.00,iPad,Payment,Cor Coffee,,ea,1,Physical Good,Cor Coffee
2026-10-01,14:14:27,Central Time (US & Canada),Espresso Drinks,Latte,1.0,Regular,,"Regular, To go, Iced, Almond, Cinnamon Roll",$6.30,$0.00,$6.30,$0.00,iPad,Payment,Cor Coffee,,ea,1,Physical Good,Cor Coffee
2026-10-01,14:13:02,Central Time (US & Canada),Espresso Drinks,Latte,1.0,Regular,,"Regular, To go, Hot, Cinnamon Roll",$5.50,$0.00,$5.50,$0.00,iPad,Payment,Cor Coffee,,ea,1,Physical Good,Cor Coffee
2026-10-01,14:11:02,Central Time (US & Canada),Espresso Drinks,Latte,1.0,Regular,,"Regular, To go, Hot, Oat, Add shot",$6.55,$0.00,$6.55,$0.00,iPad,Payment,Cor Coffee,,ea,1,Physical Good,Cor Coffee
2026-10-01,14:09:33,Central Time (US & Canada),Teas,Matcha Latte,1.0,Regular,,To go,$5.50,$0.00,$5.50,$0.00,iPad,Payment,Cor Coffee,,ea,1,Physical Good,Cor Coffee
2026-10-01,14:08:29,Central Time (US & Canada),Espresso Drinks,Latte,1.0,Regular,,"Regular, To go, Hot, Cinnamon Roll",$5.50,$0.00,$5.50,$0.00,iPad,Payment,Cor Coffee,,ea,1,Physical Good,Cor Coffee
2026-10-01,14:07:44,Central Time (US & Canada),Espresso Drinks,Latte,1.0,Regular,,"Decaf, Iced, Cinnamon Roll",$5.50,$0.00,$5.50,$0.00,iPad,Payment,Cor Coffee,,ea,1,Physical Good,Cor Coffee
2026-10-01,14:05:11,Central Time (US & Canada),Espresso Drinks,Flat White,1.0,Regular,,Regular,$4.25,$0.00,$4.25,$0.00,iPad,Payment,Cor Coffee,,ea,1,Physical Good,Cor Coffee
2026-10-01,14:02:22,Central Time (US & Canada),Teas,Chai Latte,1.0,Regular,,"To go, Iced, Whole",$5.25,$0.00,$5.25,$0.00,iPad,Payment,Cor Coffee,,ea,1,Physical Good,Cor Coffee
2026-10-01,14:01:22,Central Time (US & Canada),Espresso Drinks,Latte,1.0,Regular,,"Regular, To go, Iced, Whole, Vanilla",$5.25,$0.00,$5.25,$0.00,iPad,Payment,Cor Coffee,,ea,1,Physical Good,Cor Coffee
2026-10-01,14:01:22,Central Time (US & Canada),Teas,Matcha Latte,1.0,Regular,,"Cinnamon Roll, To go, Iced, Sweet",$6.25,$0.00,$6.25,$0.00,iPad,Payment,Cor Coffee,,ea,1,Physical Good,Cor Coffee
2026-10-01,13:59:52,Central Time (US & Canada),Teas,Matcha Latte,1.0,Regular,,"Vanilla, To go, Iced, Sweet",$6.00,$0.00,$6.00,$0.00,iPad,Payment,Cor Coffee,,ea,1,Physical Good,Cor Coffee
2026-10-01,13:58:29,Central Time (US & Canada),Espresso Drinks,Latte,1.0,Regular,,"Regular, To go, Iced, Whole",$4.75,$0.00,$4.75,$0.00,iPad,Payment,Cor Coffee,,ea,1,Physical Good,Cor Coffee
2026-10-01,13:55:28,Central Time (US & Canada),Espresso Drinks,Americano,1.0,Regular,,Regular,$3.75,$0.00,$3.75,$0.00,iPad,Payment,Cor Coffee,,ea,1,Physical Good,Cor Coffee
2026-10-01,13:54:10,Central Time (US & Canada),Teas,Chai Latte,1.0,Regular,,,$5.25,$0.00,$5.25,$0.00,iPad,Payment,Cor Coffee,,ea,1,Physical Good,Cor Coffee
2026-10-01,13:51:17,Central Time (US & Canada),Coffee Drinks,Cold Brew,1.0,Regular,,Cinnamon Roll,$5.25,$0.00,$5.25,$0.00,iPad,Payment,Cor Coffee,,ea,1,Physical Good,Cor Coffee
2026-10-01,13:49:58,Central Time (US & Canada),Teas,Matcha Latte,1.0,Regular,,"Cinnamon Roll, To go, Iced, Oat, Sweet",$7.05,$0.00,$7.05,$0.00,iPad,Payment,Cor Coffee,,ea,1,Physical Good,Cor Coffee
2026-10-01,13:48:44,Central Time (US & Canada),Teas,Matcha Latte,1.0,Regular,,"Vanilla, To go, Iced, Whole, Sweet",$6.00,$0.00,$6.00,$0.00,iPad,Payment,Cor Coffee,,ea,1,Physical Good,Cor Coffee
2026-10-01,13:46:55,Central Time (US & Canada),Food,Taos Bar,1.0,Regular,,Peanut butter (green),$2.00,$0.00,$2.00,$0.00,iPad,Payment,Cor Coffee,,ea,1,Physical Good,Cor Coffee
2026-10-01,13:45:14,Central Time (US & Canada),Espresso Drinks,Mocha,1.0,Regular,,Regular,$5.25,$0.00,$5.25,$0.00,iPad,Payment,Cor Coffee,,ea,1,Physical Good,Cor Coffee
2026-10-01,13:42:18,Central Time (US & Canada),Teas,Chai Latte,1.0,Regular,,"To go, Iced, Oat, Add shot, Lavender",$7.55,-$7.55,$0.00,$0.00,iPad,Payment,Cor Coffee,,ea,1,Physical Good,Cor Coffee
2026-10-01,13:40:57,Central Time (US & Canada),Espresso Drinks,Americano,1.0,Regular,,Regular,$3.75,$0.00,$3.75,$0.00,iPad,Payment,Cor Coffee,,ea,1,Physical Good,Cor Coffee
2026-10-01,13:40:57,Central Time (US & Canada),Other Drinks,Hot Chocolate,2.0,Regular,,,$8.00,$0.00,$8.00,$0.00,iPad,Payment,Cor Coffee,,ea,2,Physical Good,Cor Coffee
2026-10-01,13:29:05,Central Time (US & Canada),Food,Taos Bar,1.0,Regular,,Blueberry Lemon (yellow),$2.00,$0.00,$2.00,$0.00,iPad,Payment,Cor Coffee,,ea,1,Physical Good,Cor Coffee
2026-10-01,13:29:05,Central Time (US & Canada),Coffee Drinks,Cafe Au Lait,1.0,Regular,,,$3.25,$0.00,$3.25,$0.00,iPad,Payment,Cor Coffee,,ea,1,Physical Good,Cor Coffee
2026-10-01,13:25:56,Central Time (US & Canada),Teas,Matcha Latte,1.0,Regular,,"Vanilla, To go, Iced, Oat, Regular",$6.80,$0.00,$6.80,$0.00,iPad,Payment,Cor Coffee,,ea,1,Physical Good,Cor Coffee
2026-10-01,13:24:32,Central Time (US & Canada),Espresso Drinks,Latte,1.0,Regular,,"Regular, To go, Hot, Oat",$5.55,$0.00,$5.55,$0.00,iPad,Payment,Cor Coffee,,ea,1,Physical Good,Cor Coffee
2026-10-01,13:22:28,Central Time (US & Canada),Espresso Drinks,Latte,1.0,Regular,,Regular,$4.75,$0.00,$4.75,$0.00,iPad,Payment,Cor Coffee,,ea,1,Physical Good,Cor Coffee
2026-10-01,13:15:05,Central Time (US & Canada),Food,Taos Bar,1.0,Regular,,Peanut butter (green),$2.00,$0.00,$2.00,$0.00,iPad,Payment,Cor Coffee,,ea,1,Physical Good,Cor Coffee
2026-10-01,13:14:28,Central Time (US & Canada),Teas,Chai Latte,1.0,Regular,,,$5.25,$0.00,$5.25,$0.00,iPad,Payment,Cor Coffee,,ea,1,Physical Good,Cor Coffee
2026-10-01,13:07:42,Central Time (US & Canada),Espresso Drinks,Latte,1.0,Regular,,"Regular, To go, Iced, Whole, Lavender",$5.25,$0.00,$5.25,$0.00,iPad,Payment,Cor Coffee,,ea,1,Physical Good,Cor Coffee
2026-10-01,13:06:31,Central Time (US & Canada),Espresso Drinks,Latte,1.0,Regular,,Regular,$4.75,$0.00,$4.75,$0.00,iPad,Payment,Cor Coffee,,ea,1,Physical Good,Cor Coffee
2026-10-01,13:02:34,Central Time (US & Canada),Espresso Drinks,Latte,1.0,Regular,,Regular,$4.75,$0.00,$4.75,$0.00,iPad,Payment,Cor Coffee,,ea,1,Physical Good,Cor Coffee
2026-10-01,12:54:42,Central Time (US & Canada),Espresso Drinks,Latte,1.0,Regular,,Regular,$4.75,$0.00,$4.75,$0.00,iPad,Payment,Cor Coffee,,ea,1,Physical Good,Cor Coffee
2026-10-01,12:54:42,Central Time (US & Canada),Espresso Drinks,Americano,1.0,Regular,,Regular,$3.75,$0.00,$3.75,$0.00,iPad,Payment,Cor Coffee,,ea,1,Physical Good,Cor Coffee
2026-10-01,12:53:57,Central Time (US & Canada),Espresso Drinks,Latte,1.0,Regular,,"Regular, To go, Iced, Whole",$4.75,$0.00,$4.75,$0.00,iPad,Payment,Cor Coffee,,ea,1,Physical Good,Cor Coffee
2026-10-01,12:52:30,Central Time (US & Canada),Coffee Drinks,Coffee,1.0,Regular,,,$3.00,$0.00,$3.00,$0.00,iPad,Payment,Cor Coffee,,ea,1,Physical Good,Cor Coffee
2026-10-01,12:46:01,Central Time (US & Canada),Espresso Drinks,Americano,1.0,Regular,,Regular,$3.75,$0.00,$3.75,$0.00,iPad,Payment,Cor Coffee,,ea,1,Physical Good,Cor Coffee
2026-10-01,12:42:06,Central Time (US & Canada),Espresso Drinks,Latte,1.0,Regular,,"Decaf, Here, Hot, Whole",$4.75,$0.00,$4.75,$0.00,iPad,Payment,Cor Coffee,,ea,1,Physical Good,Cor Coffee
2026-10-01,12:41:11,Central Time (US & Canada),Espresso Drinks,Latte,1.0,Regular,,"Regular, Here, Iced",$4.75,$0.00,$4.75,$0.00,iPad,Payment,Cor Coffee,,ea,1,Physical Good,Cor Coffee
2026-10-01,12:33:46,Central Time (US & Canada),Espresso Drinks,Mocha,1.0,Regular,,Regular,$5.25,$0.00,$5.25,$0.00,iPad,Payment,Cor Coffee,,ea,1,Physical Good,Cor Coffee
2026-10-01,12:32:52,Central Time (US & Canada),Teas,Chai Latte,1.0,Regular,,"Iced, Whole, Lavender",$5.75,$0.00,$5.75,$0.00,iPad,Payment,Cor Coffee,,ea,1,Physical Good,Cor Coffee
2026-10-01,12:32:05,Central Time (US & Canada),Teas,Chai Latte,1.0,Regular,,"To go, Iced, Whole, Vanilla",$5.75,$0.00,$5.75,$0.00,iPad,Payment,Cor Coffee,,ea,1,Physical Good,Cor Coffee
2026-10-01,12:30:06,Central Time (US & Canada),Espresso Drinks,Latte,1.0,Regular,,"Regular, To go, Iced, Whole, Cinnamon Roll",$5.50,$0.00,$5.50,$0.00,iPad,Payment,Cor Coffee,,ea,1,Physical Good,Cor Coffee
2026-10-01,12:29:04,Central Time (US & Canada),Espresso Drinks,Cappuccino,1.0,Regular,,Regular,$4.50,$0.00,$4.50,$0.00,iPad,Payment,Cor Coffee,,ea,1,Physical Good,Cor Coffee
2026-10-01,12:28:19,Central Time (US & Canada),Espresso Drinks,Latte,1.0,Regular,,"Regular, To go, Hot",$4.75,$0.00,$4.75,$0.00,iPad,Payment,Cor Coffee,,ea,1,Physical Good,Cor Coffee
2026-10-01,12:28:19,Central Time (US & Canada),Espresso Drinks,Latte,1.0,Regular,,Regular,$4.75,$0.00,$4.75,$0.00,iPad,Payment,Cor Coffee,,ea,1,Physical Good,Cor Coffee
2026-10-01,12:25:51,Central Time (US & Canada),Teas,Matcha Latte,1.0,Regular,,"Vanilla, To go, Iced, Oat, Regular",$6.80,-$3.40,$3.40,$0.00,iPad,Payment,Cor Coffee,,ea,1,Physical Good,Cor Coffee
2026-10-01,12:24:18,Central Time (US & Canada),Espresso Drinks,Latte,1.0,Regular,,"Regular, To go, Iced, Oat, Blueberry",$6.30,$0.00,$6.30,$0.00,iPad,Payment,Cor Coffee,,ea,1,Physical Good,Cor Coffee
2026-10-01,12:22:16,Central Time (US & Canada),Espresso Drinks,Latte,1.0,Regular,,"Regular, To go, Iced, Oat, Blueberry",$6.30,$0.00,$6.30,$0.00,iPad,Payment,Cor Coffee,,ea,1,Physical Good,Cor Coffee
2026-10-01,12:17:57,Central Time (US & Canada),Espresso Drinks,Latte,1.0,Regular,,"Regular, To go, Iced, Vanilla",$5.25,$0.00,$5.25,$0.00,iPad,Payment,Cor Coffee,,ea,1,Physical Good,Cor Coffee
2026-10-01,12:13:23,Central Time (US & Canada),Teas,Chai Latte,1.0,Regular,,"Whole, Cinnamon Roll",$6.00,$0.00,$6.00,$0.00,iPad,Payment,Cor Coffee,,ea,1,Physical Good,Cor Coffee
2026-10-01,12:10:45,Central Time (US & Canada),Espresso Drinks,Latte,1.0,Regular,,"Regular, To go, Iced",$4.75,$0.00,$4.75,$0.00,iPad,Payment,Cor Coffee,,ea,1,Physical Good,Cor Coffee
2026-10-01,12:08:40,Central Time (US & Canada),Teas,Matcha Latte,1.0,Regular,,"Lavender, Here, Iced",$6.00,$0.00,$6.00,$0.00,iPad,Payment,Cor Coffee,,ea,1,Physical Good,Cor Coffee
2026-10-01,12:06:02,Central Time (US & Canada),Espresso Drinks,Latte,1.0,Regular,,"Regular, To go, Iced, Oat, Vanilla",$6.05,$0.00,$6.05,$0.00,iPad,Payment,Cor Coffee,,ea,1,Physical Good,Cor Coffee
2026-10-01,12:04:33,Central Time (US & Canada),Espresso Drinks,Latte,1.0,Regular,,"Regular, Hot, Oat, Vanilla",$6.05,$0.00,$6.05,$0.00,iPad,Payment,Cor Coffee,,ea,1,Physical Good,Cor Coffee
2026-10-01,12:04:33,Central Time (US & Canada),Food,Taos Bar,1.0,Regular,,Toasted Coconut (blue),$2.00,$0.00,$2.00,$0.00,iPad,Payment,Cor Coffee,,ea,1,Physical Good,Cor Coffee
2026-10-01,12:03:07,Central Time (US & Canada),Teas,Matcha Latte,1.0,Regular,,"Blueberry, To go, Iced, Oat",$7.05,$0.00,$7.05,$0.00,iPad,Payment,Cor Coffee,,ea,1,Physical Good,Cor Coffee
2026-10-01,12:03:07,Central Time (US & Canada),Teas,Matcha Latte,1.0,Regular,,"Blueberry, To go",$6.25,$0.00,$6.25,$0.00,iPad,Payment,Cor Coffee,,ea,1,Physical Good,Cor Coffee
2026-10-01,11:50:11,Central Time (US & Canada),Espresso Drinks,Latte,1.0,Regular,,Regular,$4.75,$0.00,$4.75,$0.00,iPad,Payment,Cor Coffee,,ea,1,Physical Good,Cor Coffee
2026-10-01,11:45:55,Central Time (US & Canada),Espresso Drinks,Latte,1.0,Regular,,"Regular, Iced",$4.75,$0.00,$4.75,$0.00,iPad,Payment,Cor Coffee,,ea,1,Physical Good,Cor Coffee
2026-10-01,11:36:11,Central Time (US & Canada),Espresso Drinks,Latte,1.0,Regular,,"Regular, To go, Hot, Whole",$4.75,$0.00,$4.75,$0.00,iPad,Payment,Cor Coffee,,ea,1,Physical Good,Cor Coffee
2026-10-01,11:33:09,Central Time (US & Canada),Espresso Drinks,Cappuccino,1.0,Regular,,"Regular, To go, Whole, Cinnamon Roll",$5.25,$0.00,$5.25,$0.00,iPad,Payment,Cor Coffee,,ea,1,Physical Good,Cor Coffee
2026-10-01,11:31:09,Central Time (US & Canada),Espresso Drinks,Latte,1.0,Regular,,Regular,$4.75,$0.00,$4.75,$0.00,iPad,Payment,Cor Coffee,,ea,1,Physical Good,Cor Coffee
2026-10-01,11:30:22,Central Time (US & Canada),Espresso Drinks,Latte,1.0,Regular,,"Regular, To go, Iced, Whole",$4.75,$0.00,$4.75,$0.00,iPad,Payment,Cor Coffee,,ea,1,Physical Good,Cor Coffee
2026-10-01,11:26:29,Central Time (US & Canada),Espresso Drinks,Latte,1.0,Regular,,"Regular, Here, Iced, Whole, Cinnamon Roll",$5.50,$0.00,$5.50,$0.00,iPad,Payment,Cor Coffee,,ea,1,Physical Good,Cor Coffee
2026-10-01,11:14:37,Central Time (US & Canada),Espresso Drinks,Cappuccino,1.0,Regular,,"Regular, To go, Whole",$4.50,$0.00,$4.50,$0.00,iPad,Payment,Cor Coffee,,ea,1,Physical Good,Cor Coffee
2026-10-01,11:13:52,Central Time (US & Canada),Espresso Drinks,Flat White,1.0,Regular,,"Regular, Here, Whole",$4.25,$0.00,$4.25,$0.00,iPad,Payment,Cor Coffee,,ea,1,Physical Good,Cor Coffee
2026-10-01,11:13:52,Central Time (US & Canada),Teas,Matcha Latte,1.0,Regular,,"Vanilla, To go, Iced, Whole, Regular",$6.00,$0.00,$6.00,$0.00,iPad,Payment,Cor Coffee,,ea,1,Physical Good,Cor Coffee
2026-10-01,11:08:54,Central Time (US & Canada),Espresso Drinks,Latte,1.0,Regular,,"Regular, To go, Iced, Whole, Cinnamon Roll",$5.50,$0.00,$5.50,$0.00,iPad,Payment,Cor Coffee,,ea,1,Physical Good,Cor Coffee
2026-10-01,11:08:54,Central Time (US & Canada),Teas,Chai Latte,1.0,Regular,,"To go, Iced, Whole, Lavender",$5.75,$0.00,$5.75,$0.00,iPad,Payment,Cor Coffee,,ea,1,Physical Good,Cor Coffee
2026-10-01,11:04:48,Central Time (US & Canada),Teas,Tea,1.0,Regular,,Hot,$3.75,$0.00,$3.75,$0.00,iPad,Payment,Cor Coffee,,ea,1,Physical Good,Cor Coffee
2026-10-01,11:04:48,Central Time (US & Canada),Teas,London Fog,1.0,Regular,,,$4.75,$0.00,$4.75,$0.00,iPad,Payment,Cor Coffee,,ea,1,Physical Good,Cor Coffee
2026-10-01,11:03:22,Central Time (US & Canada),Espresso Drinks,Latte,1.0,Regular,,"Regular, To go, Hot, Whole",$4.75,$0.00,$4.75,$0.00,iPad,Payment,Cor Coffee,,ea,1,Physical Good,Cor Coffee
2026-10-01,11:03:22,Central Time (US & Canada),Food,Taos Bar,1.0,Regular,,Caramel (orange),$2.00,$0.00,$2.00,$0.00,iPad,Payment,Cor Coffee,,ea,1,Physical Good,Cor Coffee
2026-10-01,11:03:22,Central Time (US & Canada),Espresso Drinks,Americano,1.0,Regular,,"Regular, To go, Hot",$3.75,$0.00,$3.75,$0.00,iPad,Payment,Cor Coffee,,ea,1,Physical Good,Cor Coffee
2026-10-01,11:03:22,Central Time (US & Canada),Teas,London Fog,1.0,Regular,,Oat,$5.55,$0.00,$5.55,$0.00,iPad,Payment,Cor Coffee,,ea,1,Physical Good,Cor Coffee
2026-10-01,11:01:01,Central Time (US & Canada),Espresso Drinks,Latte,1.0,Regular,,"Regular, To go, Hot, Oat, Cinnamon Roll",$6.30,-$6.30,$0.00,$0.00,iPad,Payment,Cor Coffee,,ea,1,Physical Good,Cor Coffee
2026-10-01,10:59:16,Central Time (US & Canada),Espresso Drinks,Latte,1.0,Regular,,"Regular, To go, Iced, Whole, Cinnamon Roll, Cold Foam",$6.25,$0.00,$6.25,$0.00,iPad,Payment,Cor Coffee,,ea,1,Physical Good,Cor Coffee
2026-10-01,10:58:46,Central Time (US & Canada),Espresso Drinks,Latte,1.0,Regular,,"Regular, To go, Iced, Oat, Cinnamon Roll",$6.30,$0.00,$6.30,$0.00,iPad,Payment,Cor Coffee,,ea,1,Physical Good,Cor Coffee
2026-10-01,10:58:09,Central Time (US & Canada),Espresso Drinks,Cappuccino,1.0,Regular,,"Regular, Oat",$5.30,$0.00,$5.30,$0.00,iPad,Payment,Cor Coffee,,ea,1,Physical Good,Cor Coffee
2026-10-01,10:56:44,Central Time (US & Canada),Espresso Drinks,Latte,1.0,Regular,,"Regular, To go, Iced, Oat, Cinnamon Roll",$6.30,$0.00,$6.30,$0.00,iPad,Payment,Cor Coffee,,ea,1,Physical Good,Cor Coffee
2026-10-01,10:55:35,Central Time (US & Canada),Coffee Drinks,Cold Brew,1.0,Regular,,"To go, Add shot, Vanilla, Cold Foam",$6.75,$0.00,$6.75,$0.00,iPad,Payment,Cor Coffee,,ea,1,Physical Good,Cor Coffee
2026-10-01,10:53:36,Central Time (US & Canada),Espresso Drinks,Latte,1.0,Regular,,"Regular, To go, Hot, Oat",$5.55,-$5.55,$0.00,$0.00,iPad,Payment,Cor Coffee,,ea,1,Physical Good,Cor Coffee
2026-10-01,10:52:31,Central Time (US & Canada),Coffee Drinks,Cold Brew,1.0,Regular,,"To go, Whole",$4.50,-$2.25,$2.25,$0.00,iPad,Payment,Cor Coffee,,ea,1,Physical Good,Cor Coffee
2026-10-01,10:52:31,Central Time (US & Canada),Espresso Drinks,Latte,1.0,Regular,,"Regular, To go, Iced, Oat, Vanilla",$6.05,-$3.03,$3.02,$0.00,iPad,Payment,Cor Coffee,,ea,1,Physical Good,Cor Coffee
2026-10-01,10:50:27,Central Time (US & Canada),Teas,Chai Latte,2.0,Regular,,"To go, Iced, Whole",$10.50,$0.00,$10.50,$0.00,iPad,Payment,Cor Coffee,,ea,2,Physical Good,Cor Coffee
2026-10-01,10:49:33,Central Time (US & Canada),Coffee Drinks,Cold Brew,1.0,Regular,,To go,$4.50,$0.00,$4.50,$0.00,iPad,Payment,Cor Coffee,,ea,1,Physical Good,Cor Coffee
2026-10-01,10:45:17,Central Time (US & Canada),Teas,London Fog,1.0,Regular,,"To go, Soy",$5.55,$0.00,$5.55,$0.00,iPad,Payment,Cor Coffee,,ea,1,Physical Good,Cor Coffee
2026-10-01,10:44:37,Central Time (US & Canada),Espresso Drinks,Latte,1.0,Regular,,"Regular, Here, Iced, Oat, Vanilla",$6.05,$0.00,$6.05,$0.00,iPad,Payment,Cor Coffee,,ea,1,Physical Good,Cor Coffee
2026-10-01,10:43:37,Central Time (US & Canada),Espresso Drinks,Latte,1.0,Regular,,"Regular, To go, Hot, Whole, Add shot, Cinnamon Roll",$6.50,$0.00,$6.50,$0.00,iPad,Payment,Cor Coffee,,ea,1,Physical Good,Cor Coffee
2026-10-01,10:40:29,Central Time (US & Canada),Espresso Drinks,Cappuccino,1.0,Regular,,Regular,$4.50,$0.00,$4.50,$0.00,iPad,Payment,Cor Coffee,,ea,1,Physical Good,Cor Coffee
2026-10-01,10:34:42,Central Time (US & Canada),Espresso Drinks,Latte,1.0,Regular,,"Regular, To go, Iced, Almond, Blueberry",$6.30,$0.00,$6.30,$0.00,iPad,Payment,Cor Coffee,,ea,1,Physical Good,Cor Coffee
2026-10-01,10:32:05,Central Time (US & Canada),Espresso Drinks,Latte,1.0,Regular,,"Regular, To go, Iced, Whole, Vanilla",$5.25,$0.00,$5.25,$0.00,iPad,Payment,Cor Coffee,,ea,1,Physical Good,Cor Coffee
2026-10-01,10:23:25,Central Time (US & Canada),Teas,Chai Latte,1.0,Regular,,"Iced, Oat, Cold Foam",$6.80,$0.00,$6.80,$0.00,iPad,Payment,Cor Coffee,,ea,1,Physical Good,Cor Coffee
2026-10-01,10:16:26,Central Time (US & Canada),Espresso Drinks,Latte,2.0,Regular,,"Regular, To go, Iced, Almond, Cinnamon Roll, Cold Foam",$14.10,$0.00,$14.10,$0.00,iPad,Payment,Cor Coffee,,ea,2,Physical Good,Cor Coffee
2026-10-01,09:59:06,Central Time (US & Canada),Espresso Drinks,Latte,1.0,Regular,,"Regular, To go, Iced, Whole, Vanilla, Cold Foam",$6.00,$0.00,$6.00,$0.00,iPad,Payment,Cor Coffee,,ea,1,Physical Good,Cor Coffee
2026-10-01,09:57:17,Central Time (US & Canada),Teas,Matcha Latte,1.0,Regular,,"To go, Hot, Whole, Regular",$5.50,$0.00,$5.50,$0.00,iPad,Payment,Cor Coffee,,ea,1,Physical Good,Cor Coffee
2026-10-01,09:50:08,Central Time (US & Canada),Espresso Drinks,Latte,1.0,Regular,,"Regular, To go, Iced, Oat, Lavender, Cold Foam",$6.80,$0.00,$6.80,$0.00,iPad,Payment,Cor Coffee,,ea,1,Physical Good,Cor Coffee
2026-10-01,09:49:16,Central Time (US & Canada),Teas,Tea,1.0,Regular,,,$3.75,$0.00,$3.75,$0.00,iPad,Payment,Cor Coffee,,ea,1,Physical Good,Cor Coffee
2026-10-01,09:47:33,Central Time (US & Canada),Espresso Drinks,Americano,1.0,Regular,,Regular,$3.75,$0.00,$3.75,$0.00,iPad,Payment,Cor Coffee,,ea,1,Physical Good,Cor Coffee
2026-10-01,09:44:02,Central Time (US & Canada),Espresso Drinks,Latte,1.0,Regular,,"Regular, To go, Hot, Whole",$4.75,$0.00,$4.75,$0.00,iPad,Payment,Cor Coffee,,ea,1,Physical Good,Cor Coffee
2026-10-01,09:41:55,Central Time (US & Canada),Espresso Drinks,Espresso,1.0,Regular,,Regular,$3.25,$0.00,$3.25,$0.00,iPad,Payment,Cor Coffee,,ea,1,Physical Good,Cor Coffee
2026-10-01,09:40:28,Central Time (US & Canada),Espresso Drinks,Latte,1.0,Regular,,"Regular, Here, Iced, Oat, Vanilla",$6.05,$0.00,$6.05,$0.00,iPad,Payment,Cor Coffee,,ea,1,Physical Good,Cor Coffee
2026-10-01,09:34:35,Central Time (US & Canada),Espresso Drinks,Cortado,1.0,Regular,,"Regular, To go, Oat",$4.80,$0.00,$4.80,$0.00,iPad,Payment,Cor Coffee,,ea,1,Physical Good,Cor Coffee
2026-10-01,09:33:09,Central Time (US & Canada),Teas,Tea,1.0,Regular,,To go,$3.75,$0.00,$3.75,$0.00,iPad,Payment,Cor Coffee,,ea,1,Physical Good,Cor Coffee
2026-10-01,09:31:45,Central Time (US & Canada),Espresso Drinks,Latte,1.0,Regular,,"Regular, To go, Oat, Vanilla, Cold Foam",$6.80,-$6.80,$0.00,$0.00,iPad,Payment,Cor Coffee,,ea,1,Physical Good,Cor Coffee
2026-10-01,09:28:17,Central Time (US & Canada),Espresso Drinks,Latte,1.0,Regular,,"Regular, Here, Iced, Whole, Vanilla",$5.25,$0.00,$5.25,$0.00,iPad,Payment,Cor Coffee,,ea,1,Physical Good,Cor Coffee
2026-10-01,09:26:30,Central Time (US & Canada),Espresso Drinks,Americano,1.0,Regular,,Regular,$3.75,$0.00,$3.75,$0.00,iPad,Payment,Cor Coffee,,ea,1,Physical Good,Cor Coffee
2026-10-01,09:25:19,Central Time (US & Canada),Espresso Drinks,Flat White,1.0,Regular,,"Regular, Here, Vanilla",$4.75,$0.00,$4.75,$0.00,iPad,Payment,Cor Coffee,,ea,1,Physical Good,Cor Coffee
2026-10-01,09:23:59,Central Time (US & Canada),Espresso Drinks,Latte,1.0,Regular,,"Regular, To go, Iced, Almond, Add shot, Blueberry",$7.30,$0.00,$7.30,$0.00,iPad,Payment,Cor Coffee,,ea,1,Physical Good,Cor Coffee
2026-10-01,09:21:19,Central Time (US & Canada),Espresso Drinks,Latte,1.0,Regular,,"Regular, To go, Iced, Whole, Vanilla",$5.25,$0.00,$5.25,$0.00,iPad,Payment,Cor Coffee,,ea,1,Physical Good,Cor Coffee
2026-10-01,09:20:05,Central Time (US & Canada),Teas,Matcha Latte,1.0,Regular,,"Lavender, To go, Iced, Whole",$6.00,$0.00,$6.00,$0.00,iPad,Payment,Cor Coffee,,ea,1,Physical Good,Cor Coffee
2026-10-01,09:20:05,Central Time (US & Canada),Teas,Matcha Latte,1.0,Regular,,"Cinnamon Roll, To go, Iced, Whole",$6.25,$0.00,$6.25,$0.00,iPad,Payment,Cor Coffee,,ea,1,Physical Good,Cor Coffee
2026-10-01,09:19:15,Central Time (US & Canada),Teas,Matcha Latte,1.0,Regular,,"Lavender, To go, Hot, Whole",$6.00,$0.00,$6.00,$0.00,iPad,Payment,Cor Coffee,,ea,1,Physical Good,Cor Coffee
2026-10-01,09:18:40,Central Time (US & Canada),Espresso Drinks,Latte,1.0,Regular,,"Regular, To go, Iced, Whole, Vanilla",$5.25,-$5.25,$0.00,$0.00,iPad,Payment,Cor Coffee,,ea,1,Physical Good,Cor Coffee
2026-10-01,09:17:22,Central Time (US & Canada),Espresso Drinks,Latte,1.0,Regular,,"Regular, To go, Iced, Almond, Vanilla",$6.05,$0.00,$6.05,$0.00,iPad,Payment,Cor Coffee,,ea,1,Physical Good,Cor Coffee
2026-10-01,09:12:40,Central Time (US & Canada),Espresso Drinks,Americano,1.0,Regular,,"Half-Caf, Hot",$3.75,$0.00,$3.75,$0.00,iPad,Payment,Cor Coffee,,ea,1,Physical Good,Cor Coffee
2026-10-01,09:05:43,Central Time (US & Canada),Teas,Matcha Latte,1.0,Regular,,"Lavender, To go, Iced, Whole, Regular",$6.00,$0.00,$6.00,$0.00,iPad,Payment,Cor Coffee,,ea,1,Physical Good,Cor Coffee
2026-10-01,09:03:18,Central Time (US & Canada),Coffee Drinks,Coffee,1.0,Regular,,,$3.00,$0.00,$3.00,$0.00,iPad,Payment,Cor Coffee,,ea,1,Physical Good,Cor Coffee
2026-10-01,09:02:32,Central Time (US & Canada),Teas,Chai Latte,1.0,Regular,,"Iced, Whole, Lavender",$5.75,-$5.75,$0.00,$0.00,iPad,Payment,Cor Coffee,,ea,1,Physical Good,Cor Coffee
2026-10-01,09:01:39,Central Time (US & Canada),Teas,Chai Latte,1.0,Regular,,"To go, Iced, Oat, Vanilla",$6.55,$0.00,$6.55,$0.00,iPad,Payment,Cor Coffee,,ea,1,Physical Good,Cor Coffee
2026-10-01,09:01:08,Central Time (US & Canada),Espresso Drinks,Latte,1.0,Regular,,"Regular, To go, Iced, Whole, Cinnamon Roll",$5.50,$0.00,$5.50,$0.00,iPad,Payment,Cor Coffee,,ea,1,Physical Good,Cor Coffee
2026-09-30,15:54:16,Central Time (US & Canada),Espresso Drinks,Latte,1.0,Regular,,"Regular, To go, Iced, Whole, Cold Foam",$5.50,$0.00,$5.50,$0.00,iPad,Payment,Cor Coffee,,ea,1,Physical Good,Cor Coffee
2026-09-30,15:49:57,Central Time (US & Canada),Teas,Chai Latte,1.0,Regular,,"To go, Iced, Oat",$6.05,$0.00,$6.05,$0.00,iPad,Payment,Cor Coffee,,ea,1,Physical Good,Cor Coffee
2026-09-30,15:48:36,Central Time (US & Canada),Teas,Chai Latte,1.0,Regular,,"To go, Iced, Almond",$6.05,$0.00,$6.05,$0.00,iPad,Payment,Cor Coffee,,ea,1,Physical Good,Cor Coffee
2026-09-30,15:47:50,Central Time (US & Canada),Espresso Drinks,Latte,1.0,Regular,,"Regular, To go, Hot, Whole",$4.75,$0.00,$4.75,$0.00,iPad,Payment,Cor Coffee,,ea,1,Physical Good,Cor Coffee
2026-09-30,15:47:50,Central Time (US & Canada),Teas,Tea,1.0,Regular,,Hot,$3.75,$0.00,$3.75,$0.00,iPad,Payment,Cor Coffee,,ea,1,Physical Good,Cor Coffee
2026-09-30,15:46:18,Central Time (US & Canada),Other Drinks,Hot Chocolate,1.0,Regular,,Whole,$4.00,$0.00,$4.00,$0.00,iPad,Payment,Cor Coffee,,ea,1,Physical Good,Cor Coffee
2026-09-30,15:44:22,Central Time (US & Canada),Teas,Chai Latte,1.0,Regular,,"To go, Iced, Whole",$5.25,-$3.02,$2.23,$0.00,iPad,Payment,Cor Coffee,,ea,1,Physical Good,Cor Coffee
2026-09-30,15:44:22,Central Time (US & Canada),Teas,Chai Latte,1.0,Regular,,"To go, Iced, Oat",$6.05,-$3.48,$2.57,$0.00,iPad,Payment,Cor Coffee,,ea,1,Physical Good,Cor Coffee
2026-09-30,15:42:17,Central Time (US & Canada),Espresso Drinks,Cappuccino,1.0,Regular,,"Regular, To go, Whole",$4.50,$0.00,$4.50,$0.00,iPad,Payment,Cor Coffee,,ea,1,Physical Good,Cor Coffee
2026-09-30,15:41:13,Central Time (US & Canada),Teas,Chai Latte,1.0,Regular,,"To go, Hot, Whole",$5.25,$0.00,$5.25,$0.00,iPad,Payment,Cor Coffee,,ea,1,Physical Good,Cor Coffee
2026-09-30,15:39:42,Central Time (US & Canada),Espresso Drinks,Americano,1.0,Regular,,"Regular, To go, Iced",$3.75,$0.00,$3.75,$0.00,iPad,Payment,Cor Coffee,,ea,1,Physical Good,Cor Coffee
2026-09-30,15:37:32,Central Time (US & Canada),Teas,Matcha Latte,1.0,Regular,,"Vanilla, To go, Iced, Oat, Regular",$6.80,$0.00,$6.80,$0.00,iPad,Payment,Cor Coffee,,ea,1,Physical Good,Cor Coffee
2026-09-30,15:11:55,Central Time (US & Canada),Teas,Chai Latte,1.0,Regular,,Whole,$5.25,$0.00,$5.25,$0.00,iPad,Payment,Cor Coffee,,ea,1,Physical Good,Cor Coffee
2026-09-30,15:10:16,Central Time (US & Canada),Espresso Drinks,Cappuccino,2.0,Regular,,"Regular, To go, Whole",$9.00,$0.00,$9.00,$0.00,iPad,Payment,Cor Coffee,,ea,2,Physical Good,Cor Coffee
2026-09-30,15:10:16,Central Time (US & Canada),Espresso Drinks,Espresso,1.0,Regular,,"Regular, To go",$3.25,$0.00,$3.25,$0.00,iPad,Payment,Cor Coffee,,ea,1,Physical Good,Cor Coffee
2026-09-30,15:08:47,Central Time (US & Canada),Espresso Drinks,Latte,1.0,Regular,,"Regular, To go, Iced, Whole, Vanilla",$5.25,$0.00,$5.25,$0.00,iPad,Payment,Cor Coffee,,ea,1,Physical Good,Cor Coffee
2026-09-30,15:08:07,Central Time (US & Canada),Espresso Drinks,Latte,1.0,Regular,,"Regular, To go, Iced, Whole, Cinnamon Roll",$5.50,$0.00,$5.50,$0.00,iPad,Payment,Cor Coffee,,ea,1,Physical Good,Cor Coffee
2026-09-30,15:08:07,Central Time (US & Canada),Teas,Chai Latte,1.0,Regular,,"To go, Iced, Whole, Blueberry, Cold Foam",$6.75,$0.00,$6.75,$0.00,iPad,Payment,Cor Coffee,,ea,1,Physical Good,Cor Coffee
2026-09-30,15:05:05,Central Time (US & Canada),Espresso Drinks,Cappuccino,1.0,Regular,,"Regular, Here, Oat",$5.30,$0.00,$5.30,$0.00,iPad,Payment,Cor Coffee,,ea,1,Physical Good,Cor Coffee
2026-09-30,15:05:05,Central Time (US & Canada),Food,Taos Bar,1.0,Regular,,,$2.00,$0.00,$2.00,$0.00,iPad,Payment,Cor Coffee,,ea,1,Physical Good,Cor Coffee
2026-09-30,15:04:03,Central Time (US & Canada),Coffee Drinks,Cold Brew,1.0,Regular,,To go,$4.50,$0.00,$4.50,$0.00,iPad,Payment,Cor Coffee,,ea,1,Physical Good,Cor Coffee
2026-09-30,15:03:09,Central Time (US & Canada),Espresso Drinks,Latte,1.0,Regular,,"Regular, To go, Iced, Oat, Cinnamon Roll",$6.30,$0.00,$6.30,$0.00,iPad,Payment,Cor Coffee,,ea,1,Physical Good,Cor Coffee
2026-09-30,15:03:09,Central Time (US & Canada),Espresso Drinks,Americano,2.0,Regular,,"Regular, To go, Hot",$7.50,$0.00,$7.50,$0.00,iPad,Payment,Cor Coffee,,ea,2,Physical Good,Cor Coffee
2026-09-30,15:01:35,Central Time (US & Canada),Espresso Drinks,Cortado,1.0,Regular,,"Regular, Here, Oat",$4.80,$0.00,$4.80,$0.00,iPad,Payment,Cor Coffee,,ea,1,Physical Good,Cor Coffee
2026-09-30,14:57:40,Central Time (US & Canada),Espresso Drinks,Mocha,1.0,Regular,,"Regular, To go, Iced, Whole",$5.25,$0.00,$5.25,$0.00,iPad,Payment,Cor Coffee,,ea,1,Physical Good,Cor Coffee
2026-09-30,14:56:59,Central Time (US & Canada),Teas,Chai Latte,1.0,Regular,,"Here, Iced, Whole",$5.25,$0.00,$5.25,$0.00,iPad,Payment,Cor Coffee,,ea,1,Physical Good,Cor Coffee
2026-09-30,14:56:20,Central Time (US & Canada),Espresso Drinks,Latte,1.0,Regular,,"Regular, To go, Hot, Whole, Vanilla",$5.25,$0.00,$5.25,$0.00,iPad,Payment,Cor Coffee,,ea,1,Physical Good,Cor Coffee
2026-09-30,14:55:49,Central Time (US & Canada),Food,Taos Bar,1.0,Regular,,Peanut butter (green),$2.00,$0.00,$2.00,$0.00,iPad,Payment,Cor Coffee,,ea,1,Physical Good,Cor Coffee
2026-09-30,14:55:49,Central Time (US & Canada),Espresso Drinks,Latte,1.0,Regular,,"Regular, Here, Iced, Almond",$5.55,$0.00,$5.55,$0.00,iPad,Payment,Cor Coffee,,ea,1,Physical Good,Cor Coffee
2026-09-30,14:54:11,Central Time (US & Canada),Espresso Drinks,Latte,1.0,Regular,,"Regular, To go, Iced, Soy, Cinnamon Roll",$6.30,$0.00,$6.30,$0.00,iPad,Payment,Cor Coffee,,ea,1,Physical Good,Cor Coffee
2026-09-30,14:40:53,Central Time (US & Canada),Espresso Drinks,Latte,1.0,Regular,,"Regular, To go, Iced, Whole, Vanilla",$5.25,$0.00,$5.25,$0.00,iPad,Payment,Cor Coffee,,ea,1,Physical Good,Cor Coffee
2026-09-30,14:40:23,Central Time (US & Canada),Espresso Drinks,Latte,1.0,Regular,,"Regular, To go, Iced, Whole, Add shot",$5.75,$0.00,$5.75,$0.00,iPad,Payment,Cor Coffee,,ea,1,Physical Good,Cor Coffee
2026-09-30,14:37:15,Central Time (US & Canada),Espresso Drinks,Mocha,1.0,Regular,,"Regular, To go, Hot, Soy",$6.05,$0.00,$6.05,$0.00,iPad,Payment,Cor Coffee,,ea,1,Physical Good,Cor Coffee
2026-09-30,14:25:10,Central Time (US & Canada),Espresso Drinks,Latte,1.0,Regular,,"Regular, To go, Iced, Whole, Cinnamon Roll, Cold Foam",$6.25,$0.00,$6.25,$0.00,iPad,Payment,Cor Coffee,,ea,1,Physical Good,Cor Coffee
2026-09-30,14:21:07,Central Time (US & Canada),Espresso Drinks,Latte,1.0,Regular,,"Decaf, Here, Hot, Whole, Blueberry",$5.50,$0.00,$5.50,$0.00,iPad,Payment,Cor Coffee,,ea,1,Physical Good,Cor Coffee
2026-09-30,14:17:57,Central Time (US & Canada),Espresso Drinks,Latte,1.0,Regular,,"Regular, Here, Hot, Whole, Vanilla",$5.25,$0.00,$5.25,$0.00,iPad,Payment,Cor Coffee,,ea,1,Physical Good,Cor Coffee
2026-09-30,14:16:10,Central Time (US & Canada),Other Drinks,Hot Chocolate,1.0,Regular,,,$4.00,$0.00,$4.00,$0.00,iPad,Payment,Cor Coffee,,ea,1,Physical Good,Cor Coffee
2026-09-30,14:14:29,Central Time (US & Canada),Espresso Drinks,Latte,1.0,Regular,,"Regular, To go, Hot, Whole, Cinnamon Roll",$5.50,$0.00,$5.50,$0.00,iPad,Payment,Cor Coffee,,ea,1,Physical Good,Cor Coffee
2026-09-30,14:13:31,Central Time (US & Canada),Teas,Matcha Latte,1.0,Regular,,"Cinnamon Roll, Cold Foam, To go, Iced, Oat, Regular",$7.80,$0.00,$7.80,$0.00,iPad,Payment,Cor Coffee,,ea,1,Physical Good,Cor Coffee
2026-09-30,14:12:30,Central Time (US & Canada),Espresso Drinks,Latte,1.0,Regular,,"Regular, To go, Iced, Whole, Cinnamon Roll",$5.50,$0.00,$5.50,$0.00,iPad,Payment,Cor Coffee,,ea,1,Physical Good,Cor Coffee
2026-09-30,14:08:13,Central Time (US & Canada),Teas,Matcha Latte,1.0,Regular,,,$5.50,$0.00,$5.50,$0.00,iPad,Payment,Cor Coffee,,ea,1,Physical Good,Cor Coffee
2026-09-30,14:05:46,Central Time (US & Canada),Teas,Matcha Latte,1.0,Regular,,"Cold Foam, Here, Iced",$6.25,$0.00,$6.25,$0.00,iPad,Payment,Cor Coffee,,ea,1,Physical Good,Cor Coffee
2026-09-30,14:05:46,Central Time (US & Canada),Food,LiaP Cookie,2.0,Regular,,,$4.00,$0.00,$4.00,$0.00,iPad,Payment,Cor Coffee,,ea,2,Physical Good,Cor Coffee
2026-09-30,14:02:50,Central Time (US & Canada),Espresso Drinks,Cappuccino,1.0,Regular,,Regular,$4.50,$0.00,$4.50,$0.00,iPad,Payment,Cor Coffee,,ea,1,Physical Good,Cor Coffee
2026-09-30,14:02:15,Central Time (US & Canada),Espresso Drinks,Americano,1.0,Regular,,Regular,$3.75,$0.00,$3.75,$0.00,iPad,Payment,Cor Coffee,,ea,1,Physical Good,Cor Coffee
2026-09-30,14:01:27,Central Time (US & Canada),Espresso Drinks,Latte,1.0,Regular,,"Regular, To go, Iced, Oat, Blueberry",$6.30,$0.00,$6.30,$0.00,iPad,Payment,Cor Coffee,,ea,1,Physical Good,Cor Coffee
2026-09-30,14:00:49,Central Time (US & Canada),Espresso Drinks,Latte,1.0,Regular,,Regular,$4.75,-$4.75,$0.00,$0.00,iPad,Payment,Cor Coffee,,ea,1,Physical Good,Cor Coffee
2026-09-30,13:59:01,Central Time (US & Canada),Espresso Drinks,Cappuccino,1.0,Regular,,Regular,$4.50,$0.00,$4.50,$0.00,iPad,Payment,Cor Coffee,,ea,1,Physical Good,Cor Coffee
2026-09-30,13:59:01,Central Time (US & Canada),Food,LiaP Cookie,1.0,Regular,,,$2.00,$0.00,$2.00,$0.00,iPad,Payment,Cor Coffee,,ea,1,Physical Good,Cor Coffee
2026-09-30,13:58:11,Central Time (US & Canada),Espresso Drinks,Flat White,1.0,Regular,,Regular,$4.25,$0.00,$4.25,$0.00,iPad,Payment,Cor Coffee,,ea,1,Physical Good,Cor Coffee
2026-09-30,13:57:21,Central Time (US & Canada),Teas,Tea,1.0,Regular,,,$3.75,-$1.88,$1.87,$0.00,iPad,Payment,Cor Coffee,,ea,1,Physical Good,Cor Coffee
2026-09-30,13:55:29,Central Time (US & Canada),Espresso Drinks,Mocha,1.0,Regular,,"Regular, To go, Hot, Oat",$6.05,$0.00,$6.05,$0.00,iPad,Payment,Cor Coffee,,ea,1,Physical Good,Cor Coffee
2026-09-30,13:54:05,Central Time (US & Canada),Coffee Drinks,Cold Brew,1.0,Regular,,"Cinnamon Roll, Cold Foam, Almond",$6.80,-$6.80,$0.00,$0.00,iPad,Payment,Cor Coffee,,ea,1,Physical Good,Cor Coffee
2026-09-30,13:52:48,Central Time (US & Canada),Espresso Drinks,Americano,1.0,Regular,,"Regular, To go, Iced",$3.75,$0.00,$3.75,$0.00,iPad,Payment,Cor Coffee,,ea,1,Physical Good,Cor Coffee
2026-09-30,13:48:53,Central Time (US & Canada),Espresso Drinks,Latte,1.0,Regular,,"Regular, To go, Iced, Whole",$4.75,$0.00,$4.75,$0.00,iPad,Payment,Cor Coffee,,ea,1,Physical Good,Cor Coffee
2026-09-30,13:48:21,Central Time (US & Canada),Espresso Drinks,Americano,1.0,Regular,,"Regular, To go, Iced",$3.75,$0.00,$3.75,$0.00,iPad,Payment,Cor Coffee,,ea,1,Physical Good,Cor Coffee
2026-09-30,13:30:18,Central Time (US & Canada),Espresso Drinks,Latte,1.0,Regular,,Regular,$4.75,$0.00,$4.75,$0.00,iPad,Payment,Cor Coffee,,ea,1,Physical Good,Cor Coffee
2026-09-30,13:22:45,Central Time (US & Canada),Espresso Drinks,Mocha,1.0,Regular,,"Decaf, Here, Iced, Oat, Vanilla, Cold Foam",$7.30,$0.00,$7.30,$0.00,iPad,Payment,Cor Coffee,,ea,1,Physical Good,Cor Coffee
2026-09-30,13:15:28,Central Time (US & Canada),Other Drinks,Hot Chocolate,2.0,Regular,,,$8.00,$0.00,$8.00,$0.00,iPad,Payment,Cor Coffee,,ea,2,Physical Good,Cor Coffee
2026-09-30,13:12:59,Central Time (US & Canada),Espresso Drinks,Americano,1.0,Regular,,Regular,$3.75,$0.00,$3.75,$0.00,iPad,Payment,Cor Coffee,,ea,1,Physical Good,Cor Coffee
2026-09-30,13:12:59,Central Time (US & Canada),Food,LiaP Cookie,1.0,Regular,,,$2.00,$0.00,$2.00,$0.00,iPad,Payment,Cor Coffee,,ea,1,Physical Good,Cor Coffee
2026-09-30,13:05:17,Central Time (US & Canada),Teas,Chai Latte,1.0,Regular,,,$5.25,$0.00,$5.25,$0.00,iPad,Payment,Cor Coffee,,ea,1,Physical Good,Cor Coffee
2026-09-30,13:04:13,Central Time (US & Canada),Teas,Matcha Latte,1.0,Regular,,"To go, Iced, Whole",$5.50,-$5.50,$0.00,$0.00,iPad,Payment,Cor Coffee,,ea,1,Physical Good,Cor Coffee
2026-09-30,13:02:25,Central Time (US & Canada),Teas,Matcha Latte,1.0,Regular,,"Lavender, To go, Iced, Oat, Regular",$6.80,$0.00,$6.80,$0.00,iPad,Payment,Cor Coffee,,ea,1,Physical Good,Cor Coffee
2026-09-30,13:01:21,Central Time (US & Canada),Teas,Chai Latte,1.0,Regular,,Oat,$6.05,$0.00,$6.05,$0.00,iPad,Payment,Cor Coffee,,ea,1,Physical Good,Cor Coffee
2026-09-30,13:00:36,Central Time (US & Canada),Espresso Drinks,Latte,1.0,Regular,,"Regular, To go, Iced, Vanilla",$5.25,$0.00,$5.25,$0.00,iPad,Payment,Cor Coffee,,ea,1,Physical Good,Cor Coffee
2026-09-30,12:58:49,Central Time (US & Canada),Espresso Drinks,Latte,1.0,Regular,,"Regular, Here, Hot, Whole, Lavender",$5.25,$0.00,$5.25,$0.00,iPad,Payment,Cor Coffee,,ea,1,Physical Good,Cor Coffee
2026-09-30,12:58:11,Central Time (US & Canada),Espresso Drinks,Latte,1.0,Regular,,"Regular, To go, Hot, Whole",$4.75,$0.00,$4.75,$0.00,iPad,Payment,Cor Coffee,,ea,1,Physical Good,Cor Coffee
2026-09-30,12:56:35,Central Time (US & Canada),Espresso Drinks,Cappuccino,1.0,Regular,,Regular,$4.50,$0.00,$4.50,$0.00,iPad,Payment,Cor Coffee,,ea,1,Physical Good,Cor Coffee
2026-09-30,12:54:33,Central Time (US & Canada),Food,LiaP Cookie,1.0,Regular,,,$2.00,$0.00,$2.00,$0.00,iPad,Payment,Cor Coffee,,ea,1,Physical Good,Cor Coffee
2026-09-30,12:54:07,Central Time (US & Canada),Teas,Matcha Latte,1.0,Regular,,,$5.50,$0.00,$5.50,$0.00,iPad,Payment,Cor Coffee,,ea,1,Physical Good,Cor Coffee
2026-09-30,12:52:58,Central Time (US & Canada),Coffee Drinks,Coffee,1.0,Regular,,,$3.00,$0.00,$3.00,$0.00,iPad,Payment,Cor Coffee,,ea,1,Physical Good,Cor Coffee
2026-09-30,12:52:15,Central Time (US & Canada),Espresso Drinks,Latte,1.0,Regular,,"Regular, To go, Hot, Oat, Cinnamon Roll",$6.30,$0.00,$6.30,$0.00,iPad,Payment,Cor Coffee,,ea,1,Physical Good,Cor Coffee
2026-09-30,12:52:15,Central Time (US & Canada),Teas,Chai Latte,1.0,Regular,,Iced,$5.25,$0.00,$5.25,$0.00,iPad,Payment,Cor Coffee,,ea,1,Physical Good,Cor Coffee
2026-09-30,12:52:15,Central Time (US & Canada),Teas,Tea,1.0,Regular,,,$3.75,$0.00,$3.75,$0.00,iPad,Payment,Cor Coffee,,ea,1,Physical Good,Cor Coffee
2026-09-30,12:48:49,Central Time (US & Canada),Coffee Drinks,Cold Brew,1.0,Regular,,"Cinnamon Roll, Cold Foam",$6.00,$0.00,$6.00,$0.00,iPad,Payment,Cor Coffee,,ea,1,Physical Good,Cor Coffee
2026-09-30,12:47:45,Central Time (US & Canada),Teas,Chai Latte,1.0,Regular,,"Here, Hot, Almond, Vanilla",$6.55,$0.00,$6.55,$0.00,iPad,Payment,Cor Coffee,,ea,1,Physical Good,Cor Coffee
2026-09-30,12:45:50,Central Time (US & Canada),Food,LiaP Cookie,1.0,Regular,,,$2.00,$0.00,$2.00,$0.00,iPad,Payment,Cor Coffee,,ea,1,Physical Good,Cor Coffee
2026-09-30,12:39:48,Central Time (US & Canada),Espresso Drinks,Latte,1.0,Regular,,"Regular, To go, Iced, Cinnamon Roll",$5.50,$0.00,$5.50,$0.00,iPad,Payment,Cor Coffee,,ea,1,Physical Good,Cor Coffee
2026-09-30,12:38:42,Central Time (US & Canada),Coffee Drinks,Coffee,1.0,Regular,,,$3.00,$0.00,$3.00,$0.00,iPad,Payment,Cor Coffee,,ea,1,Physical Good,Cor Coffee
2026-09-30,12:38:08,Central Time (US & Canada),Espresso Drinks,Latte,1.0,Regular,,"Regular, To go, Iced, Vanilla",$5.25,-$5.25,$0.00,$0.00,iPad,Payment,Cor Coffee,,ea,1,Physical Good,Cor Coffee
2026-09-30,11:35:40,Central Time (US & Canada),Espresso Drinks,Latte,1.0,Regular,,"Regular, To go, Hot, Iced, Whole",$4.75,$0.00,$4.75,$0.00,iPad,Payment,Cor Coffee,,ea,1,Physical Good,Cor Coffee
2026-09-30,11:34:48,Central Time (US & Canada),Coffee Drinks,Coffee,1.0,Regular,,,$3.00,$0.00,$3.00,$0.00,iPad,Payment,Cor Coffee,,ea,1,Physical Good,Cor Coffee
2026-09-30,11:33:37,Central Time (US & Canada),Coffee Drinks,Coffee,1.0,Regular,,,$3.00,$0.00,$3.00,$0.00,iPad,Payment,Cor Coffee,,ea,1,Physical Good,Cor Coffee
2026-09-30,11:33:37,Central Time (US & Canada),Espresso Drinks,Cortado,1.0,Regular,,Regular,$4.00,$0.00,$4.00,$0.00,iPad,Payment,Cor Coffee,,ea,1,Physical Good,Cor Coffee
2026-09-30,11:31:07,Central Time (US & Canada),Teas,Matcha Latte,1.0,Regular,,"Cinnamon Roll, To go, Iced, Whole, Regular",$6.25,$0.00,$6.25,$0.00,iPad,Payment,Cor Coffee,,ea,1,Physical Good,Cor Coffee
2026-09-30,11:29:32,Central Time (US & Canada),Espresso Drinks,Latte,1.0,Regular,,"Decaf, To go, Hot, Whole, Vanilla",$5.25,$0.00,$5.25,$0.00,iPad,Payment,Cor Coffee,,ea,1,Physical Good,Cor Coffee
2026-09-30,11:26:45,Central Time (US & Canada),Espresso Drinks,Latte,1.0,Regular,,"Regular, Iced, Whole, Cinnamon Roll, Cold Foam",$6.25,$0.00,$6.25,$0.00,iPad,Payment,Cor Coffee,,ea,1,Physical Good,Cor Coffee
2026-09-30,11:25:45,Central Time (US & Canada),Coffee Drinks,Coffee,1.0,Regular,,,$3.00,$0.00,$3.00,$0.00,iPad,Payment,Cor Coffee,,ea,1,Physical Good,Cor Coffee
2026-09-30,11:18:53,Central Time (US & Canada),Coffee Drinks,Cafe Au Lait,1.0,Regular,,,$3.25,$0.00,$3.25,$0.00,iPad,Payment,Cor Coffee,,ea,1,Physical Good,Cor Coffee
2026-09-30,11:18:03,Central Time (US & Canada),Espresso Drinks,Latte,1.0,Regular,,"Regular, Here, Hot, Whole, Cinnamon Roll",$5.50,$0.00,$5.50,$0.00,iPad,Payment,Cor Coffee,,ea,1,Physical Good,Cor Coffee
2026-09-30,11:13:15,Central Time (US & Canada),Teas,Matcha Latte,2.0,Regular,,"Vanilla, To go, Iced, Whole, Sweet",$12.00,$0.00,$12.00,$0.00,iPad,Payment,Cor Coffee,,ea,2,Physical Good,Cor Coffee
2026-09-30,11:07:46,Central Time (US & Canada),Espresso Drinks,Mocha,1.0,Regular,,"Regular, Iced, Oat",$6.05,$0.00,$6.05,$0.00,iPad,Payment,Cor Coffee,,ea,1,Physical Good,Cor Coffee
2026-09-30,11:07:46,Central Time (US & Canada),Food,LiaP Cookie,1.0,Regular,,,$2.00,$0.00,$2.00,$0.00,iPad,Payment,Cor Coffee,,ea,1,Physical Good,Cor Coffee
2026-09-30,11:06:38,Central Time (US & Canada),Espresso Drinks,Latte,1.0,Regular,,"Regular, To go, Hot, Whole",$4.75,$0.00,$4.75,$0.00,iPad,Payment,Cor Coffee,,ea,1,Physical Good,Cor Coffee
2026-09-30,11:05:40,Central Time (US & Canada),Espresso Drinks,Latte,1.0,Regular,,"Regular, To go, Hot, Almond, Cinnamon Roll",$6.30,$0.00,$6.30,$0.00,iPad,Payment,Cor Coffee,,ea,1,Physical Good,Cor Coffee
2026-09-30,11:03:55,Central Time (US & Canada),Espresso Drinks,Latte,1.0,Regular,,"Regular, To go, Iced, Whole, Cinnamon Roll, Cold Foam",$6.25,$0.00,$6.25,$0.00,iPad,Payment,Cor Coffee,,ea,1,Physical Good,Cor Coffee
2026-09-30,11:02:38,Central Time (US & Canada),Espresso Drinks,Latte,1.0,Regular,,"Regular, To go, Iced, Whole, Blueberry, Cold Foam",$6.25,$0.00,$6.25,$0.00,iPad,Payment,Cor Coffee,,ea,1,Physical Good,Cor Coffee
2026-09-30,11:00:52,Central Time (US & Canada),Other Drinks,Hot Chocolate,-1.0,Regular,,,-$4.00,$0.00,-$4.00,$0.00,iPad,Refund,Cor Coffee,,ea,-1,Physical Good,Cor Coffee
2026-09-30,10:59:51,Central Time (US & Canada),Other Drinks,Hot Chocolate,1.0,Regular,,,$4.00,$0.00,$4.00,$0.00,iPad,Payment,Cor Coffee,,ea,1,Physical Good,Cor Coffee
2026-09-30,10:56:49,Central Time (US & Canada),Espresso Drinks,Latte,1.0,Regular,,"Regular, To go, Iced, Oat, Vanilla",$6.05,$0.00,$6.05,$0.00,iPad,Payment,Cor Coffee,,ea,1,Physical Good,Cor Coffee
2026-09-30,10:56:07,Central Time (US & Canada),Espresso Drinks,Latte,1.0,Regular,,"Regular, To go, Iced, Whole, Vanilla",$5.25,-$2.62,$2.63,$0.00,iPad,Payment,Cor Coffee,,ea,1,Physical Good,Cor Coffee
2026-09-30,10:52:26,Central Time (US & Canada),Espresso Drinks,Cappuccino,1.0,Regular,,"Regular, To go, Oat",$5.30,$0.00,$5.30,$0.00,iPad,Payment,Cor Coffee,,ea,1,Physical Good,Cor Coffee
2026-09-30,10:45:32,Central Time (US & Canada),Espresso Drinks,Latte,1.0,Regular,,"Regular, Whole, Vanilla",$5.25,$0.00,$5.25,$0.00,iPad,Payment,Cor Coffee,,ea,1,Physical Good,Cor Coffee
2026-09-30,10:41:53,Central Time (US & Canada),Espresso Drinks,Latte,1.0,Regular,,"Regular, Iced, Oat, Cinnamon Roll, Cold Foam",$7.05,$0.00,$7.05,$0.00,iPad,Payment,Cor Coffee,,ea,1,Physical Good,Cor Coffee
2026-09-30,10:32:43,Central Time (US & Canada),Espresso Drinks,Latte,1.0,Regular,,"Regular, Iced, Oat, Vanilla",$6.05,$0.00,$6.05,$0.00,iPad,Payment,Cor Coffee,,ea,1,Physical Good,Cor Coffee
2026-09-30,10:22:45,Central Time (US & Canada),Espresso Drinks,Cappuccino,1.0,Regular,,"Regular, Whole",$4.50,-$4.50,$0.00,$0.00,iPad,Payment,Cor Coffee,,ea,1,Physical Good,Cor Coffee
2026-09-30,10:22:22,Central Time (US & Canada),Espresso Drinks,Latte,1.0,Regular,,"Regular, Hot, Whole, Cinnamon Roll",$5.50,$0.00,$5.50,$0.00,iPad,Payment,Cor Coffee,,ea,1,Physical Good,Cor Coffee
2026-09-30,10:21:46,Central Time (US & Canada),Espresso Drinks,Flat White,1.0,Regular,,"Regular, Whole, Vanilla",$4.75,-$4.75,$0.00,$0.00,iPad,Payment,Cor Coffee,,ea,1,Physical Good,Cor Coffee
2026-09-30,10:14:03,Central Time (US & Canada),Espresso Drinks,Latte,1.0,Regular,,"Regular, Hot, Whole, Cinnamon Roll",$5.50,$0.00,$5.50,$0.00,iPad,Payment,Cor Coffee,,ea,1,Physical Good,Cor Coffee
2026-09-30,10:12:29,Central Time (US & Canada),Teas,Matcha Latte,1.0,Regular,,"Iced, Almond, Regular",$6.30,$0.00,$6.30,$0.00,iPad,Payment,Cor Coffee,,ea,1,Physical Good,Cor Coffee
2026-09-30,10:12:29,Central Time (US & Canada),Food,LiaP Cookie,1.0,Regular,,,$2.00,$0.00,$2.00,$0.00,iPad,Payment,Cor Coffee,,ea,1,Physical Good,Cor Coffee
2026-09-30,10:11:25,Central Time (US & Canada),Coffee Drinks,Cold Brew,1.0,Regular,,,$4.50,$0.00,$4.50,$0.00,iPad,Payment,Cor Coffee,,ea,1,Physical Good,Cor Coffee
2026-09-30,10:09:02,Central Time (US & Canada),Espresso Drinks,Latte,1.0,Regular,,"Regular, Iced, Whole, Vanilla, Cinnamon Roll",$6.00,-$3.00,$3.00,$0.00,iPad,Payment,Cor Coffee,,ea,1,Physical Good,Cor Coffee
2026-09-30,10:07:02,Central Time (US & Canada),Espresso Drinks,Latte,1.0,Regular,,"Regular, Iced, Whole, Blueberry, Cold Foam",$6.25,$0.00,$6.25,$0.00,iPad,Payment,Cor Coffee,,ea,1,Physical Good,Cor Coffee
2026-09-30,10:06:18,Central Time (US & Canada),Espresso Drinks,Cappuccino,1.0,Regular,,"Regular, Whole, Cinnamon Roll",$5.25,$0.00,$5.25,$0.00,iPad,Payment,Cor Coffee,,ea,1,Physical Good,Cor Coffee
2026-09-30,10:05:27,Central Time (US & Canada),Espresso Drinks,Cortado,1.0,Regular,,"Regular, Here",$4.00,$0.00,$4.00,$0.00,iPad,Payment,Cor Coffee,,ea,1,Physical Good,Cor Coffee
2026-09-30,10:04:43,Central Time (US & Canada),Espresso Drinks,Cortado,1.0,Regular,,Regular,$4.00,$0.00,$4.00,$0.00,iPad,Payment,Cor Coffee,,ea,1,Physical Good,Cor Coffee
2026-09-30,10:04:43,Central Time (US & Canada),Espresso Drinks,Americano,1.0,Regular,,"Decaf, Hot",$3.75,$0.00,$3.75,$0.00,iPad,Payment,Cor Coffee,,ea,1,Physical Good,Cor Coffee
2026-09-30,10:03:27,Central Time (US & Canada),Espresso Drinks,Latte,1.0,Regular,,"Regular, Iced, Oat, Add shot, Cinnamon Roll, Cold Foam",$8.05,-$8.05,$0.00,$0.00,iPad,Payment,Cor Coffee,,ea,1,Physical Good,Cor Coffee
2026-09-30,10:03:27,Central Time (US & Canada),Food,LiaP Cookie,1.0,Regular,,,$2.00,-$2.00,$0.00,$0.00,iPad,Payment,Cor Coffee,,ea,1,Physical Good,Cor Coffee
2026-09-30,09:58:49,Central Time (US & Canada),Teas,Chai Latte,1.0,Regular,,"Iced, Whole, Cinnamon Roll, Cold Foam",$6.75,$0.00,$6.75,$0.00,iPad,Payment,Cor Coffee,,ea,1,Physical Good,Cor Coffee
2026-09-30,09:58:49,Central Time (US & Canada),Food,LiaP Cookie,1.0,Regular,,,$2.00,$0.00,$2.00,$0.00,iPad,Payment,Cor Coffee,,ea,1,Physical Good,Cor Coffee
2026-09-30,09:57:55,Central Time (US & Canada),Espresso Drinks,Latte,1.0,Regular,,"Regular, Iced, Whole, Blueberry",$5.50,$0.00,$5.50,$0.00,iPad,Payment,Cor Coffee,,ea,1,Physical Good,Cor Coffee
2026-09-30,09:57:55,Central Time (US & Canada),Food,LiaP Cookie,1.0,Regular,,,$2.00,$0.00,$2.00,$0.00,iPad,Payment,Cor Coffee,,ea,1,Physical Good,Cor Coffee
2026-09-30,09:56:40,Central Time (US & Canada),Teas,Chai Latte,1.0,Regular,,"Hot, Whole",$5.25,$0.00,$5.25,$0.00,iPad,Payment,Cor Coffee,,ea,1,Physical Good,Cor Coffee
2026-09-30,09:56:07,Central Time (US & Canada),Espresso Drinks,Latte,1.0,Regular,,"Regular, Iced, Whole, Cinnamon Roll, Cold Foam",$6.25,$0.00,$6.25,$0.00,iPad,Payment,Cor Coffee,,ea,1,Physical Good,Cor Coffee
2026-09-30,09:54:56,Central Time (US & Canada),Coffee Drinks,Cold Brew,1.0,Regular,,Oat,$5.30,$0.00,$5.30,$0.00,iPad,Payment,Cor Coffee,,ea,1,Physical Good,Cor Coffee
2026-09-30,09:53:15,Central Time (US & Canada),Espresso Drinks,Latte,1.0,Regular,,"Regular, Here, Whole",$4.75,$0.00,$4.75,$0.00,iPad,Payment,Cor Coffee,,ea,1,Physical Good,Cor Coffee
2026-09-30,09:51:58,Central Time (US & Canada),Espresso Drinks,Latte,1.0,Regular,,"Regular, Here, Iced, Whole, Vanilla, Cold Foam",$6.00,$0.00,$6.00,$0.00,iPad,Payment,Cor Coffee,,ea,1,Physical Good,Cor Coffee
2026-09-30,09:43:17,Central Time (US & Canada),Espresso Drinks,Latte,2.0,Regular,,"Regular, Iced, Whole, Cinnamon Roll, Cold Foam",$12.50,-$6.25,$6.25,$0.00,iPad,Payment,Cor Coffee,,ea,2,Physical Good,Cor Coffee
2026-09-30,09:41:43,Central Time (US & Canada),Other Drinks,Hot Chocolate,1.0,Regular,,,$4.00,$0.00,$4.00,$0.00,iPad,Payment,Cor Coffee,,ea,1,Physical Good,Cor Coffee
2026-09-30,09:41:00,Central Time (US & Canada),Teas,Tea,1.0,Regular,,"Iced, To go",$3.75,-$1.88,$1.87,$0.00,iPad,Payment,Cor Coffee,,ea,1,Physical Good,Cor Coffee
2026-09-30,09:38:12,Central Time (US & Canada),Espresso Drinks,Latte,1.0,Regular,,"Regular, Iced, Whole, Vanilla",$5.25,$0.00,$5.25,$0.00,iPad,Payment,Cor Coffee,,ea,1,Physical Good,Cor Coffee
2026-09-30,09:37:36,Central Time (US & Canada),Espresso Drinks,Latte,1.0,Regular,,"Regular, Hot, Whole, Ganache, Cinnamon Roll, Cold Foam",$6.75,-$6.75,$0.00,$0.00,iPad,Payment,Cor Coffee,,ea,1,Physical Good,Cor Coffee
2026-09-30,09:31:24,Central Time (US & Canada),Coffee Drinks,Cold Brew,1.0,Regular,,,$4.50,$0.00,$4.50,$0.00,iPad,Payment,Cor Coffee,,ea,1,Physical Good,Cor Coffee
2026-09-30,09:30:44,Central Time (US & Canada),Coffee Drinks,Coffee,1.0,Regular,,,$3.00,$0.00,$3.00,$0.00,iPad,Payment,Cor Coffee,,ea,1,Physical Good,Cor Coffee
2026-09-30,09:29:47,Central Time (US & Canada),Espresso Drinks,Latte,2.0,Regular,,"Regular, Iced, Whole, Blueberry",$11.00,$0.00,$11.00,$0.00,iPad,Payment,Cor Coffee,,ea,2,Physical Good,Cor Coffee
2026-09-30,09:29:47,Central Time (US & Canada),Espresso Drinks,Latte,1.0,Regular,,"Regular, Iced, Whole, Cinnamon Roll, Cold Foam",$6.25,$0.00,$6.25,$0.00,iPad,Payment,Cor Coffee,,ea,1,Physical Good,Cor Coffee
2026-09-30,09:22:56,Central Time (US & Canada),Espresso Drinks,Latte,1.0,Regular,,"Regular, Hot, Cinnamon Roll",$5.50,$0.00,$5.50,$0.00,iPad,Payment,Cor Coffee,,ea,1,Physical Good,Cor Coffee
2026-09-30,09:20:29,Central Time (US & Canada),Espresso Drinks,Latte,1.0,Regular,,"Regular, Iced, Whole, Vanilla",$5.25,$0.00,$5.25,$0.00,iPad,Payment,Cor Coffee,,ea,1,Physical Good,Cor Coffee
2026-09-30,09:19:33,Central Time (US & Canada),Espresso Drinks,Latte,1.0,Regular,,"Regular, Oat, Cinnamon Roll, Cold Foam",$7.05,-$7.05,$0.00,$0.00,iPad,Payment,Cor Coffee,,ea,1,Physical Good,Cor Coffee
2026-09-30,09:18:17,Central Time (US & Canada),Espresso Drinks,Latte,1.0,Regular,,"Regular, Hot, Whole, Vanilla",$5.25,$0.00,$5.25,$0.00,iPad,Payment,Cor Coffee,,ea,1,Physical Good,Cor Coffee
2026-09-30,09:07:21,Central Time (US & Canada),Espresso Drinks,Espresso,1.0,Regular,,Regular,$3.25,$0.00,$3.25,$0.00,iPad,Payment,Cor Coffee,,ea,1,Physical Good,Cor Coffee
2026-09-30,09:06:27,Central Time (US & Canada),Coffee Drinks,Coffee,1.0,Regular,,To go,$3.00,$0.00,$3.00,$0.00,iPad,Payment,Cor Coffee,,ea,1,Physical Good,Cor Coffee
2026-09-30,09:04:12,Central Time (US & Canada),Teas,Chai Latte,1.0,Regular,,"Iced, Oat, Vanilla",$6.55,-$3.28,$3.27,$0.00,iPad,Payment,Cor Coffee,,ea,1,Physical Good,Cor Coffee
2026-09-30,09:02:35,Central Time (US & Canada),Teas,Tea,1.0,Regular,,Iced,$3.75,$0.00,$3.75,$0.00,iPad,Payment,Cor Coffee,,ea,1,Physical Good,Cor Coffee
2026-09-29,15:48:53,Central Time (US & Canada),Coffee Drinks,Cold Brew,1.0,Regular,,Vanilla,$5.00,$0.00,$5.00,$0.00,iPad,Payment,Cor Coffee,,ea,1,Physical Good,Cor Coffee
2026-09-29,15:47:41,Central Time (US & Canada),Espresso Drinks,Latte,2.0,Regular,,"Regular, Iced, Whole",$9.50,$0.00,$9.50,$0.00,iPad,Payment,Cor Coffee,,ea,2,Physical Good,Cor Coffee
2026-09-29,15:39:19,Central Time (US & Canada),Espresso Drinks,Latte,1.0,Regular,,Regular,$4.75,$0.00,$4.75,$0.00,iPad,Payment,Cor Coffee,,ea,1,Physical Good,Cor Coffee
2026-09-29,15:38:24,Central Time (US & Canada),Other Drinks,Lemonade,1.0,Regular,,,$3.00,$0.00,$3.00,$0.00,iPad,Payment,Cor Coffee,,ea,1,Physical Good,Cor Coffee
2026-09-29,15:30:18,Central Time (US & Canada),Teas,Matcha Latte,1.0,Regular,,"Blueberry, Iced, Oat",$7.05,$0.00,$7.05,$0.00,iPad,Payment,Cor Coffee,,ea,1,Physical Good,Cor Coffee
2026-09-29,15:29:29,Central Time (US & Canada),Food,LiaP Cookie,1.0,Regular,,,$2.00,$0.00,$2.00,$0.00,iPad,Payment,Cor Coffee,,ea,1,Physical Good,Cor Coffee
2026-09-29,15:29:29,Central Time (US & Canada),Espresso Drinks,Latte,1.0,Regular,,"Regular, Iced, Oat, Cinnamon Roll",$6.30,$0.00,$6.30,$0.00,iPad,Payment,Cor Coffee,,ea,1,Physical Good,Cor Coffee
2026-09-29,15:21:43,Central Time (US & Canada),Espresso Drinks,Latte,1.0,Regular,,"Regular, To go, Iced, Whole, Cinnamon Roll",$5.50,$0.00,$5.50,$0.00,iPad,Payment,Cor Coffee,,ea,1,Physical Good,Cor Coffee
2026-09-29,15:20:35,Central Time (US & Canada),Espresso Drinks,Latte,1.0,Regular,,"Regular, Cinnamon Roll",$5.50,$0.00,$5.50,$0.00,iPad,Payment,Cor Coffee,,ea,1,Physical Good,Cor Coffee
2026-09-29,15:19:17,Central Time (US & Canada),Espresso Drinks,Latte,1.0,Regular,,"Regular, To go, Iced, Whole, Vanilla",$5.25,-$2.62,$2.63,$0.00,iPad,Payment,Cor Coffee,,ea,1,Physical Good,Cor Coffee
2026-09-29,15:19:17,Central Time (US & Canada),Teas,Chai Latte,2.0,Regular,,"To go, Iced, Whole, Vanilla, Cold Foam",$13.00,-$6.50,$6.50,$0.00,iPad,Payment,Cor Coffee,,ea,2,Physical Good,Cor Coffee
2026-09-29,15:17:19,Central Time (US & Canada),Espresso Drinks,Latte,1.0,Regular,,"Regular, Oat, Vanilla",$6.05,$0.00,$6.05,$0.00,iPad,Payment,Cor Coffee,,ea,1,Physical Good,Cor Coffee
2026-09-29,15:15:17,Central Time (US & Canada),Teas,Matcha Latte,1.0,Regular,,"Vanilla, Oat",$6.80,$0.00,$6.80,$0.00,iPad,Payment,Cor Coffee,,ea,1,Physical Good,Cor Coffee
2026-09-29,15:13:35,Central Time (US & Canada),Teas,Chai Latte,1.0,Regular,,Almond,$6.05,$0.00,$6.05,$0.00,iPad,Payment,Cor Coffee,,ea,1,Physical Good,Cor Coffee
2026-09-29,15:13:35,Central Time (US & Canada),Food,Taos Bar,1.0,Regular,,,$2.00,$0.00,$2.00,$0.00,iPad,Payment,Cor Coffee,,ea,1,Physical Good,Cor Coffee
2026-09-29,15:08:18,Central Time (US & Canada),Coffee Drinks,Cold Brew,1.0,Regular,,,$4.50,$0.00,$4.50,$0.00,iPad,Payment,Cor Coffee,,ea,1,Physical Good,Cor Coffee
2026-09-29,15:08:18,Central Time (US & Canada),Espresso Drinks,Latte,1.0,Regular,,"Regular, Blueberry",$5.50,$0.00,$5.50,$0.00,iPad,Payment,Cor Coffee,,ea,1,Physical Good,Cor Coffee
2026-09-29,15:06:46,Central Time (US & Canada),Espresso Drinks,Latte,1.0,Regular,,"Regular, Iced, Oat, Cinnamon Roll",$6.30,$0.00,$6.30,$0.00,iPad,Payment,Cor Coffee,,ea,1,Physical Good,Cor Coffee
2026-09-29,15:05:17,Central Time (US & Canada),Espresso Drinks,Latte,1.0,Regular,,"Regular, Whole, Lavender",$5.25,$0.00,$5.25,$0.00,iPad,Payment,Cor Coffee,,ea,1,Physical Good,Cor Coffee
2026-09-29,15:03:34,Central Time (US & Canada),Espresso Drinks,Latte,1.0,Regular,,"Regular, To go, Iced, Whole, Cinnamon Roll",$5.50,$0.00,$5.50,$0.00,iPad,Payment,Cor Coffee,,ea,1,Physical Good,Cor Coffee
2026-09-29,15:02:41,Central Time (US & Canada),Teas,Matcha Latte,1.0,Regular,,"Cinnamon Roll, Cold Foam, Iced, Almond",$7.80,$0.00,$7.80,$0.00,iPad,Payment,Cor Coffee,,ea,1,Physical Good,Cor Coffee
2026-09-29,14:57:58,Central Time (US & Canada),Espresso Drinks,Latte,1.0,Regular,,"Regular, To go, Iced, Almond, Cinnamon Roll, Cold Foam",$7.05,$0.00,$7.05,$0.00,iPad,Payment,Cor Coffee,,ea,1,Physical Good,Cor Coffee
2026-09-29,14:56:54,Central Time (US & Canada),Teas,Matcha Latte,1.0,Regular,,"Vanilla, Oat",$6.80,$0.00,$6.80,$0.00,iPad,Payment,Cor Coffee,,ea,1,Physical Good,Cor Coffee
2026-09-29,14:54:31,Central Time (US & Canada),Espresso Drinks,Latte,1.0,Regular,,"Regular, Blueberry",$5.50,$0.00,$5.50,$0.00,iPad,Payment,Cor Coffee,,ea,1,Physical Good,Cor Coffee
2026-09-29,14:49:20,Central Time (US & Canada),Teas,Matcha Latte,1.0,Regular,,,$5.50,$0.00,$5.50,$0.00,iPad,Payment,Cor Coffee,,ea,1,Physical Good,Cor Coffee
2026-09-29,14:39:38,Central Time (US & Canada),Espresso Drinks,Americano,1.0,Regular,,Regular,$3.75,$0.00,$3.75,$0.00,iPad,Payment,Cor Coffee,,ea,1,Physical Good,Cor Coffee
2026-09-29,14:39:38,Central Time (US & Canada),Food,LiaP Cookie,1.0,Regular,,,$2.00,$0.00,$2.00,$0.00,iPad,Payment,Cor Coffee,,ea,1,Physical Good,Cor Coffee
2026-09-29,14:26:23,Central Time (US & Canada),Espresso Drinks,Mocha,1.0,Regular,,"Regular, To go, Hot, Whole",$5.25,$0.00,$5.25,$0.00,iPad,Payment,Cor Coffee,,ea,1,Physical Good,Cor Coffee
2026-09-29,14:24:03,Central Time (US & Canada),Espresso Drinks,Cortado,1.0,Regular,,Regular,$4.00,$0.00,$4.00,$0.00,iPad,Payment,Cor Coffee,,ea,1,Physical Good,Cor Coffee
2026-09-29,14:20:18,Central Time (US & Canada),Espresso Drinks,Cappuccino,2.0,Regular,,Regular,$9.00,$0.00,$9.00,$0.00,iPad,Payment,Cor Coffee,,ea,2,Physical Good,Cor Coffee
2026-09-29,14:18:27,Central Time (US & Canada),Teas,Matcha Latte,1.0,Regular,,"Vanilla, To go, Iced, Whole, Regular",$6.00,$0.00,$6.00,$0.00,iPad,Payment,Cor Coffee,,ea,1,Physical Good,Cor Coffee
2026-09-29,14:16:56,Central Time (US & Canada),Espresso Drinks,Latte,1.0,Regular,,"Regular, To go, Iced, Whole, Cinnamon Roll, Cold Foam",$6.25,$0.00,$6.25,$0.00,iPad,Payment,Cor Coffee,,ea,1,Physical Good,Cor Coffee
2026-09-29,14:14:54,Central Time (US & Canada),Teas,Matcha Latte,1.0,Regular,,"Cold Foam, To go, Iced, Oat",$7.05,$0.00,$7.05,$0.00,iPad,Payment,Cor Coffee,,ea,1,Physical Good,Cor Coffee
2026-09-29,14:10:04,Central Time (US & Canada),Espresso Drinks,Cappuccino,1.0,Regular,,Regular,$4.50,$0.00,$4.50,$0.00,iPad,Payment,Cor Coffee,,ea,1,Physical Good,Cor Coffee
2026-09-29,14:08:58,Central Time (US & Canada),Coffee Drinks,Cold Brew,1.0,Regular,,,$4.50,$0.00,$4.50,$0.00,iPad,Payment,Cor Coffee,,ea,1,Physical Good,Cor Coffee
2026-09-29,14:07:25,Central Time (US & Canada),Espresso Drinks,Latte,1.0,Regular,,"Regular, To go, Iced, Whole, Lavender",$5.25,$0.00,$5.25,$0.00,iPad,Payment,Cor Coffee,,ea,1,Physical Good,Cor Coffee
2026-09-29,14:03:49,Central Time (US & Canada),Espresso Drinks,Latte,1.0,Regular,,"Regular, To go, Iced, Oat, Vanilla",$6.05,$0.00,$6.05,$0.00,iPad,Payment,Cor Coffee,,ea,1,Physical Good,Cor Coffee
2026-09-29,14:03:49,Central Time (US & Canada),Teas,Chai Latte,1.0,Regular,,,$5.25,$0.00,$5.25,$0.00,iPad,Payment,Cor Coffee,,ea,1,Physical Good,Cor Coffee
2026-09-29,13:59:18,Central Time (US & Canada),Coffee Drinks,Coffee,1.0,Regular,,,$3.00,$0.00,$3.00,$0.00,iPad,Payment,Cor Coffee,,ea,1,Physical Good,Cor Coffee
2026-09-29,13:56:40,Central Time (US & Canada),Espresso Drinks,Latte,1.0,Regular,,"Regular, To go, Iced, Whole, Vanilla",$5.25,$0.00,$5.25,$0.00,iPad,Payment,Cor Coffee,,ea,1,Physical Good,Cor Coffee
2026-09-29,13:51:53,Central Time (US & Canada),Other Drinks,Lemonade,1.0,Regular,,Lavender,$3.50,$0.00,$3.50,$0.00,iPad,Payment,Cor Coffee,,ea,1,Physical Good,Cor Coffee
2026-09-29,13:51:16,Central Time (US & Canada),Espresso Drinks,Latte,1.0,Regular,,"Regular, To go, Iced, Whole, Cinnamon Roll",$5.50,$0.00,$5.50,$0.00,iPad,Payment,Cor Coffee,,ea,1,Physical Good,Cor Coffee
2026-09-29,13:50:35,Central Time (US & Canada),Espresso Drinks,Latte,1.0,Regular,,"Regular, To go, Iced, Oat, Cinnamon Roll",$6.30,$0.00,$6.30,$0.00,iPad,Payment,Cor Coffee,,ea,1,Physical Good,Cor Coffee
2026-09-29,13:49:56,Central Time (US & Canada),Espresso Drinks,Cappuccino,1.0,Regular,,Regular,$4.50,$0.00,$4.50,$0.00,iPad,Payment,Cor Coffee,,ea,1,Physical Good,Cor Coffee
2026-09-29,13:49:00,Central Time (US & Canada),Espresso Drinks,Latte,1.0,Regular,,"Regular, To go, Iced, Whole",$4.75,$0.00,$4.75,$0.00,iPad,Payment,Cor Coffee,,ea,1,Physical Good,Cor Coffee
2026-09-29,13:48:21,Central Time (US & Canada),Espresso Drinks,Latte,1.0,Regular,,"Regular, To go, Iced, Almond, Cinnamon Roll, Cold Foam",$7.05,$0.00,$7.05,$0.00,iPad,Payment,Cor Coffee,,ea,1,Physical Good,Cor Coffee
2026-09-29,13:47:33,Central Time (US & Canada),Teas,Matcha Latte,1.0,Regular,,"Cold Foam, To go, Iced, Sweet",$6.25,$0.00,$6.25,$0.00,iPad,Payment,Cor Coffee,,ea,1,Physical Good,Cor Coffee
2026-09-29,13:46:37,Central Time (US & Canada),Teas,Matcha Latte,1.0,Regular,,"To go, Iced, Oat",$6.30,$0.00,$6.30,$0.00,iPad,Payment,Cor Coffee,,ea,1,Physical Good,Cor Coffee
2026-09-29,13:45:24,Central Time (US & Canada),Espresso Drinks,Latte,1.0,Regular,,"Regular, To go, Iced, Whole, Cold Foam",$5.50,$0.00,$5.50,$0.00,iPad,Payment,Cor Coffee,,ea,1,Physical Good,Cor Coffee
2026-09-29,13:44:34,Central Time (US & Canada),Espresso Drinks,Latte,1.0,Regular,,"Regular, Iced, Almond, Cold Foam",$6.30,$0.00,$6.30,$0.00,iPad,Payment,Cor Coffee,,ea,1,Physical Good,Cor Coffee
2026-09-29,13:42:25,Central Time (US & Canada),Teas,Tea,1.0,Regular,,"Hot, Here",$3.75,$0.00,$3.75,$0.00,iPad,Payment,Cor Coffee,,ea,1,Physical Good,Cor Coffee
2026-09-29,13:38:16,Central Time (US & Canada),Espresso Drinks,Mocha,1.0,Regular,,"Regular, Hot, Whole",$5.25,$0.00,$5.25,$0.00,iPad,Payment,Cor Coffee,,ea,1,Physical Good,Cor Coffee
2026-09-29,13:37:29,Central Time (US & Canada),Teas,Chai Latte,1.0,Regular,,"Oat, Cold Foam",$6.80,$0.00,$6.80,$0.00,iPad,Payment,Cor Coffee,,ea,1,Physical Good,Cor Coffee
2026-09-29,13:35:09,Central Time (US & Canada),Espresso Drinks,Latte,1.0,Regular,,"Regular, Here, To go, Hot, Whole",$4.75,$0.00,$4.75,$0.00,iPad,Payment,Cor Coffee,,ea,1,Physical Good,Cor Coffee
2026-09-29,13:23:52,Central Time (US & Canada),Teas,London Fog,1.0,Regular,,"To go, Oat",$5.55,-$2.78,$2.77,$0.00,iPad,Payment,Cor Coffee,,ea,1,Physical Good,Cor Coffee
2026-09-29,13:20:09,Central Time (US & Canada),Teas,Chai Latte,1.0,Regular,,"To go, Iced, Oat",$6.05,$0.00,$6.05,$0.00,iPad,Payment,Cor Coffee,,ea,1,Physical Good,Cor Coffee
2026-09-29,13:00:02,Central Time (US & Canada),Espresso Drinks,Latte,1.0,Regular,,"Regular, To go, Iced, Whole, Blueberry, Cold Foam",$6.25,$0.00,$6.25,$0.00,iPad,Payment,Cor Coffee,,ea,1,Physical Good,Cor Coffee
2026-09-29,12:57:53,Central Time (US & Canada),Espresso Drinks,Latte,1.0,Regular,,"Regular, To go, Iced, Whole, Cinnamon Roll, Cold Foam",$6.25,$0.00,$6.25,$0.00,iPad,Payment,Cor Coffee,,ea,1,Physical Good,Cor Coffee
2026-09-29,12:56:25,Central Time (US & Canada),Espresso Drinks,Latte,1.0,Regular,,"Regular, To go, Iced, Whole, Cinnamon Roll",$5.50,$0.00,$5.50,$0.00,iPad,Payment,Cor Coffee,,ea,1,Physical Good,Cor Coffee
2026-09-29,12:55:28,Central Time (US & Canada),Espresso Drinks,Latte,1.0,Regular,,"Regular, To go, Iced, Whole, Cinnamon Roll",$5.50,$0.00,$5.50,$0.00,iPad,Payment,Cor Coffee,,ea,1,Physical Good,Cor Coffee
2026-09-29,12:50:31,Central Time (US & Canada),Teas,Chai Latte,1.0,Regular,,"To go, Iced, Oat, Vanilla, Cold Foam",$7.30,$0.00,$7.30,$0.00,iPad,Payment,Cor Coffee,,ea,1,Physical Good,Cor Coffee
2026-09-29,12:46:27,Central Time (US & Canada),Espresso Drinks,Cappuccino,1.0,Regular,,"Regular, To go, Oat",$5.30,$0.00,$5.30,$0.00,iPad,Payment,Cor Coffee,,ea,1,Physical Good,Cor Coffee
2026-09-29,12:32:25,Central Time (US & Canada),Teas,Chai Latte,1.0,Regular,,"To go, Iced, Whole, Vanilla",$5.75,$0.00,$5.75,$0.00,iPad,Payment,Cor Coffee,,ea,1,Physical Good,Cor Coffee
2026-09-29,12:29:24,Central Time (US & Canada),Other Drinks,Lemonade,1.0,Regular,,,$3.00,$0.00,$3.00,$0.00,iPad,Payment,Cor Coffee,,ea,1,Physical Good,Cor Coffee
2026-09-29,12:29:24,Central Time (US & Canada),Teas,Matcha Latte,1.0,Regular,,"To go, Iced, Almond",$6.30,$0.00,$6.30,$0.00,iPad,Payment,Cor Coffee,,ea,1,Physical Good,Cor Coffee
2026-09-29,12:27:41,Central Time (US & Canada),Espresso Drinks,Latte,1.0,Regular,,"Regular, To go, Iced, Whole, Cinnamon Roll",$5.50,$0.00,$5.50,$0.00,iPad,Payment,Cor Coffee,,ea,1,Physical Good,Cor Coffee
2026-09-29,12:22:43,Central Time (US & Canada),Espresso Drinks,Latte,1.0,Regular,,"Regular, Iced, Oat",$5.55,$0.00,$5.55,$0.00,iPad,Payment,Cor Coffee,,ea,1,Physical Good,Cor Coffee
2026-09-29,12:21:18,Central Time (US & Canada),Other Drinks,Lemonade,1.0,Regular,,,$3.00,$0.00,$3.00,$0.00,iPad,Payment,Cor Coffee,,ea,1,Physical Good,Cor Coffee
2026-09-29,12:20:14,Central Time (US & Canada),Espresso Drinks,Latte,1.0,Regular,,"Regular, To go, Iced, Whole, Vanilla",$5.25,$0.00,$5.25,$0.00,iPad,Payment,Cor Coffee,,ea,1,Physical Good,Cor Coffee
2026-09-29,12:19:37,Central Time (US & Canada),Coffee Drinks,Coffee,1.0,Regular,,,$3.00,$0.00,$3.00,$0.00,iPad,Payment,Cor Coffee,,ea,1,Physical Good,Cor Coffee
2026-09-29,12:18:14,Central Time (US & Canada),Espresso Drinks,Latte,1.0,Regular,,"Regular, To go, Iced, Whole, Blueberry",$5.50,$0.00,$5.50,$0.00,iPad,Payment,Cor Coffee,,ea,1,Physical Good,Cor Coffee
2026-09-29,12:16:18,Central Time (US & Canada),Coffee Drinks,Coffee,1.0,Regular,,,$3.00,$0.00,$3.00,$0.00,iPad,Payment,Cor Coffee,,ea,1,Physical Good,Cor Coffee
2026-09-29,12:14:53,Central Time (US & Canada),Espresso Drinks,Latte,1.0,Regular,,"Regular, To go, Hot, Whole",$4.75,$0.00,$4.75,$0.00,iPad,Payment,Cor Coffee,,ea,1,Physical Good,Cor Coffee
2026-09-29,12:12:15,Central Time (US & Canada),Espresso Drinks,Latte,1.0,Regular,,"Regular, To go, Iced, Whole, Cinnamon Roll",$5.50,$0.00,$5.50,$0.00,iPad,Payment,Cor Coffee,,ea,1,Physical Good,Cor Coffee
2026-09-29,12:11:31,Central Time (US & Canada),Espresso Drinks,Latte,1.0,Regular,,"Regular, To go, Iced, Soy, Cinnamon Roll",$6.30,$0.00,$6.30,$0.00,iPad,Payment,Cor Coffee,,ea,1,Physical Good,Cor Coffee
2026-09-29,12:10:50,Central Time (US & Canada),Espresso Drinks,Latte,1.0,Regular,,"Regular, To go, Iced, Whole, Cinnamon Roll",$5.50,$0.00,$5.50,$0.00,iPad,Payment,Cor Coffee,,ea,1,Physical Good,Cor Coffee
2026-09-29,12:09:34,Central Time (US & Canada),Coffee Drinks,Coffee,1.0,Regular,,,$3.00,$0.00,$3.00,$0.00,iPad,Payment,Cor Coffee,,ea,1,Physical Good,Cor Coffee
2026-09-29,12:07:03,Central Time (US & Canada),Food,Taos Bar,1.0,Regular,,,$2.00,$0.00,$2.00,$0.00,iPad,Payment,Cor Coffee,,ea,1,Physical Good,Cor Coffee
2026-09-29,12:04:05,Central Time (US & Canada),Espresso Drinks,Mocha,1.0,Regular,,"Regular, To go, Iced, Whole",$5.25,$0.00,$5.25,$0.00,iPad,Payment,Cor Coffee,,ea,1,Physical Good,Cor Coffee
2026-09-29,12:02:39,Central Time (US & Canada),Espresso Drinks,Mocha,1.0,Regular,,"Regular, To go, Iced, Whole",$5.25,$0.00,$5.25,$0.00,iPad,Payment,Cor Coffee,,ea,1,Physical Good,Cor Coffee
2026-09-29,11:58:55,Central Time (US & Canada),Espresso Drinks,Latte,1.0,Regular,,"Regular, To go, Iced, Whole, Cinnamon Roll, Cold Foam",$6.25,$0.00,$6.25,$0.00,iPad,Payment,Cor Coffee,,ea,1,Physical Good,Cor Coffee
2026-09-29,11:53:26,Central Time (US & Canada),Espresso Drinks,Flat White,1.0,Regular,,"Regular, To go, Whole",$4.25,$0.00,$4.25,$0.00,iPad,Payment,Cor Coffee,,ea,1,Physical Good,Cor Coffee
2026-09-29,11:49:49,Central Time (US & Canada),Teas,Tea,1.0,Regular,,Iced,$3.75,$0.00,$3.75,$0.00,iPad,Payment,Cor Coffee,,ea,1,Physical Good,Cor Coffee
2026-09-29,11:44:27,Central Time (US & Canada),Espresso Drinks,Latte,1.0,Regular,,"Regular, To go, Iced, Whole, Vanilla, Blueberry, Cold Foam",$6.75,$0.00,$6.75,$0.00,iPad,Payment,Cor Coffee,,ea,1,Physical Good,Cor Coffee
2026-09-29,11:41:12,Central Time (US & Canada),Teas,Tea,1.0,Regular,,,$3.75,$0.00,$3.75,$0.00,iPad,Payment,Cor Coffee,,ea,1,Physical Good,Cor Coffee
2026-09-29,11:40:10,Central Time (US & Canada),Espresso Drinks,Latte,1.0,Regular,,"Regular, To go, Iced, Oat, Vanilla",$6.05,$0.00,$6.05,$0.00,iPad,Payment,Cor Coffee,,ea,1,Physical Good,Cor Coffee
2026-09-29,11:38:10,Central Time (US & Canada),Espresso Drinks,Latte,2.0,Regular,,"Regular, To go, Iced, Oat, Cinnamon Roll, Cold Foam",$14.10,$0.00,$14.10,$0.00,iPad,Payment,Cor Coffee,,ea,2,Physical Good,Cor Coffee
2026-09-29,11:35:20,Central Time (US & Canada),Teas,Matcha Latte,1.0,Regular,,"Lavender, To go, Iced, Whole, Regular",$6.00,$0.00,$6.00,$0.00,iPad,Payment,Cor Coffee,,ea,1,Physical Good,Cor Coffee
2026-09-29,11:28:34,Central Time (US & Canada),Espresso Drinks,Latte,2.0,Regular,,"Regular, To go, Iced, Whole, Cinnamon Roll",$11.00,$0.00,$11.00,$0.00,iPad,Payment,Cor Coffee,,ea,2,Physical Good,Cor Coffee
2026-09-29,11:25:45,Central Time (US & Canada),Teas,Chai Latte,1.0,Regular,,"To go, Iced, Almond, Cinnamon Roll",$6.80,-$3.40,$3.40,$0.00,iPad,Payment,Cor Coffee,,ea,1,Physical Good,Cor Coffee
2026-09-29,11:23:43,Central Time (US & Canada),Coffee Drinks,Coffee,1.0,Regular,,,$3.00,$0.00,$3.00,$0.00,iPad,Payment,Cor Coffee,,ea,1,Physical Good,Cor Coffee
2026-09-29,11:22:39,Central Time (US & Canada),Espresso Drinks,Latte,1.0,Regular,,"Regular, To go, Iced, Whole, Vanilla",$5.25,-$2.62,$2.63,$0.00,iPad,Payment,Cor Coffee,,ea,1,Physical Good,Cor Coffee
2026-09-29,11:17:25,Central Time (US & Canada),Espresso Drinks,Cortado,1.0,Regular,,"Regular, Here",$4.00,$0.00,$4.00,$0.00,iPad,Payment,Cor Coffee,,ea,1,Physical Good,Cor Coffee
2026-09-29,11:16:49,Central Time (US & Canada),Teas,Chai Latte,1.0,Regular,,"Iced, Whole",$5.25,$0.00,$5.25,$0.00,iPad,Payment,Cor Coffee,,ea,1,Physical Good,Cor Coffee
2026-09-29,11:13:45,Central Time (US & Canada),Espresso Drinks,Mocha,1.0,Regular,,"Regular, Here, Hot, Whole",$5.25,$0.00,$5.25,$0.00,iPad,Payment,Cor Coffee,,ea,1,Physical Good,Cor Coffee
2026-09-29,11:12:48,Central Time (US & Canada),Espresso Drinks,Latte,1.0,Regular,,"Regular, To go, Iced, Whole, Vanilla",$5.25,$0.00,$5.25,$0.00,iPad,Payment,Cor Coffee,,ea,1,Physical Good,Cor Coffee
2026-09-29,11:08:49,Central Time (US & Canada),Coffee Drinks,Cafe Au Lait,1.0,Regular,,Cinnamon Roll,$4.00,$0.00,$4.00,$0.00,iPad,Payment,Cor Coffee,,ea,1,Physical Good,Cor Coffee
2026-09-29,11:08:00,Central Time (US & Canada),Espresso Drinks,Latte,1.0,Regular,,"Regular, To go, Iced, Whole, Cinnamon Roll",$5.50,$0.00,$5.50,$0.00,iPad,Payment,Cor Coffee,,ea,1,Physical Good,Cor Coffee
2026-09-29,11:06:56,Central Time (US & Canada),Espresso Drinks,Latte,1.0,Regular,,"Regular, To go, Iced, Whole, Vanilla, Cold Foam",$6.00,$0.00,$6.00,$0.00,iPad,Payment,Cor Coffee,,ea,1,Physical Good,Cor Coffee
2026-09-29,11:05:59,Central Time (US & Canada),Espresso Drinks,Latte,1.0,Regular,,"Regular, To go, Iced, Whole, Cinnamon Roll, Cold Foam",$6.25,$0.00,$6.25,$0.00,iPad,Payment,Cor Coffee,,ea,1,Physical Good,Cor Coffee
2026-09-29,11:04:58,Central Time (US & Canada),Espresso Drinks,Latte,1.0,Regular,,"Regular, To go, Iced, Whole, Vanilla",$5.25,$0.00,$5.25,$0.00,iPad,Payment,Cor Coffee,,ea,1,Physical Good,Cor Coffee
2026-09-29,11:03:02,Central Time (US & Canada),Teas,Chai Latte,1.0,Regular,,"To go, Iced, Whole, Cinnamon Roll",$6.00,$0.00,$6.00,$0.00,iPad,Payment,Cor Coffee,,ea,1,Physical Good,Cor Coffee
2026-09-29,11:01:52,Central Time (US & Canada),Merch,Pullover,1.0,Regular,,,$30.00,$0.00,$30.00,$0.00,iPad,Payment,Cor Coffee,,ea,1,Physical Good,Cor Coffee
2026-09-29,11:01:52,Central Time (US & Canada),Teas,Matcha Latte,1.0,Regular,,"Vanilla, To go, Iced, Oat, Regular",$6.80,$0.00,$6.80,$0.00,iPad,Payment,Cor Coffee,,ea,1,Physical Good,Cor Coffee
2026-09-29,11:00:29,Central Time (US & Canada),Teas,Tea,1.0,Regular,,Blueberry,$4.50,$0.00,$4.50,$0.00,iPad,Payment,Cor Coffee,,ea,1,Physical Good,Cor Coffee
2026-09-29,10:58:42,Central Time (US & Canada),Espresso Drinks,Latte,1.0,Regular,,"Regular, To go, Iced, Oat, Vanilla",$6.05,-$3.02,$3.03,$0.00,iPad,Payment,Cor Coffee,,ea,1,Physical Good,Cor Coffee
2026-09-29,10:55:46,Central Time (US & Canada),Espresso Drinks,Latte,1.0,Regular,,"Regular, To go, Iced, Almond, Vanilla",$6.05,$0.00,$6.05,$0.00,iPad,Payment,Cor Coffee,,ea,1,Physical Good,Cor Coffee
2026-09-29,10:54:56,Central Time (US & Canada),Espresso Drinks,Latte,1.0,Regular,,"Regular, To go, Iced, Oat, Vanilla",$6.05,$0.00,$6.05,$0.00,iPad,Payment,Cor Coffee,,ea,1,Physical Good,Cor Coffee
2026-09-29,10:49:57,Central Time (US & Canada),Teas,Matcha Latte,1.0,Regular,,"Lavender, To go, Iced, Oat, Regular",$6.80,$0.00,$6.80,$0.00,iPad,Payment,Cor Coffee,,ea,1,Physical Good,Cor Coffee
2026-09-29,10:45:51,Central Time (US & Canada),Espresso Drinks,Latte,1.0,Regular,,"Regular, To go, Iced, Whole, Vanilla",$5.25,$0.00,$5.25,$0.00,iPad,Payment,Cor Coffee,,ea,1,Physical Good,Cor Coffee
2026-09-29,10:40:35,Central Time (US & Canada),Espresso Drinks,Latte,1.0,Regular,,"Regular, To go, Hot, Whole, Vanilla",$5.25,$0.00,$5.25,$0.00,iPad,Payment,Cor Coffee,,ea,1,Physical Good,Cor Coffee
2026-09-29,10:39:44,Central Time (US & Canada),Espresso Drinks,Latte,1.0,Regular,,"Regular, To go, Hot, Whole, Vanilla",$5.25,$0.00,$5.25,$0.00,iPad,Payment,Cor Coffee,,ea,1,Physical Good,Cor Coffee
2026-09-29,10:36:14,Central Time (US & Canada),Espresso Drinks,Latte,1.0,Regular,,"Regular, To go, Iced, Whole, Vanilla",$5.25,-$2.62,$2.63,$0.00,iPad,Payment,Cor Coffee,,ea,1,Physical Good,Cor Coffee
2026-09-29,10:28:35,Central Time (US & Canada),Espresso Drinks,Latte,1.0,Regular,,"Regular, Iced, Oat, Cinnamon Roll",$6.30,$0.00,$6.30,$0.00,iPad,Payment,Cor Coffee,,ea,1,Physical Good,Cor Coffee
2026-09-29,10:27:30,Central Time (US & Canada),Teas,Matcha Latte,1.0,Regular,,"Vanilla, Hot, Oat, Sweet",$6.80,-$6.80,$0.00,$0.00,iPad,Payment,Cor Coffee,,ea,1,Physical Good,Cor Coffee
2026-09-29,10:24:34,Central Time (US & Canada),Teas,Matcha Latte,1.0,Regular,,"Iced, Oat, Regular",$6.30,$0.00,$6.30,$0.00,iPad,Payment,Cor Coffee,,ea,1,Physical Good,Cor Coffee
2026-09-29,10:23:41,Central Time (US & Canada),Espresso Drinks,Latte,1.0,Regular,,"Regular, Iced, Almond, Vanilla",$6.05,$0.00,$6.05,$0.00,iPad,Payment,Cor Coffee,,ea,1,Physical Good,Cor Coffee
2026-09-29,10:22:55,Central Time (US & Canada),Coffee Drinks,Cold Brew,1.0,Regular,,"Cinnamon Roll, Cold Foam",$6.00,$0.00,$6.00,$0.00,iPad,Payment,Cor Coffee,,ea,1,Physical Good,Cor Coffee
2026-09-29,10:22:55,Central Time (US & Canada),Espresso Drinks,Latte,1.0,Regular,,"Regular, Oat, Vanilla",$6.05,$0.00,$6.05,$0.00,iPad,Payment,Cor Coffee,,ea,1,Physical Good,Cor Coffee
2026-09-29,10:22:01,Central Time (US & Canada),Espresso Drinks,Latte,1.0,Regular,,"Regular, Soy, Lavender",$6.05,$0.00,$6.05,$0.00,iPad,Payment,Cor Coffee,,ea,1,Physical Good,Cor Coffee
2026-09-29,10:21:01,Central Time (US & Canada),Espresso Drinks,Latte,2.0,Regular,,"Regular, Iced, Oat, Vanilla",$12.10,$0.00,$12.10,$0.00,iPad,Payment,Cor Coffee,,ea,2,Physical Good,Cor Coffee
2026-09-29,10:21:01,Central Time (US & Canada),Food,LiaP Cookie,1.0,Regular,,,$2.00,$0.00,$2.00,$0.00,iPad,Payment,Cor Coffee,,ea,1,Physical Good,Cor Coffee
2026-09-29,10:19:29,Central Time (US & Canada),Teas,Matcha Latte,1.0,Regular,,"Lavender, Iced, Whole, Sweet",$6.00,$0.00,$6.00,$0.00,iPad,Payment,Cor Coffee,,ea,1,Physical Good,Cor Coffee
2026-09-29,10:18:23,Central Time (US & Canada),Espresso Drinks,Mocha,1.0,Regular,,"Regular, Iced, Oat",$6.05,$0.00,$6.05,$0.00,iPad,Payment,Cor Coffee,,ea,1,Physical Good,Cor Coffee
2026-09-29,10:17:30,Central Time (US & Canada),Teas,Chai Latte,1.0,Regular,,"Iced, Oat, Add shot",$7.05,$0.00,$7.05,$0.00,iPad,Payment,Cor Coffee,,ea,1,Physical Good,Cor Coffee
2026-09-29,10:05:11,Central Time (US & Canada),Coffee Drinks,Cafe Au Lait,1.0,Regular,,Cinnamon Roll,$4.00,$0.00,$4.00,$0.00,iPad,Payment,Cor Coffee,,ea,1,Physical Good,Cor Coffee
2026-09-29,10:05:11,Central Time (US & Canada),Food,Taos Bar,1.0,Regular,,,$2.00,$0.00,$2.00,$0.00,iPad,Payment,Cor Coffee,,ea,1,Physical Good,Cor Coffee
2026-09-29,10:03:47,Central Time (US & Canada),Espresso Drinks,Latte,1.0,Regular,,"Regular, Iced, Whole, Cinnamon Roll, Cold Foam",$6.25,$0.00,$6.25,$0.00,iPad,Payment,Cor Coffee,,ea,1,Physical Good,Cor Coffee
2026-09-29,10:02:57,Central Time (US & Canada),Espresso Drinks,Latte,1.0,Regular,,"Regular, Iced, Whole, Cinnamon Roll, Cold Foam",$6.25,$0.00,$6.25,$0.00,iPad,Payment,Cor Coffee,,ea,1,Physical Good,Cor Coffee
2026-09-29,10:01:24,Central Time (US & Canada),Teas,Chai Latte,1.0,Regular,,"Iced, Whole, Cinnamon Roll, Cold Foam",$6.75,$0.00,$6.75,$0.00,iPad,Payment,Cor Coffee,,ea,1,Physical Good,Cor Coffee
2026-09-29,09:52:03,Central Time (US & Canada),Teas,Matcha Latte,1.0,Regular,,"Vanilla, To go, Iced, Whole, Sweet",$6.00,-$6.00,$0.00,$0.00,iPad,Payment,Cor Coffee,,ea,1,Physical Good,Cor Coffee
2026-09-29,09:51:30,Central Time (US & Canada),Coffee Drinks,Cold Brew,1.0,Regular,,Cold Foam,$5.25,-$5.25,$0.00,$0.00,iPad,Payment,Cor Coffee,,ea,1,Physical Good,Cor Coffee
2026-09-29,09:36:41,Central Time (US & Canada),Espresso Drinks,Latte,1.0,Regular,,"Regular, To go, Hot, Oat, Lavender",$6.05,$0.00,$6.05,$0.00,iPad,Payment,Cor Coffee,,ea,1,Physical Good,Cor Coffee
2026-09-29,09:27:25,Central Time (US & Canada),Espresso Drinks,Latte,1.0,Regular,,"Regular, To go, Hot, Half&Half (breve), Vanilla",$6.00,$0.00,$6.00,$0.00,iPad,Payment,Cor Coffee,,ea,1,Physical Good,Cor Coffee
2026-09-29,09:20:50,Central Time (US & Canada),Coffee Drinks,Cold Brew,1.0,Regular,,,$4.50,$0.00,$4.50,$0.00,iPad,Payment,Cor Coffee,,ea,1,Physical Good,Cor Coffee
2026-09-29,09:20:16,Central Time (US & Canada),Espresso Drinks,Latte,1.0,Regular,,"Regular, Iced, Whole, Vanilla",$5.25,$0.00,$5.25,$0.00,iPad,Payment,Cor Coffee,,ea,1,Physical Good,Cor Coffee
2026-09-29,09:11:34,Central Time (US & Canada),Teas,Matcha Latte,1.0,Regular,,"Vanilla, Iced, Oat, Sweet",$6.80,$0.00,$6.80,$0.00,iPad,Payment,Cor Coffee,,ea,1,Physical Good,Cor Coffee
2026-09-29,09:10:44,Central Time (US & Canada),Teas,Matcha Latte,1.0,Regular,,"Iced, Whole, Sweet",$5.50,$0.00,$5.50,$0.00,iPad,Payment,Cor Coffee,,ea,1,Physical Good,Cor Coffee
2026-09-29,09:07:44,Central Time (US & Canada),Espresso Drinks,Latte,1.0,Regular,,"Regular, Iced, Oat, Vanilla",$6.05,$0.00,$6.05,$0.00,iPad,Payment,Cor Coffee,,ea,1,Physical Good,Cor Coffee
2026-09-29,09:06:56,Central Time (US & Canada),Espresso Drinks,Latte,1.0,Regular,,"Regular, Iced, Almond, Vanilla",$6.05,$0.00,$6.05,$0.00,iPad,Payment,Cor Coffee,,ea,1,Physical Good,Cor Coffee
2026-09-28,15:49:42,Central Time (US & Canada),Espresso Drinks,Cortado,1.0,Regular,,Regular,$4.00,$0.00,$4.00,$0.00,iPad,Payment,Cor Coffee,,ea,1,Physical Good,Cor Coffee
2026-09-28,15:37:13,Central Time (US & Canada),Teas,Matcha Latte,1.0,Regular,,"To go, Iced, Whole, Sweet",$5.50,$0.00,$5.50,$0.00,iPad,Payment,Cor Coffee,,ea,1,Physical Good,Cor Coffee
2026-09-28,15:36:00,Central Time (US & Canada),Teas,Chai Latte,1.0,Regular,,"To go, Hot, Whole",$5.25,$0.00,$5.25,$0.00,iPad,Payment,Cor Coffee,,ea,1,Physical Good,Cor Coffee
2026-09-28,15:32:43,Central Time (US & Canada),Espresso Drinks,Latte,1.0,Regular,,"Regular, To go, Iced, Whole, Vanilla, Cold Foam",$6.00,-$6.00,$0.00,$0.00,iPad,Payment,Cor Coffee,,ea,1,Physical Good,Cor Coffee
2026-09-28,15:22:22,Central Time (US & Canada),Espresso Drinks,Latte,1.0,Regular,,"Regular, To go, Iced, Whole, Cinnamon Roll, Cold Foam",$6.25,$0.00,$6.25,$0.00,iPad,Payment,Cor Coffee,,ea,1,Physical Good,Cor Coffee
2026-09-28,15:13:19,Central Time (US & Canada),Teas,Tea,2.0,Regular,,,$7.50,$0.00,$7.50,$0.00,iPad,Payment,Cor Coffee,,ea,2,Physical Good,Cor Coffee
2026-09-28,15:07:59,Central Time (US & Canada),Coffee Drinks,Coffee,1.0,Regular,,,$3.00,$0.00,$3.00,$0.00,iPad,Payment,Cor Coffee,,ea,1,Physical Good,Cor Coffee
2026-09-28,15:05:56,Central Time (US & Canada),Espresso Drinks,Latte,1.0,Regular,,"Regular, To go, Hot, Soy",$5.55,$0.00,$5.55,$0.00,iPad,Payment,Cor Coffee,,ea,1,Physical Good,Cor Coffee
2026-09-28,14:57:44,Central Time (US & Canada),Espresso Drinks,Americano,1.0,Regular,,"Regular, To go, Iced",$3.75,$0.00,$3.75,$0.00,iPad,Payment,Cor Coffee,,ea,1,Physical Good,Cor Coffee
2026-09-28,14:57:44,Central Time (US & Canada),Food,Taos Bar,1.0,Regular,,,$2.00,$0.00,$2.00,$0.00,iPad,Payment,Cor Coffee,,ea,1,Physical Good,Cor Coffee
2026-09-28,14:56:14,Central Time (US & Canada),Teas,Matcha Latte,1.0,Regular,,"Blueberry, To go, Iced, Whole, Regular",$6.25,$0.00,$6.25,$0.00,iPad,Payment,Cor Coffee,,ea,1,Physical Good,Cor Coffee
2026-09-28,14:43:22,Central Time (US & Canada),Coffee Drinks,Coffee,1.0,Regular,,,$3.00,$0.00,$3.00,$0.00,iPad,Payment,Cor Coffee,,ea,1,Physical Good,Cor Coffee
2026-09-28,14:41:50,Central Time (US & Canada),Teas,Matcha Latte,1.0,Regular,,"Blueberry, To go, Iced, Whole, Regular",$6.25,$0.00,$6.25,$0.00,iPad,Payment,Cor Coffee,,ea,1,Physical Good,Cor Coffee
2026-09-28,14:39:10,Central Time (US & Canada),Espresso Drinks,Latte,1.0,Regular,,"Regular, To go, Iced, Almond, Vanilla",$6.05,$0.00,$6.05,$0.00,iPad,Payment,Cor Coffee,,ea,1,Physical Good,Cor Coffee
2026-09-28,14:38:34,Central Time (US & Canada),Espresso Drinks,Mocha,1.0,Regular,,"Regular, To go, Hot, Whole",$5.25,$0.00,$5.25,$0.00,iPad,Payment,Cor Coffee,,ea,1,Physical Good,Cor Coffee
2026-09-28,14:37:55,Central Time (US & Canada),Espresso Drinks,Mocha,1.0,Regular,,"Regular, To go, Hot, Whole",$5.25,$0.00,$5.25,$0.00,iPad,Payment,Cor Coffee,,ea,1,Physical Good,Cor Coffee
2026-09-28,14:36:57,Central Time (US & Canada),Teas,Matcha Latte,1.0,Regular,,"To go, Iced, Whole, Regular",$5.50,$0.00,$5.50,$0.00,iPad,Payment,Cor Coffee,,ea,1,Physical Good,Cor Coffee
2026-09-28,14:24:45,Central Time (US & Canada),Espresso Drinks,Latte,1.0,Regular,,"Regular, To go, Iced, Almond, Vanilla",$6.05,$0.00,$6.05,$0.00,iPad,Payment,Cor Coffee,,ea,1,Physical Good,Cor Coffee
2026-09-28,14:23:09,Central Time (US & Canada),Espresso Drinks,Mocha,1.0,Regular,,"Regular, To go, Iced, Oat",$6.05,$0.00,$6.05,$0.00,iPad,Payment,Cor Coffee,,ea,1,Physical Good,Cor Coffee
2026-09-28,14:09:28,Central Time (US & Canada),Espresso Drinks,Latte,1.0,Regular,,"Regular, To go, Iced, Whole",$4.75,-$2.38,$2.37,$0.00,iPad,Payment,Cor Coffee,,ea,1,Physical Good,Cor Coffee
2026-09-28,14:06:04,Central Time (US & Canada),Food,LiaP Cookie,1.0,Regular,,,$2.00,$0.00,$2.00,$0.00,iPad,Payment,Cor Coffee,,ea,1,Physical Good,Cor Coffee
2026-09-28,14:05:02,Central Time (US & Canada),Espresso Drinks,Americano,1.0,Regular,,"Regular, To go, Iced",$3.75,$0.00,$3.75,$0.00,iPad,Payment,Cor Coffee,,ea,1,Physical Good,Cor Coffee
2026-09-28,14:03:24,Central Time (US & Canada),Espresso Drinks,Latte,1.0,Regular,,"Regular, To go, Iced, Whole, Lavender",$5.25,$0.00,$5.25,$0.00,iPad,Payment,Cor Coffee,,ea,1,Physical Good,Cor Coffee
2026-09-28,14:02:26,Central Time (US & Canada),Espresso Drinks,Latte,1.0,Regular,,Regular,$4.75,$0.00,$4.75,$0.00,iPad,Payment,Cor Coffee,,ea,1,Physical Good,Cor Coffee
2026-09-28,14:00:27,Central Time (US & Canada),Coffee Drinks,Coffee,1.0,Regular,,,$3.00,$0.00,$3.00,$0.00,iPad,Payment,Cor Coffee,,ea,1,Physical Good,Cor Coffee
2026-09-28,13:59:50,Central Time (US & Canada),Other Drinks,Lemonade,1.0,Regular,,,$3.00,$0.00,$3.00,$0.00,iPad,Payment,Cor Coffee,,ea,1,Physical Good,Cor Coffee
2026-09-28,13:58:28,Central Time (US & Canada),Teas,Matcha Latte,1.0,Regular,,,$5.50,$0.00,$5.50,$0.00,iPad,Payment,Cor Coffee,,ea,1,Physical Good,Cor Coffee
2026-09-28,13:58:28,Central Time (US & Canada),Espresso Drinks,Americano,1.0,Regular,,Regular,$3.75,$0.00,$3.75,$0.00,iPad,Payment,Cor Coffee,,ea,1,Physical Good,Cor Coffee
2026-09-28,13:57:21,Central Time (US & Canada),Espresso Drinks,Latte,1.0,Regular,,"Regular, To go, Iced, Oat, Cinnamon Roll",$6.30,$0.00,$6.30,$0.00,iPad,Payment,Cor Coffee,,ea,1,Physical Good,Cor Coffee
2026-09-28,13:57:21,Central Time (US & Canada),Food,Taos Bar,1.0,Regular,,Caramel (orange),$2.00,$0.00,$2.00,$0.00,iPad,Payment,Cor Coffee,,ea,1,Physical Good,Cor Coffee
2026-09-28,13:55:13,Central Time (US & Canada),Espresso Drinks,Latte,1.0,Regular,,"Regular, Here, Iced, Whole, Lavender",$5.25,$0.00,$5.25,$0.00,iPad,Payment,Cor Coffee,,ea,1,Physical Good,Cor Coffee
2026-09-28,13:44:27,Central Time (US & Canada),Espresso Drinks,Latte,1.0,Regular,,"Regular, To go, Oat",$5.55,$0.00,$5.55,$0.00,iPad,Payment,Cor Coffee,,ea,1,Physical Good,Cor Coffee
2026-09-28,13:42:01,Central Time (US & Canada),Teas,Chai Latte,1.0,Regular,,,$5.25,$0.00,$5.25,$0.00,iPad,Payment,Cor Coffee,,ea,1,Physical Good,Cor Coffee
2026-09-28,13:38:10,Central Time (US & Canada),Espresso Drinks,Latte,1.0,Regular,,"Regular, Here, Hot, Whole",$4.75,$0.00,$4.75,$0.00,iPad,Payment,Cor Coffee,,ea,1,Physical Good,Cor Coffee
2026-09-28,13:33:34,Central Time (US & Canada),Coffee Drinks,Coffee,1.0,Regular,,,$3.00,$0.00,$3.00,$0.00,iPad,Payment,Cor Coffee,,ea,1,Physical Good,Cor Coffee
2026-09-28,13:27:33,Central Time (US & Canada),Other Drinks,Hot Chocolate,1.0,Regular,,,$4.00,$0.00,$4.00,$0.00,iPad,Payment,Cor Coffee,,ea,1,Physical Good,Cor Coffee
2026-09-28,13:22:40,Central Time (US & Canada),Espresso Drinks,Cappuccino,1.0,Regular,,Regular,$4.50,$0.00,$4.50,$0.00,iPad,Payment,Cor Coffee,,ea,1,Physical Good,Cor Coffee
2026-09-28,13:21:36,Central Time (US & Canada),Teas,Matcha Latte,1.0,Regular,,Iced,$5.50,-$5.50,$0.00,$0.00,iPad,Payment,Cor Coffee,,ea,1,Physical Good,Cor Coffee
2026-09-28,13:17:46,Central Time (US & Canada),Teas,Chai Latte,1.0,Regular,,,$5.25,$0.00,$5.25,$0.00,iPad,Payment,Cor Coffee,,ea,1,Physical Good,Cor Coffee
2026-09-28,13:16:33,Central Time (US & Canada),Espresso Drinks,Latte,1.0,Regular,,"Regular, Here, Iced, Oat, Vanilla",$6.05,$0.00,$6.05,$0.00,iPad,Payment,Cor Coffee,,ea,1,Physical Good,Cor Coffee
2026-09-28,13:12:23,Central Time (US & Canada),Coffee Drinks,Cafe Au Lait,1.0,Regular,,,$3.25,$0.00,$3.25,$0.00,iPad,Payment,Cor Coffee,,ea,1,Physical Good,Cor Coffee
2026-09-28,13:12:23,Central Time (US & Canada),Food,Taos Bar,1.0,Regular,,,$2.00,$0.00,$2.00,$0.00,iPad,Payment,Cor Coffee,,ea,1,Physical Good,Cor Coffee
2026-09-28,13:08:39,Central Time (US & Canada),Espresso Drinks,Latte,1.0,Regular,,"Regular, To go, Hot, Oat, Cinnamon Roll",$6.30,$0.00,$6.30,$0.00,iPad,Payment,Cor Coffee,,ea,1,Physical Good,Cor Coffee
2026-09-28,13:07:54,Central Time (US & Canada),Espresso Drinks,Latte,1.0,Regular,,Regular,$4.75,$0.00,$4.75,$0.00,iPad,Payment,Cor Coffee,,ea,1,Physical Good,Cor Coffee
2026-09-28,13:01:23,Central Time (US & Canada),Teas,Matcha Latte,1.0,Regular,,Vanilla,$6.00,$0.00,$6.00,$0.00,iPad,Payment,Cor Coffee,,ea,1,Physical Good,Cor Coffee
2026-09-28,12:59:21,Central Time (US & Canada),Espresso Drinks,Mocha,1.0,Regular,,"Decaf, Iced, Whole",$5.25,$0.00,$5.25,$0.00,iPad,Payment,Cor Coffee,,ea,1,Physical Good,Cor Coffee
2026-09-28,12:58:29,Central Time (US & Canada),Espresso Drinks,Mocha,1.0,Regular,,Regular,$5.25,$0.00,$5.25,$0.00,iPad,Payment,Cor Coffee,,ea,1,Physical Good,Cor Coffee
2026-09-28,12:57:58,Central Time (US & Canada),Espresso Drinks,Espresso,1.0,Regular,,Regular,$3.25,$0.00,$3.25,$0.00,iPad,Payment,Cor Coffee,,ea,1,Physical Good,Cor Coffee
2026-09-28,12:57:58,Central Time (US & Canada),Espresso Drinks,Latte,1.0,Regular,,"Regular, To go, Whole, Lavender",$5.25,$0.00,$5.25,$0.00,iPad,Payment,Cor Coffee,,ea,1,Physical Good,Cor Coffee
2026-09-28,12:56:27,Central Time (US & Canada),Teas,Tea,1.0,Regular,,,$3.75,$0.00,$3.75,$0.00,iPad,Payment,Cor Coffee,,ea,1,Physical Good,Cor Coffee
2026-09-28,12:55:43,Central Time (US & Canada),Espresso Drinks,Mocha,1.0,Regular,,"Regular, Iced, Whole",$5.25,$0.00,$5.25,$0.00,iPad,Payment,Cor Coffee,,ea,1,Physical Good,Cor Coffee
2026-09-28,12:54:47,Central Time (US & Canada),Espresso Drinks,Latte,1.0,Regular,,"Regular, To go, Iced, Oat, Cold Foam",$6.30,$0.00,$6.30,$0.00,iPad,Payment,Cor Coffee,,ea,1,Physical Good,Cor Coffee
2026-09-28,12:52:23,Central Time (US & Canada),Espresso Drinks,Cortado,1.0,Regular,,Regular,$4.00,-$4.00,$0.00,$0.00,iPad,Payment,Cor Coffee,,ea,1,Physical Good,Cor Coffee
2026-09-28,12:51:25,Central Time (US & Canada),Teas,Matcha Latte,1.0,Regular,,"To go, Iced, Whole",$5.50,$0.00,$5.50,$0.00,iPad,Payment,Cor Coffee,,ea,1,Physical Good,Cor Coffee
2026-09-28,12:50:27,Central Time (US & Canada),Teas,Matcha Latte,1.0,Regular,,"Cinnamon Roll, To go, Whole",$6.25,-$6.25,$0.00,$0.00,iPad,Payment,Cor Coffee,,ea,1,Physical Good,Cor Coffee
2026-09-28,12:49:14,Central Time (US & Canada),Espresso Drinks,Latte,1.0,Regular,,"Regular, To go, Whole, Cinnamon Roll",$5.50,$0.00,$5.50,$0.00,iPad,Payment,Cor Coffee,,ea,1,Physical Good,Cor Coffee
2026-09-28,12:49:14,Central Time (US & Canada),Other Drinks,Lemonade,1.0,Regular,,,$3.00,$0.00,$3.00,$0.00,iPad,Payment,Cor Coffee,,ea,1,Physical Good,Cor Coffee
2026-09-28,12:47:05,Central Time (US & Canada),Teas,Chai Latte,1.0,Regular,,"To go, Iced, Oat",$6.05,$0.00,$6.05,$0.00,iPad,Payment,Cor Coffee,,ea,1,Physical Good,Cor Coffee
2026-09-28,12:45:46,Central Time (US & Canada),Coffee Drinks,Coffee,1.0,Regular,,To go,$3.00,$0.00,$3.00,$0.00,iPad,Payment,Cor Coffee,,ea,1,Physical Good,Cor Coffee
2026-09-28,12:43:51,Central Time (US & Canada),Other Drinks,Lemonade,1.0,Regular,,,$3.00,$0.00,$3.00,$0.00,iPad,Payment,Cor Coffee,,ea,1,Physical Good,Cor Coffee
2026-09-28,12:43:28,Central Time (US & Canada),Other Drinks,Lemonade,1.0,Regular,,,$3.00,$0.00,$3.00,$0.00,iPad,Payment,Cor Coffee,,ea,1,Physical Good,Cor Coffee
2026-09-28,12:42:58,Central Time (US & Canada),Espresso Drinks,Latte,1.0,Regular,,"Regular, Here, Iced, Whole, Cinnamon Roll, Cold Foam",$6.25,$0.00,$6.25,$0.00,iPad,Payment,Cor Coffee,,ea,1,Physical Good,Cor Coffee
2026-09-28,12:42:58,Central Time (US & Canada),Espresso Drinks,Latte,1.0,Regular,,"Regular, Here, Iced, Whole, Cinnamon Roll, Cold Foam",$6.25,$0.00,$6.25,$0.00,iPad,Payment,Cor Coffee,,ea,1,Physical Good,Cor Coffee
2026-09-28,11:57:47,Central Time (US & Canada),Coffee Drinks,Coffee,1.0,Regular,,To go,$3.00,$0.00,$3.00,$0.00,iPad,Payment,Cor Coffee,,ea,1,Physical Good,Cor Coffee
2026-09-28,11:50:22,Central Time (US & Canada),Teas,Matcha Latte,1.0,Regular,,"Blueberry, To go, Iced, Whole",$6.25,$0.00,$6.25,$0.00,iPad,Payment,Cor Coffee,,ea,1,Physical Good,Cor Coffee
2026-09-28,11:48:49,Central Time (US & Canada),Espresso Drinks,Latte,1.0,Regular,,"Regular, To go, Iced, Whole, Vanilla",$5.25,-$5.25,$0.00,$0.00,iPad,Payment,Cor Coffee,,ea,1,Physical Good,Cor Coffee
2026-09-28,11:48:49,Central Time (US & Canada),Teas,Matcha Latte,1.0,Regular,,"Lavender, To go, Iced, Whole, Regular",$6.00,-$6.00,$0.00,$0.00,iPad,Payment,Cor Coffee,,ea,1,Physical Good,Cor Coffee
2026-09-28,11:41:07,Central Time (US & Canada),Teas,Matcha Latte,1.0,Regular,,"Cold Foam, To go, Iced, Almond, Regular",$7.05,$0.00,$7.05,$0.00,iPad,Payment,Cor Coffee,,ea,1,Physical Good,Cor Coffee
2026-09-28,11:33:24,Central Time (US & Canada),Espresso Drinks,Latte,1.0,Regular,,"Regular, To go, Iced, Whole",$4.75,$0.00,$4.75,$0.00,iPad,Payment,Cor Coffee,,ea,1,Physical Good,Cor Coffee
2026-09-28,11:29:38,Central Time (US & Canada),Espresso Drinks,Latte,1.0,Regular,,"Regular, To go, Iced, Whole, Blueberry",$5.50,$0.00,$5.50,$0.00,iPad,Payment,Cor Coffee,,ea,1,Physical Good,Cor Coffee
2026-09-28,11:27:38,Central Time (US & Canada),Teas,Tea,1.0,Regular,,,$3.75,$0.00,$3.75,$0.00,iPad,Payment,Cor Coffee,,ea,1,Physical Good,Cor Coffee
2026-09-28,11:26:47,Central Time (US & Canada),Espresso Drinks,Latte,1.0,Regular,,"Regular, To go, Iced, Whole, Vanilla",$5.25,$0.00,$5.25,$0.00,iPad,Payment,Cor Coffee,,ea,1,Physical Good,Cor Coffee
2026-09-28,11:15:41,Central Time (US & Canada),Espresso Drinks,Latte,1.0,Regular,,"Regular, To go, Iced, Oat, Cinnamon Roll",$6.30,$0.00,$6.30,$0.00,iPad,Payment,Cor Coffee,,ea,1,Physical Good,Cor Coffee
2026-09-28,11:14:49,Central Time (US & Canada),Food,Taos Bar,2.0,Regular,,,$4.00,$0.00,$4.00,$0.00,iPad,Payment,Cor Coffee,,ea,2,Physical Good,Cor Coffee
2026-09-28,11:14:49,Central Time (US & Canada),Espresso Drinks,Latte,1.0,Regular,,"Regular, To go, Hot, Oat",$5.55,$0.00,$5.55,$0.00,iPad,Payment,Cor Coffee,,ea,1,Physical Good,Cor Coffee
2026-09-28,11:13:23,Central Time (US & Canada),Espresso Drinks,Americano,1.0,Regular,,Regular,$3.75,$0.00,$3.75,$0.00,iPad,Payment,Cor Coffee,,ea,1,Physical Good,Cor Coffee
2026-09-28,11:12:33,Central Time (US & Canada),Espresso Drinks,Mocha,1.0,Regular,,"Regular, To go, Iced, Whole, Cinnamon Roll, Cold Foam",$6.75,$0.00,$6.75,$0.00,iPad,Payment,Cor Coffee,,ea,1,Physical Good,Cor Coffee
2026-09-28,11:08:20,Central Time (US & Canada),Teas,Chai Latte,1.0,Regular,,"Here, Iced, Whole",$5.25,$0.00,$5.25,$0.00,iPad,Payment,Cor Coffee,,ea,1,Physical Good,Cor Coffee
2026-09-28,11:03:34,Central Time (US & Canada),Teas,Matcha Latte,1.0,Regular,,"Blueberry, To go, Hot, Oat, Regular",$7.05,$0.00,$7.05,$0.00,iPad,Payment,Cor Coffee,,ea,1,Physical Good,Cor Coffee
2026-09-28,11:02:13,Central Time (US & Canada),Espresso Drinks,Cortado,1.0,Regular,,"Regular, Oat",$4.80,$0.00,$4.80,$0.00,iPad,Payment,Cor Coffee,,ea,1,Physical Good,Cor Coffee
2026-09-28,11:00:22,Central Time (US & Canada),Teas,Matcha Latte,1.0,Regular,,"Cold Foam, Soy, Sweet",$7.05,$0.00,$7.05,$0.00,iPad,Payment,Cor Coffee,,ea,1,Physical Good,Cor Coffee
2026-09-28,10:59:17,Central Time (US & Canada),Espresso Drinks,Latte,1.0,Regular,,"Regular, To go, Iced, Whole, Cinnamon Roll",$5.50,$0.00,$5.50,$0.00,iPad,Payment,Cor Coffee,,ea,1,Physical Good,Cor Coffee
2026-09-28,10:58:05,Central Time (US & Canada),Espresso Drinks,Latte,1.0,Regular,,"Regular, To go, Hot, Whole",$4.75,$0.00,$4.75,$0.00,iPad,Payment,Cor Coffee,,ea,1,Physical Good,Cor Coffee
2026-09-28,10:58:05,Central Time (US & Canada),Espresso Drinks,Cortado,1.0,Regular,,Regular,$4.00,$0.00,$4.00,$0.00,iPad,Payment,Cor Coffee,,ea,1,Physical Good,Cor Coffee
2026-09-28,10:54:08,Central Time (US & Canada),Espresso Drinks,Latte,1.0,Regular,,"Regular, To go, Iced, Whole",$4.75,$0.00,$4.75,$0.00,iPad,Payment,Cor Coffee,,ea,1,Physical Good,Cor Coffee
2026-09-28,10:53:27,Central Time (US & Canada),Espresso Drinks,Latte,1.0,Regular,,"Regular, To go, Hot, Oat, Cinnamon Roll",$6.30,$0.00,$6.30,$0.00,iPad,Payment,Cor Coffee,,ea,1,Physical Good,Cor Coffee
2026-09-28,10:52:41,Central Time (US & Canada),Espresso Drinks,Latte,1.0,Regular,,"Regular, To go, Hot, Oat, Cinnamon Roll",$6.30,$0.00,$6.30,$0.00,iPad,Payment,Cor Coffee,,ea,1,Physical Good,Cor Coffee
2026-09-28,10:50:46,Central Time (US & Canada),Espresso Drinks,Mocha,1.0,Regular,,"Regular, To go, Iced, Whole",$5.25,$0.00,$5.25,$0.00,iPad,Payment,Cor Coffee,,ea,1,Physical Good,Cor Coffee
2026-09-28,10:50:04,Central Time (US & Canada),Teas,Matcha Latte,1.0,Regular,,"Cinnamon Roll, Cold Foam, To go, Iced, Oat, Regular",$7.80,$0.00,$7.80,$0.00,iPad,Payment,Cor Coffee,,ea,1,Physical Good,Cor Coffee
2026-09-28,10:40:24,Central Time (US & Canada),Teas,Matcha Latte,1.0,Regular,,"Lavender, To go, Iced, Oat, Regular",$6.80,$0.00,$6.80,$0.00,iPad,Payment,Cor Coffee,,ea,1,Physical Good,Cor Coffee
2026-09-28,10:38:22,Central Time (US & Canada),Espresso Drinks,Latte,1.0,Regular,,"Regular, To go, Iced, Whole, Oat, Lavender, Cold Foam",$6.80,$0.00,$6.80,$0.00,iPad,Payment,Cor Coffee,,ea,1,Physical Good,Cor Coffee
2026-09-28,10:37:21,Central Time (US & Canada),Espresso Drinks,Latte,1.0,Regular,,"Regular, To go, Iced, Oat, Vanilla",$6.05,$0.00,$6.05,$0.00,iPad,Payment,Cor Coffee,,ea,1,Physical Good,Cor Coffee
2026-09-28,10:36:11,Central Time (US & Canada),Espresso Drinks,Latte,1.0,Regular,,"Regular, To go, Iced, Whole, Cinnamon Roll",$5.50,$0.00,$5.50,$0.00,iPad,Payment,Cor Coffee,,ea,1,Physical Good,Cor Coffee
2026-09-28,10:34:56,Central Time (US & Canada),Teas,Tea,1.0,Regular,,"Hot, To go",$3.75,$0.00,$3.75,$0.00,iPad,Payment,Cor Coffee,,ea,1,Physical Good,Cor Coffee
2026-09-28,10:28:54,Central Time (US & Canada),Espresso Drinks,Mocha,1.0,Regular,,"Regular, To go, Iced",$5.25,$0.00,$5.25,$0.00,iPad,Payment,Cor Coffee,,ea,1,Physical Good,Cor Coffee
2026-09-28,10:27:03,Central Time (US & Canada),Espresso Drinks,Latte,1.0,Regular,,"Regular, Iced, Whole, Cinnamon Roll",$5.50,$0.00,$5.50,$0.00,iPad,Payment,Cor Coffee,,ea,1,Physical Good,Cor Coffee
2026-09-28,10:27:03,Central Time (US & Canada),Espresso Drinks,Latte,1.0,Regular,,"Regular, To go, Iced, Whole, Vanilla",$5.25,$0.00,$5.25,$0.00,iPad,Payment,Cor Coffee,,ea,1,Physical Good,Cor Coffee
2026-09-28,10:24:48,Central Time (US & Canada),Espresso Drinks,Latte,1.0,Regular,,"Regular, To go, Iced, Whole, Cinnamon Roll",$5.50,$0.00,$5.50,$0.00,iPad,Payment,Cor Coffee,,ea,1,Physical Good,Cor Coffee
2026-09-28,10:18:41,Central Time (US & Canada),Coffee Drinks,Cold Brew,1.0,Regular,,,$4.50,$0.00,$4.50,$0.00,iPad,Payment,Cor Coffee,,ea,1,Physical Good,Cor Coffee
2026-09-28,10:17:24,Central Time (US & Canada),Coffee Drinks,Coffee,1.0,Regular,,,$3.00,$0.00,$3.00,$0.00,iPad,Payment,Cor Coffee,,ea,1,Physical Good,Cor Coffee
2026-09-28,10:08:01,Central Time (US & Canada),Teas,Chai Latte,1.0,Regular,,"Here, Hot, Whole",$5.25,$0.00,$5.25,$0.00,iPad,Payment,Cor Coffee,,ea,1,Physical Good,Cor Coffee
2026-09-28,10:06:54,Central Time (US & Canada),Espresso Drinks,Latte,1.0,Regular,,"Regular, Here, Hot, Whole",$4.75,$0.00,$4.75,$0.00,iPad,Payment,Cor Coffee,,ea,1,Physical Good,Cor Coffee
2026-09-28,10:05:49,Central Time (US & Canada),Coffee Drinks,Coffee,1.0,Regular,,,$3.00,$0.00,$3.00,$0.00,iPad,Payment,Cor Coffee,,ea,1,Physical Good,Cor Coffee
2026-09-28,10:01:51,Central Time (US & Canada),Teas,Tea,1.0,Regular,,,$3.75,-$1.88,$1.87,$0.00,iPad,Payment,Cor Coffee,,ea,1,Physical Good,Cor Coffee
2026-09-28,10:00:33,Central Time (US & Canada),Coffee Drinks,Cold Brew,1.0,Regular,,,$4.50,$0.00,$4.50,$0.00,iPad,Payment,Cor Coffee,,ea,1,Physical Good,Cor Coffee
2026-09-28,09:59:57,Central Time (US & Canada),Espresso Drinks,Flat White,1.0,Regular,,"Regular, Here, Whole",$4.25,$0.00,$4.25,$0.00,iPad,Payment,Cor Coffee,,ea,1,Physical Good,Cor Coffee
2026-09-28,09:58:46,Central Time (US & Canada),Coffee Drinks,Cold Brew,1.0,Regular,,To go,$4.50,$0.00,$4.50,$0.00,iPad,Payment,Cor Coffee,,ea,1,Physical Good,Cor Coffee
2026-09-28,09:57:23,Central Time (US & Canada),Espresso Drinks,Latte,1.0,Regular,,"Regular, To go, Iced, Whole, Cinnamon Roll",$5.50,$0.00,$5.50,$0.00,iPad,Payment,Cor Coffee,,ea,1,Physical Good,Cor Coffee
2026-09-28,09:55:56,Central Time (US & Canada),Espresso Drinks,Latte,1.0,Regular,,"Regular, Here, Iced, Whole, Vanilla",$5.25,$0.00,$5.25,$0.00,iPad,Payment,Cor Coffee,,ea,1,Physical Good,Cor Coffee
2026-09-28,09:54:05,Central Time (US & Canada),Espresso Drinks,Latte,1.0,Regular,,"Regular, To go, Iced, Whole",$4.75,$0.00,$4.75,$0.00,iPad,Payment,Cor Coffee,,ea,1,Physical Good,Cor Coffee
2026-09-28,09:51:56,Central Time (US & Canada),Espresso Drinks,Latte,1.0,Regular,,"Regular, To go, Iced, Almond, Blueberry, Cold Foam",$7.05,$0.00,$7.05,$0.00,iPad,Payment,Cor Coffee,,ea,1,Physical Good,Cor Coffee
2026-09-28,09:47:35,Central Time (US & Canada),Teas,Chai Latte,1.0,Regular,,"Here, Hot, Whole",$5.25,$0.00,$5.25,$0.00,iPad,Payment,Cor Coffee,,ea,1,Physical Good,Cor Coffee
2026-09-28,09:38:30,Central Time (US & Canada),Teas,Matcha Latte,1.0,Regular,,"Cold Foam, To go, Iced, Oat, Regular",$7.05,$0.00,$7.05,$0.00,iPad,Payment,Cor Coffee,,ea,1,Physical Good,Cor Coffee
2026-09-28,09:37:47,Central Time (US & Canada),Espresso Drinks,Latte,1.0,Regular,,"Regular, Here, Iced, Whole, Cinnamon Roll",$5.50,$0.00,$5.50,$0.00,iPad,Payment,Cor Coffee,,ea,1,Physical Good,Cor Coffee
2026-09-28,09:29:28,Central Time (US & Canada),Teas,Matcha Latte,1.0,Regular,,"Lavender, To go, Iced, Whole",$6.00,$0.00,$6.00,$0.00,iPad,Payment,Cor Coffee,,ea,1,Physical Good,Cor Coffee
2026-09-28,09:27:19,Central Time (US & Canada),Food,Taos Bar,1.0,Regular,,"Caramel (orange), Blueberry Lemon (yellow)",$2.00,$0.00,$2.00,$0.00,iPad,Payment,Cor Coffee,,ea,1,Physical Good,Cor Coffee
2026-09-28,09:26:29,Central Time (US & Canada),Other Drinks,Hot Chocolate,1.0,Regular,,"Whole, Here",$4.00,$0.00,$4.00,$0.00,iPad,Payment,Cor Coffee,,ea,1,Physical Good,Cor Coffee
2026-09-28,09:23:13,Central Time (US & Canada),Teas,Chai Latte,1.0,Regular,,"Iced, Whole, Lavender",$5.75,$0.00,$5.75,$0.00,iPad,Payment,Cor Coffee,,ea,1,Physical Good,Cor Coffee
2026-09-28,09:21:54,Central Time (US & Canada),Teas,Matcha Latte,1.0,Regular,,"Lavender, To go, Iced, Oat, Sweet",$6.80,$0.00,$6.80,$0.00,iPad,Payment,Cor Coffee,,ea,1,Physical Good,Cor Coffee
2026-09-28,09:19:41,Central Time (US & Canada),Espresso Drinks,Cappuccino,1.0,Regular,,"Regular, To go, Oat",$5.30,$0.00,$5.30,$0.00,iPad,Payment,Cor Coffee,,ea,1,Physical Good,Cor Coffee
2026-09-28,09:14:14,Central Time (US & Canada),Teas,Matcha Latte,1.0,Regular,,"Blueberry, Cold Foam, To go, Iced, Whole, Regular",$7.00,$0.00,$7.00,$0.00,iPad,Payment,Cor Coffee,,ea,1,Physical Good,Cor Coffee
2026-09-28,09:12:36,Central Time (US & Canada),Espresso Drinks,Latte,1.0,Regular,,"Regular, To go, Iced, Oat, Cinnamon Roll",$6.30,-$3.15,$3.15,$0.00,iPad,Payment,Cor Coffee,,ea,1,Physical Good,Cor Coffee
2026-09-28,09:10:47,Central Time (US & Canada),Espresso Drinks,Latte,1.0,Regular,,"Regular, To go, Iced, Whole, Vanilla",$5.25,$0.00,$5.25,$0.00,iPad,Payment,Cor Coffee,,ea,1,Physical Good,Cor Coffee
2026-09-28,09:04:48,Central Time (US & Canada),Teas,Chai Latte,1.0,Regular,,"To go, Iced, Oat, Vanilla",$6.55,$0.00,$6.55,$0.00,iPad,Payment,Cor Coffee,,ea,1,Physical Good,Cor Coffee
2026-09-28,09:02:23,Central Time (US & Canada),Espresso Drinks,Cappuccino,1.0,Regular,,"Regular, To go, Oat",$5.30,$0.00,$5.30,$0.00,iPad,Payment,Cor Coffee,,ea,1,Physical Good,Cor Coffee
2026-09-28,09:01:43,Central Time (US & Canada),Espresso Drinks,Flat White,1.0,Regular,,"Regular, To go, Whole, Vanilla",$4.75,-$4.75,$0.00,$0.00,iPad,Payment,Cor Coffee,,ea,1,Physical Good,Cor Coffee
2026-09-25,15:48:41,Central Time (US & Canada),Food,LiaP Cookie,2.0,Regular,,,$4.00,$0.00,$4.00,$0.00,iPad,Payment,Cor Coffee,,ea,2,Physical Good,Cor Coffee
2026-09-25,15:47:30,Central Time (US & Canada),Espresso Drinks,Cappuccino,1.0,Regular,,"Regular, Whole, Cinnamon Roll",$5.25,$0.00,$5.25,$0.00,iPad,Payment,Cor Coffee,,ea,1,Physical Good,Cor Coffee
2026-09-25,15:43:04,Central Time (US & Canada),Espresso Drinks,Latte,1.0,Regular,,"Regular, To go, Hot, Soy, Vanilla",$6.05,$0.00,$6.05,$0.00,iPad,Payment,Cor Coffee,,ea,1,Physical Good,Cor Coffee
2026-09-25,15:38:44,Central Time (US & Canada),Teas,Matcha Latte,1.0,Regular,,"Vanilla, To go, Iced, Whole, Regular",$6.00,$0.00,$6.00,$0.00,iPad,Payment,Cor Coffee,,ea,1,Physical Good,Cor Coffee
2026-09-25,15:32:47,Central Time (US & Canada),Espresso Drinks,Cappuccino,1.0,Regular,,"Regular, Whole, Vanilla",$5.00,$0.00,$5.00,$0.00,iPad,Payment,Cor Coffee,,ea,1,Physical Good,Cor Coffee
2026-09-25,15:31:54,Central Time (US & Canada),Food,LiaP Cookie,1.0,Regular,,,$2.00,$0.00,$2.00,$0.00,iPad,Payment,Cor Coffee,,ea,1,Physical Good,Cor Coffee
2026-09-25,15:24:26,Central Time (US & Canada),Espresso Drinks,Latte,3.0,Regular,,"Regular, To go, Iced, Whole, Cinnamon Roll",$16.50,$0.00,$16.50,$0.00,iPad,Payment,Cor Coffee,,ea,3,Physical Good,Cor Coffee
2026-09-25,15:20:21,Central Time (US & Canada),Espresso Drinks,Cortado,1.0,Regular,,"Regular, To go, Whole",$4.00,$0.00,$4.00,$0.00,iPad,Payment,Cor Coffee,,ea,1,Physical Good,Cor Coffee
2026-09-25,15:12:43,Central Time (US & Canada),Teas,Tea,1.0,Regular,,"Hot, To go",$3.75,-$1.88,$1.87,$0.00,iPad,Payment,Cor Coffee,,ea,1,Physical Good,Cor Coffee
2026-09-25,15:06:57,Central Time (US & Canada),Espresso Drinks,Cortado,1.0,Regular,,"Regular, Oat",$4.80,$0.00,$4.80,$0.00,iPad,Payment,Cor Coffee,,ea,1,Physical Good,Cor Coffee
2026-09-25,15:06:19,Central Time (US & Canada),Espresso Drinks,Cortado,1.0,Regular,,"Regular, Oat, Cinnamon Roll",$5.55,$0.00,$5.55,$0.00,iPad,Payment,Cor Coffee,,ea,1,Physical Good,Cor Coffee
2026-09-25,15:02:47,Central Time (US & Canada),Teas,Chai Latte,1.0,Regular,,"Hot, Whole",$5.25,$0.00,$5.25,$0.00,iPad,Payment,Cor Coffee,,ea,1,Physical Good,Cor Coffee
2026-09-25,14:59:18,Central Time (US & Canada),Espresso Drinks,Mocha,1.0,Regular,,"Regular, To go, Hot, Oat",$6.05,$0.00,$6.05,$0.00,iPad,Payment,Cor Coffee,,ea,1,Physical Good,Cor Coffee
2026-09-25,14:52:15,Central Time (US & Canada),Espresso Drinks,Latte,1.0,Regular,,"Regular, To go, Iced, Whole, Cinnamon Roll",$5.50,$0.00,$5.50,$0.00,iPad,Payment,Cor Coffee,,ea,1,Physical Good,Cor Coffee
2026-09-25,14:50:05,Central Time (US & Canada),Espresso Drinks,Latte,1.0,Regular,,"Regular, To go, Iced, Oat",$5.55,$0.00,$5.55,$0.00,iPad,Payment,Cor Coffee,,ea,1,Physical Good,Cor Coffee
2026-09-25,14:49:17,Central Time (US & Canada),Espresso Drinks,Mocha,1.0,Regular,,"Regular, To go, Hot, Oat",$6.05,$0.00,$6.05,$0.00,iPad,Payment,Cor Coffee,,ea,1,Physical Good,Cor Coffee
2026-09-25,14:49:17,Central Time (US & Canada),Espresso Drinks,Latte,1.0,Regular,,"Regular, To go, Hot, Whole, Vanilla",$5.25,$0.00,$5.25,$0.00,iPad,Payment,Cor Coffee,,ea,1,Physical Good,Cor Coffee
2026-09-25,14:46:37,Central Time (US & Canada),Espresso Drinks,Latte,1.0,Regular,,"Regular, To go, Hot, Whole, Vanilla",$5.25,$0.00,$5.25,$0.00,iPad,Payment,Cor Coffee,,ea,1,Physical Good,Cor Coffee
2026-09-25,14:41:47,Central Time (US & Canada),Teas,Tea,1.0,Regular,,,$3.75,$0.00,$3.75,$0.00,iPad,Payment,Cor Coffee,,ea,1,Physical Good,Cor Coffee
2026-09-25,14:39:13,Central Time (US & Canada),Espresso Drinks,Latte,1.0,Regular,,"Regular, To go, Hot, Oat, Lavender",$6.05,$0.00,$6.05,$0.00,iPad,Payment,Cor Coffee,,ea,1,Physical Good,Cor Coffee
2026-09-25,14:30:58,Central Time (US & Canada),Food,Taos Bar,1.0,Regular,,,$2.00,$0.00,$2.00,$0.00,iPad,Payment,Cor Coffee,,ea,1,Physical Good,Cor Coffee
2026-09-25,14:29:56,Central Time (US & Canada),Coffee Drinks,Cafe Au Lait,1.0,Regular,,,$3.25,$0.00,$3.25,$0.00,iPad,Payment,Cor Coffee,,ea,1,Physical Good,Cor Coffee
2026-09-25,14:26:59,Central Time (US & Canada),Espresso Drinks,Cappuccino,1.0,Regular,,"Regular, Whole",$4.50,$0.00,$4.50,$0.00,iPad,Payment,Cor Coffee,,ea,1,Physical Good,Cor Coffee
2026-09-25,14:22:00,Central Time (US & Canada),Coffee Drinks,Coffee,1.0,Regular,,,$3.00,$0.00,$3.00,$0.00,iPad,Payment,Cor Coffee,,ea,1,Physical Good,Cor Coffee
2026-09-25,14:14:47,Central Time (US & Canada),Espresso Drinks,Cappuccino,1.0,Regular,,"Regular, Whole",$4.50,$0.00,$4.50,$0.00,iPad,Payment,Cor Coffee,,ea,1,Physical Good,Cor Coffee
2026-09-25,14:14:47,Central Time (US & Canada),Teas,Chai Latte,1.0,Regular,,"Hot, Oat",$6.05,$0.00,$6.05,$0.00,iPad,Payment,Cor Coffee,,ea,1,Physical Good,Cor Coffee
2026-09-25,14:07:59,Central Time (US & Canada),Espresso Drinks,Latte,1.0,Regular,,"Regular, Hot, Whole",$4.75,$0.00,$4.75,$0.00,iPad,Payment,Cor Coffee,,ea,1,Physical Good,Cor Coffee
2026-09-25,14:07:59,Central Time (US & Canada),Espresso Drinks,Cortado,1.0,Regular,,"Regular, To go, Whole",$4.00,$0.00,$4.00,$0.00,iPad,Payment,Cor Coffee,,ea,1,Physical Good,Cor Coffee
2026-09-25,14:07:59,Central Time (US & Canada),Food,LiaP Cookie,1.0,Regular,,,$2.00,$0.00,$2.00,$0.00,iPad,Payment,Cor Coffee,,ea,1,Physical Good,Cor Coffee
2026-09-25,14:05:57,Central Time (US & Canada),Espresso Drinks,Latte,1.0,Regular,,"Regular, Iced, Oat, Cinnamon Roll",$6.30,$0.00,$6.30,$0.00,iPad,Payment,Cor Coffee,,ea,1,Physical Good,Cor Coffee
2026-09-25,13:58:03,Central Time (US & Canada),Espresso Drinks,Latte,1.0,Regular,,"Regular, To go, Iced, Almond, Cinnamon Roll, Cold Foam",$7.05,$0.00,$7.05,$0.00,iPad,Payment,Cor Coffee,,ea,1,Physical Good,Cor Coffee
2026-09-25,13:54:57,Central Time (US & Canada),Teas,Tea,1.0,Regular,,,$3.75,$0.00,$3.75,$0.00,iPad,Payment,Cor Coffee,,ea,1,Physical Good,Cor Coffee
2026-09-25,13:52:26,Central Time (US & Canada),Teas,Matcha Latte,1.0,Regular,,"Cinnamon Roll, Cold Foam, To go",$7.00,$0.00,$7.00,$0.00,iPad,Payment,Cor Coffee,,ea,1,Physical Good,Cor Coffee
2026-09-25,13:50:43,Central Time (US & Canada),Espresso Drinks,Latte,1.0,Regular,,Regular,$4.75,$0.00,$4.75,$0.00,iPad,Payment,Cor Coffee,,ea,1,Physical Good,Cor Coffee
2026-09-25,13:21:49,Central Time (US & Canada),Espresso Drinks,Latte,1.0,Regular,,"Regular, To go, Hot, Oat",$5.55,$0.00,$5.55,$0.00,iPad,Payment,Cor Coffee,,ea,1,Physical Good,Cor Coffee
2026-09-25,13:15:22,Central Time (US & Canada),Teas,Chai Latte,1.0,Regular,,"Hot, Almond",$6.05,$0.00,$6.05,$0.00,iPad,Payment,Cor Coffee,,ea,1,Physical Good,Cor Coffee
2026-09-25,13:14:43,Central Time (US & Canada),Teas,Chai Latte,1.0,Regular,,,$5.25,$0.00,$5.25,$0.00,iPad,Payment,Cor Coffee,,ea,1,Physical Good,Cor Coffee
2026-09-25,13:12:51,Central Time (US & Canada),Espresso Drinks,Latte,2.0,Regular,,"Regular, Iced, Oat, Cinnamon Roll",$12.60,$0.00,$12.60,$0.00,iPad,Payment,Cor Coffee,,ea,2,Physical Good,Cor Coffee
2026-09-25,13:08:43,Central Time (US & Canada),Espresso Drinks,Latte,1.0,Regular,,"Regular, To go, Iced, Whole, Cinnamon Roll",$5.50,$0.00,$5.50,$0.00,iPad,Payment,Cor Coffee,,ea,1,Physical Good,Cor Coffee
2026-09-25,13:05:46,Central Time (US & Canada),Espresso Drinks,Latte,1.0,Regular,,"Regular, To go, Iced, Oat, Vanilla, Cold Foam",$6.80,$0.00,$6.80,$0.00,iPad,Payment,Cor Coffee,,ea,1,Physical Good,Cor Coffee
2026-09-25,13:03:09,Central Time (US & Canada),Teas,Matcha Latte,1.0,Regular,,"Vanilla, Iced, Oat",$6.80,$0.00,$6.80,$0.00,iPad,Payment,Cor Coffee,,ea,1,Physical Good,Cor Coffee
2026-09-25,13:03:09,Central Time (US & Canada),Other Drinks,Lemonade,1.0,Regular,,,$3.00,$0.00,$3.00,$0.00,iPad,Payment,Cor Coffee,,ea,1,Physical Good,Cor Coffee
2026-09-25,13:02:04,Central Time (US & Canada),Other Drinks,Lemonade,1.0,Regular,,,$3.00,$0.00,$3.00,$0.00,iPad,Payment,Cor Coffee,,ea,1,Physical Good,Cor Coffee
2026-09-25,13:01:10,Central Time (US & Canada),Espresso Drinks,Mocha,1.0,Regular,,"Decaf, Hot, Whole",$5.25,$0.00,$5.25,$0.00,iPad,Payment,Cor Coffee,,ea,1,Physical Good,Cor Coffee
2026-09-25,13:01:10,Central Time (US & Canada),Food,Taos Bar,1.0,Regular,,Peanut butter (green),$2.00,$0.00,$2.00,$0.00,iPad,Payment,Cor Coffee,,ea,1,Physical Good,Cor Coffee
2026-09-25,12:59:02,Central Time (US & Canada),Espresso Drinks,Latte,1.0,Regular,,"Regular, Hot, Whole, Cinnamon Roll",$5.50,$0.00,$5.50,$0.00,iPad,Payment,Cor Coffee,,ea,1,Physical Good,Cor Coffee
2026-09-25,12:57:50,Central Time (US & Canada),Teas,Matcha Latte,1.0,Regular,,"Lavender, Cinnamon Roll, Cold Foam, Here, Iced, Whole",$7.50,$0.00,$7.50,$0.00,iPad,Payment,Cor Coffee,,ea,1,Physical Good,Cor Coffee
2026-09-25,12:56:17,Central Time (US & Canada),Espresso Drinks,Latte,1.0,Regular,,"Regular, To go, Iced, Whole, Cinnamon Roll, Cold Foam",$6.25,$0.00,$6.25,$0.00,iPad,Payment,Cor Coffee,,ea,1,Physical Good,Cor Coffee
2026-09-25,12:55:00,Central Time (US & Canada),Espresso Drinks,Latte,1.0,Regular,,"Regular, To go, Iced, Almond, Cinnamon Roll, Cold Foam",$7.05,$0.00,$7.05,$0.00,iPad,Payment,Cor Coffee,,ea,1,Physical Good,Cor Coffee
2026-09-25,12:53:40,Central Time (US & Canada),Espresso Drinks,Latte,1.0,Regular,,"Regular, To go, Hot, Whole",$4.75,$0.00,$4.75,$0.00,iPad,Payment,Cor Coffee,,ea,1,Physical Good,Cor Coffee
2026-09-25,12:52:25,Central Time (US & Canada),Espresso Drinks,Latte,2.0,Regular,,"Regular, To go, Iced, Whole",$9.50,$0.00,$9.50,$0.00,iPad,Payment,Cor Coffee,,ea,2,Physical Good,Cor Coffee
2026-09-25,12:51:13,Central Time (US & Canada),Teas,Matcha Latte,1.0,Regular,,"To go, Iced, Soy, Regular",$6.30,$0.00,$6.30,$0.00,iPad,Payment,Cor Coffee,,ea,1,Physical Good,Cor Coffee
2026-09-25,12:49:27,Central Time (US & Canada),Espresso Drinks,Cappuccino,1.0,Regular,,"Regular, Here, Whole",$4.50,$0.00,$4.50,$0.00,iPad,Payment,Cor Coffee,,ea,1,Physical Good,Cor Coffee
2026-09-25,12:48:06,Central Time (US & Canada),Espresso Drinks,Latte,1.0,Regular,,"Regular, To go, Iced, Oat, Cinnamon Roll",$6.30,$0.00,$6.30,$0.00,iPad,Payment,Cor Coffee,,ea,1,Physical Good,Cor Coffee
2026-09-25,12:46:38,Central Time (US & Canada),Teas,Matcha Latte,1.0,Regular,,"Here, Hot, Whole",$5.50,$0.00,$5.50,$0.00,iPad,Payment,Cor Coffee,,ea,1,Physical Good,Cor Coffee
2026-09-25,12:45:28,Central Time (US & Canada),Espresso Drinks,Latte,1.0,Regular,,"Regular, To go, Iced, Cinnamon Roll",$5.50,$0.00,$5.50,$0.00,iPad,Payment,Cor Coffee,,ea,1,Physical Good,Cor Coffee
2026-09-25,11:50:41,Central Time (US & Canada),Teas,Tea,1.0,Regular,,"Hot, To go",$3.75,$0.00,$3.75,$0.00,iPad,Payment,Cor Coffee,,ea,1,Physical Good,Cor Coffee
2026-09-25,11:20:42,Central Time (US & Canada),Espresso Drinks,Flat White,1.0,Regular,,"Regular, Here, Oat",$5.05,$0.00,$5.05,$0.00,iPad,Payment,Cor Coffee,,ea,1,Physical Good,Cor Coffee
2026-09-25,11:19:37,Central Time (US & Canada),Teas,Chai Latte,1.0,Regular,,"To go, Iced, Whole, Cold Foam",$6.00,$0.00,$6.00,$0.00,iPad,Payment,Cor Coffee,,ea,1,Physical Good,Cor Coffee
2026-09-25,11:18:41,Central Time (US & Canada),Espresso Drinks,Latte,1.0,Regular,,"Regular, To go, Hot, Whole, Vanilla",$5.25,$0.00,$5.25,$0.00,iPad,Payment,Cor Coffee,,ea,1,Physical Good,Cor Coffee
2026-09-25,11:18:07,Central Time (US & Canada),Espresso Drinks,Flat White,1.0,Regular,,"Regular, To go, Whole",$4.25,$0.00,$4.25,$0.00,iPad,Payment,Cor Coffee,,ea,1,Physical Good,Cor Coffee
2026-09-25,11:16:49,Central Time (US & Canada),Teas,Matcha Latte,1.0,Regular,,"Cold Foam, To go, Iced, Oat, Sweet",$7.05,$0.00,$7.05,$0.00,iPad,Payment,Cor Coffee,,ea,1,Physical Good,Cor Coffee
2026-09-25,11:15:58,Central Time (US & Canada),Teas,Matcha Latte,1.0,Regular,,"Cold Foam, To go, Iced, Almond, Sweet",$7.05,$0.00,$7.05,$0.00,iPad,Payment,Cor Coffee,,ea,1,Physical Good,Cor Coffee
2026-09-25,11:13:52,Central Time (US & Canada),Espresso Drinks,Latte,1.0,Regular,,"Regular, To go, Hot, Whole",$4.75,$0.00,$4.75,$0.00,iPad,Payment,Cor Coffee,,ea,1,Physical Good,Cor Coffee
2026-09-25,11:13:02,Central Time (US & Canada),Espresso Drinks,Cortado,1.0,Regular,,"Regular, Here, Whole",$4.00,$0.00,$4.00,$0.00,iPad,Payment,Cor Coffee,,ea,1,Physical Good,Cor Coffee
2026-09-25,11:11:13,Central Time (US & Canada),Merch,Pullover,1.0,Regular,,Large,$30.00,$0.00,$30.00,$0.00,iPad,Payment,Cor Coffee,,ea,1,Physical Good,Cor Coffee
2026-09-25,11:09:51,Central Time (US & Canada),Espresso Drinks,Americano,1.0,Regular,,"Regular, To go, Iced",$3.75,$0.00,$3.75,$0.00,iPad,Payment,Cor Coffee,,ea,1,Physical Good,Cor Coffee
2026-09-25,11:08:49,Central Time (US & Canada),Espresso Drinks,Mocha,1.0,Regular,,"Regular, To go, Iced, Whole, Vanilla",$5.75,$0.00,$5.75,$0.00,iPad,Payment,Cor Coffee,,ea,1,Physical Good,Cor Coffee
2026-09-25,11:06:19,Central Time (US & Canada),Other Drinks,Lemonade,1.0,Regular,,"To go, Blueberry",$3.75,-$1.88,$1.87,$0.00,iPad,Payment,Cor Coffee,,ea,1,Physical Good,Cor Coffee
2026-09-25,11:03:33,Central Time (US & Canada),Espresso Drinks,Latte,1.0,Regular,,"Regular, To go, Iced, Whole, Cinnamon Roll, Cold Foam",$6.25,$0.00,$6.25,$0.00,iPad,Payment,Cor Coffee,,ea,1,Physical Good,Cor Coffee
2026-09-25,11:01:38,Central Time (US & Canada),Espresso Drinks,Latte,1.0,Regular,,"Regular, To go, Iced, Whole, Lavender",$5.25,$0.00,$5.25,$0.00,iPad,Payment,Cor Coffee,,ea,1,Physical Good,Cor Coffee
2026-09-25,11:00:57,Central Time (US & Canada),Other Drinks,Hot Chocolate,1.0,Regular,,,$4.00,$0.00,$4.00,$0.00,iPad,Payment,Cor Coffee,,ea,1,Physical Good,Cor Coffee
2026-09-25,11:00:21,Central Time (US & Canada),Espresso Drinks,Latte,1.0,Regular,,"Regular, Here, Hot, Whole, Cinnamon Roll",$5.50,$0.00,$5.50,$0.00,iPad,Payment,Cor Coffee,,ea,1,Physical Good,Cor Coffee
2026-09-25,10:59:24,Central Time (US & Canada),Espresso Drinks,Latte,1.0,Regular,,"Regular, To go, Iced, Almond, Cinnamon Roll",$6.30,$0.00,$6.30,$0.00,iPad,Payment,Cor Coffee,,ea,1,Physical Good,Cor Coffee
2026-09-25,10:58:15,Central Time (US & Canada),Coffee Drinks,Coffee,1.0,Regular,,,$3.00,$0.00,$3.00,$0.00,iPad,Payment,Cor Coffee,,ea,1,Physical Good,Cor Coffee
2026-09-25,10:55:48,Central Time (US & Canada),Espresso Drinks,Latte,1.0,Regular,,"Regular, Hot, Whole",$4.75,$0.00,$4.75,$0.00,iPad,Payment,Cor Coffee,,ea,1,Physical Good,Cor Coffee
2026-09-25,10:54:06,Central Time (US & Canada),Teas,Matcha Latte,1.0,Regular,,"To go, Iced, Whole, Regular",$5.50,$0.00,$5.50,$0.00,iPad,Payment,Cor Coffee,,ea,1,Physical Good,Cor Coffee
2026-09-25,10:53:28,Central Time (US & Canada),Espresso Drinks,Americano,1.0,Regular,,"Regular, To go, Iced",$3.75,$0.00,$3.75,$0.00,iPad,Payment,Cor Coffee,,ea,1,Physical Good,Cor Coffee
2026-09-25,10:52:31,Central Time (US & Canada),Teas,Matcha Latte,1.0,Regular,,"Blueberry, Cinnamon Roll, Cold Foam, Iced, Whole, Regular",$7.75,$0.00,$7.75,$0.00,iPad,Payment,Cor Coffee,,ea,1,Physical Good,Cor Coffee
2026-09-25,10:50:34,Central Time (US & Canada),Teas,Tea,1.0,Regular,,Hot,$3.75,$0.00,$3.75,$0.00,iPad,Payment,Cor Coffee,,ea,1,Physical Good,Cor Coffee
2026-09-25,10:50:08,Central Time (US & Canada),Teas,Matcha Latte,1.0,Regular,,"Cold Foam, Here, Iced, Soy, Sweet",$7.05,$0.00,$7.05,$0.00,iPad,Payment,Cor Coffee,,ea,1,Physical Good,Cor Coffee
2026-09-25,10:44:21,Central Time (US & Canada),Espresso Drinks,Latte,1.0,Regular,,"Decaf, Oat, Vanilla",$6.05,$0.00,$6.05,$0.00,iPad,Payment,Cor Coffee,,ea,1,Physical Good,Cor Coffee
2026-09-25,10:44:21,Central Time (US & Canada),Espresso Drinks,Cappuccino,1.0,Regular,,"Regular, To go, Oat",$5.30,$0.00,$5.30,$0.00,iPad,Payment,Cor Coffee,,ea,1,Physical Good,Cor Coffee
2026-09-25,10:43:44,Central Time (US & Canada),Espresso Drinks,Latte,1.0,Regular,,"Regular, To go, Iced, Whole, Cinnamon Roll",$5.50,$0.00,$5.50,$0.00,iPad,Payment,Cor Coffee,,ea,1,Physical Good,Cor Coffee
2026-09-25,10:37:48,Central Time (US & Canada),Teas,Matcha Latte,1.0,Regular,,"Vanilla, To go, Iced, Whole, Sweet",$6.00,$0.00,$6.00,$0.00,iPad,Payment,Cor Coffee,,ea,1,Physical Good,Cor Coffee
2026-09-25,10:20:31,Central Time (US & Canada),Espresso Drinks,Latte,1.0,Regular,,"Regular, To go, Iced, Whole, Cinnamon Roll, Cold Foam",$6.25,$0.00,$6.25,$0.00,iPad,Payment,Cor Coffee,,ea,1,Physical Good,Cor Coffee
2026-09-25,10:19:38,Central Time (US & Canada),Teas,Tea,1.0,Regular,,"Hot, To go",$3.75,$0.00,$3.75,$0.00,iPad,Payment,Cor Coffee,,ea,1,Physical Good,Cor Coffee
2026-09-25,10:13:32,Central Time (US & Canada),Teas,Tea,1.0,Regular,,"Iced, To go",$3.75,$0.00,$3.75,$0.00,iPad,Payment,Cor Coffee,,ea,1,Physical Good,Cor Coffee
2026-09-25,10:11:26,Central Time (US & Canada),Espresso Drinks,Latte,1.0,Regular,,"Regular, To go, Hot, Whole, Cinnamon Roll",$5.50,$0.00,$5.50,$0.00,iPad,Payment,Cor Coffee,,ea,1,Physical Good,Cor Coffee
2026-09-25,10:09:21,Central Time (US & Canada),Espresso Drinks,Latte,1.0,Regular,,"Regular, Here, Iced, Oat, Lavender",$6.05,$0.00,$6.05,$0.00,iPad,Payment,Cor Coffee,,ea,1,Physical Good,Cor Coffee
2026-09-25,10:08:30,Central Time (US & Canada),Espresso Drinks,Latte,1.0,Regular,,"Regular, Here, Iced, Oat, Vanilla",$6.05,$0.00,$6.05,$0.00,iPad,Payment,Cor Coffee,,ea,1,Physical Good,Cor Coffee
2026-09-25,10:05:59,Central Time (US & Canada),Espresso Drinks,Latte,1.0,Regular,,"Decaf, To go, Hot, Oat, Cinnamon Roll",$6.30,$0.00,$6.30,$0.00,iPad,Payment,Cor Coffee,,ea,1,Physical Good,Cor Coffee
2026-09-25,10:02:10,Central Time (US & Canada),Espresso Drinks,Latte,1.0,Regular,,"Regular, To go, Hot, Oat, Cinnamon Roll",$6.30,$0.00,$6.30,$0.00,iPad,Payment,Cor Coffee,,ea,1,Physical Good,Cor Coffee
2026-09-25,09:57:53,Central Time (US & Canada),Espresso Drinks,Cortado,1.0,Regular,,"Regular, Here, Oat",$4.80,$0.00,$4.80,$0.00,iPad,Payment,Cor Coffee,,ea,1,Physical Good,Cor Coffee
2026-09-25,09:56:50,Central Time (US & Canada),Coffee Drinks,Cold Brew,1.0,Regular,,To go,$4.50,$0.00,$4.50,$0.00,iPad,Payment,Cor Coffee,,ea,1,Physical Good,Cor Coffee
2026-09-25,09:56:13,Central Time (US & Canada),Espresso Drinks,Latte,1.0,Regular,,"Regular, Here, Iced, Whole, Blueberry",$5.50,$0.00,$5.50,$0.00,iPad,Payment,Cor Coffee,,ea,1,Physical Good,Cor Coffee
2026-09-25,09:55:38,Central Time (US & Canada),Espresso Drinks,Latte,1.0,Regular,,"Regular, Here, Iced, Whole, Vanilla",$5.25,$0.00,$5.25,$0.00,iPad,Payment,Cor Coffee,,ea,1,Physical Good,Cor Coffee
2026-09-25,09:51:56,Central Time (US & Canada),Espresso Drinks,Latte,1.0,Regular,,"Regular, Iced, Whole, Vanilla",$5.25,-$5.25,$0.00,$0.00,iPad,Payment,Cor Coffee,,ea,1,Physical Good,Cor Coffee
2026-09-25,09:46:59,Central Time (US & Canada),Espresso Drinks,Mocha,1.0,Regular,,"Regular, To go, Iced, Oat",$6.05,$0.00,$6.05,$0.00,iPad,Payment,Cor Coffee,,ea,1,Physical Good,Cor Coffee
2026-09-25,09:46:14,Central Time (US & Canada),Espresso Drinks,Mocha,1.0,Regular,,"Regular, To go, Hot, Almond",$6.05,$0.00,$6.05,$0.00,iPad,Payment,Cor Coffee,,ea,1,Physical Good,Cor Coffee
2026-09-25,09:46:14,Central Time (US & Canada),Food,LiaP Cookie,1.0,Regular,,,$2.00,$0.00,$2.00,$0.00,iPad,Payment,Cor Coffee,,ea,1,Physical Good,Cor Coffee
2026-09-25,09:41:45,Central Time (US & Canada),Teas,Matcha Latte,1.0,Regular,,"Cold Foam, To go, Iced, Whole, Regular",$6.25,$0.00,$6.25,$0.00,iPad,Payment,Cor Coffee,,ea,1,Physical Good,Cor Coffee
2026-09-25,09:33:47,Central Time (US & Canada),Teas,Chai Latte,1.0,Regular,,"To go, Iced, Whole, Lavender",$5.75,$0.00,$5.75,$0.00,iPad,Payment,Cor Coffee,,ea,1,Physical Good,Cor Coffee
2026-09-25,09:30:32,Central Time (US & Canada),Espresso Drinks,Latte,1.0,Regular,,"Regular, Here, Hot, Almond",$5.55,$0.00,$5.55,$0.00,iPad,Payment,Cor Coffee,,ea,1,Physical Good,Cor Coffee
2026-09-25,09:29:12,Central Time (US & Canada),Espresso Drinks,Latte,1.0,Regular,,"Regular, To go, Hot, Whole, Vanilla",$5.25,$0.00,$5.25,$0.00,iPad,Payment,Cor Coffee,,ea,1,Physical Good,Cor Coffee
2026-09-25,09:27:27,Central Time (US & Canada),Espresso Drinks,Cappuccino,1.0,Regular,,"Regular, Here, Whole, Cinnamon Roll",$5.25,$0.00,$5.25,$0.00,iPad,Payment,Cor Coffee,,ea,1,Physical Good,Cor Coffee
2026-09-25,09:23:47,Central Time (US & Canada),Teas,Matcha Latte,1.0,Regular,,"Lavender, Here, Iced, Whole, Regular",$6.00,$0.00,$6.00,$0.00,iPad,Payment,Cor Coffee,,ea,1,Physical Good,Cor Coffee
2026-09-25,09:19:45,Central Time (US & Canada),Coffee Drinks,Coffee,1.0,Regular,,,$3.00,$0.00,$3.00,$0.00,iPad,Payment,Cor Coffee,,ea,1,Physical Good,Cor Coffee
2026-09-25,09:18:45,Central Time (US & Canada),Espresso Drinks,Latte,1.0,Regular,,"Regular, To go, Hot, Oat, Cinnamon Roll",$6.30,$0.00,$6.30,$0.00,iPad,Payment,Cor Coffee,,ea,1,Physical Good,Cor Coffee
2026-09-25,09:18:08,Central Time (US & Canada),Food,LiaP Cookie,1.0,Regular,,,$2.00,$0.00,$2.00,$0.00,iPad,Payment,Cor Coffee,,ea,1,Physical Good,Cor Coffee
2026-09-25,09:17:16,Central Time (US & Canada),Espresso Drinks,Mocha,1.0,Regular,,"Regular, To go, Iced, Whole",$5.25,$0.00,$5.25,$0.00,iPad,Payment,Cor Coffee,,ea,1,Physical Good,Cor Coffee
2026-09-25,09:17:16,Central Time (US & Canada),Espresso Drinks,Latte,1.0,Regular,,"Regular, To go, Iced, Whole",$4.75,$0.00,$4.75,$0.00,iPad,Payment,Cor Coffee,,ea,1,Physical Good,Cor Coffee
2026-09-25,09:15:45,Central Time (US & Canada),Teas,Matcha Latte,1.0,Regular,,"Here, Hot, Oat, Regular",$6.30,$0.00,$6.30,$0.00,iPad,Payment,Cor Coffee,,ea,1,Physical Good,Cor Coffee
2026-09-25,09:11:07,Central Time (US & Canada),Coffee Drinks,Coffee,1.0,Regular,,To go,$3.00,$0.00,$3.00,$0.00,iPad,Payment,Cor Coffee,,ea,1,Physical Good,Cor Coffee
2026-09-25,09:10:38,Central Time (US & Canada),Espresso Drinks,Latte,1.0,Regular,,"Regular, To go, Iced, Whole",$4.75,$0.00,$4.75,$0.00,iPad,Payment,Cor Coffee,,ea,1,Physical Good,Cor Coffee
2026-09-25,09:09:49,Central Time (US & Canada),Espresso Drinks,Cortado,1.0,Regular,,"Regular, Here, Whole",$4.00,$0.00,$4.00,$0.00,iPad,Payment,Cor Coffee,,ea,1,Physical Good,Cor Coffee
2026-09-25,09:04:48,Central Time (US & Canada),Espresso Drinks,Cappuccino,1.0,Regular,,"Regular, To go, Oat",$5.30,$0.00,$5.30,$0.00,iPad,Payment,Cor Coffee,,ea,1,Physical Good,Cor Coffee
2026-09-25,09:04:15,Central Time (US & Canada),Teas,Chai Latte,1.0,Regular,,"Hot, Oat, Vanilla",$6.55,$0.00,$6.55,$0.00,iPad,Payment,Cor Coffee,,ea,1,Physical Good,Cor Coffee
2026-09-25,09:01:05,Central Time (US & Canada),Espresso Drinks,Latte,1.0,Regular,,"Regular, To go, Hot, Whole, Vanilla",$5.25,$0.00,$5.25,$0.00,iPad,Payment,Cor Coffee,,ea,1,Physical Good,Cor Coffee
2026-09-25,09:00:35,Central Time (US & Canada),Espresso Drinks,Cappuccino,1.0,Regular,,"Regular, To go, Oat",$5.30,$0.00,$5.30,$0.00,iPad,Payment,Cor Coffee,,ea,1,Physical Good,Cor Coffee
2026-09-24,15:58:54,Central Time (US & Canada),Food,LiaP Cookie,1.0,Regular,,,$2.00,$0.00,$2.00,$0.00,iPad,Payment,Cor Coffee,,ea,1,Physical Good,Cor Coffee
2026-09-24,15:54:11,Central Time (US & Canada),Teas,Matcha Latte,1.0,Regular,,"Vanilla, To go, Hot, Oat",$6.80,$0.00,$6.80,$0.00,iPad,Payment,Cor Coffee,,ea,1,Physical Good,Cor Coffee
2026-09-24,15:54:11,Central Time (US & Canada),Teas,Matcha Latte,1.0,Regular,,"Blueberry, Iced, Whole, Regular",$6.25,$0.00,$6.25,$0.00,iPad,Payment,Cor Coffee,,ea,1,Physical Good,Cor Coffee
2026-09-24,15:33:58,Central Time (US & Canada),Espresso Drinks,Mocha,1.0,Regular,,Regular,$5.25,$0.00,$5.25,$0.00,iPad,Payment,Cor Coffee,,ea,1,Physical Good,Cor Coffee
2026-09-24,15:32:27,Central Time (US & Canada),Espresso Drinks,Latte,1.0,Regular,,"Regular, Oat",$5.55,$0.00,$5.55,$0.00,iPad,Payment,Cor Coffee,,ea,1,Physical Good,Cor Coffee
2026-09-24,15:25:52,Central Time (US & Canada),Other Drinks,Hot Chocolate,1.0,Regular,,,$4.00,$0.00,$4.00,$0.00,iPad,Payment,Cor Coffee,,ea,1,Physical Good,Cor Coffee
2026-09-24,15:25:52,Central Time (US & Canada),Espresso Drinks,Cortado,1.0,Regular,,Regular,$4.00,$0.00,$4.00,$0.00,iPad,Payment,Cor Coffee,,ea,1,Physical Good,Cor Coffee
2026-09-24,15:20:31,Central Time (US & Canada),Espresso Drinks,Cappuccino,1.0,Regular,,Regular,$4.50,$0.00,$4.50,$0.00,iPad,Payment,Cor Coffee,,ea,1,Physical Good,Cor Coffee
2026-09-24,15:19:36,Central Time (US & Canada),Coffee Drinks,Coffee,1.0,Regular,,To go,$3.00,$0.00,$3.00,$0.00,iPad,Payment,Cor Coffee,,ea,1,Physical Good,Cor Coffee
2026-09-24,15:16:29,Central Time (US & Canada),Teas,Matcha Latte,1.0,Regular,,"Blueberry, To go, Iced, Oat, Regular",$7.05,$0.00,$7.05,$0.00,iPad,Payment,Cor Coffee,,ea,1,Physical Good,Cor Coffee
2026-09-24,15:15:16,Central Time (US & Canada),Espresso Drinks,Latte,1.0,Regular,,"Regular, Iced, Whole, Cinnamon Roll, Cold Foam",$6.25,$0.00,$6.25,$0.00,iPad,Payment,Cor Coffee,,ea,1,Physical Good,Cor Coffee
2026-09-24,15:13:53,Central Time (US & Canada),Coffee Drinks,Cafe Au Lait,1.0,Regular,,"To go, Oat",$4.05,$0.00,$4.05,$0.00,iPad,Payment,Cor Coffee,,ea,1,Physical Good,Cor Coffee
2026-09-24,15:13:31,Central Time (US & Canada),Teas,Tea,1.0,Regular,,Hot,$3.75,$0.00,$3.75,$0.00,iPad,Payment,Cor Coffee,,ea,1,Physical Good,Cor Coffee
2026-09-24,15:05:37,Central Time (US & Canada),Espresso Drinks,Mocha,1.0,Regular,,"Regular, To go, Hot, Whole, Vanilla",$5.75,$0.00,$5.75,$0.00,iPad,Payment,Cor Coffee,,ea,1,Physical Good,Cor Coffee
2026-09-24,15:01:50,Central Time (US & Canada),Espresso Drinks,Latte,1.0,Regular,,"Regular, To go, Iced, Oat",$5.55,$0.00,$5.55,$0.00,iPad,Payment,Cor Coffee,,ea,1,Physical Good,Cor Coffee
2026-09-24,15:01:30,Central Time (US & Canada),Espresso Drinks,Espresso,1.0,Regular,,Regular,$3.25,$0.00,$3.25,$0.00,iPad,Payment,Cor Coffee,,ea,1,Physical Good,Cor Coffee
2026-09-24,14:59:41,Central Time (US & Canada),Espresso Drinks,Latte,1.0,Regular,,"Regular, To go, Iced, Whole, Vanilla",$5.25,$0.00,$5.25,$0.00,iPad,Payment,Cor Coffee,,ea,1,Physical Good,Cor Coffee
2026-09-24,14:58:56,Central Time (US & Canada),Espresso Drinks,Cappuccino,1.0,Regular,,"Regular, To go, Whole",$4.50,$0.00,$4.50,$0.00,iPad,Payment,Cor Coffee,,ea,1,Physical Good,Cor Coffee
2026-09-24,14:53:20,Central Time (US & Canada),Espresso Drinks,Latte,1.0,Regular,,"Regular, Hot, Oat, Cinnamon Roll",$6.30,$0.00,$6.30,$0.00,iPad,Payment,Cor Coffee,,ea,1,Physical Good,Cor Coffee
2026-09-24,14:53:20,Central Time (US & Canada),Food,Taos Bar,1.0,Regular,,Caramel (orange),$2.00,$0.00,$2.00,$0.00,iPad,Payment,Cor Coffee,,ea,1,Physical Good,Cor Coffee
2026-09-24,14:50:43,Central Time (US & Canada),Teas,Chai Latte,1.0,Regular,,Iced,$5.25,$0.00,$5.25,$0.00,iPad,Payment,Cor Coffee,,ea,1,Physical Good,Cor Coffee
2026-09-24,14:47:20,Central Time (US & Canada),Espresso Drinks,Latte,1.0,Regular,,"Regular, Iced, Oat, Cinnamon Roll",$6.30,-$6.30,$0.00,$0.00,iPad,Payment,Cor Coffee,,ea,1,Physical Good,Cor Coffee
2026-09-24,14:45:09,Central Time (US & Canada),Espresso Drinks,Latte,1.0,Regular,,"Regular, To go, Iced, Oat, Add shot, Vanilla, Cold Foam",$7.80,$0.00,$7.80,$0.00,iPad,Payment,Cor Coffee,,ea,1,Physical Good,Cor Coffee
2026-09-24,14:42:40,Central Time (US & Canada),Espresso Drinks,Latte,1.0,Regular,,"Regular, To go, Iced, Whole, Vanilla",$5.25,$0.00,$5.25,$0.00,iPad,Payment,Cor Coffee,,ea,1,Physical Good,Cor Coffee
2026-09-24,14:35:32,Central Time (US & Canada),Espresso Drinks,Latte,1.0,Regular,,"Regular, Here, Iced",$4.75,$0.00,$4.75,$0.00,iPad,Payment,Cor Coffee,,ea,1,Physical Good,Cor Coffee
2026-09-24,14:25:37,Central Time (US & Canada),Espresso Drinks,Latte,1.0,Regular,,"Regular, To go, Hot",$4.75,$0.00,$4.75,$0.00,iPad,Payment,Cor Coffee,,ea,1,Physical Good,Cor Coffee
2026-09-24,14:12:10,Central Time (US & Canada),Teas,Chai Latte,1.0,Regular,,"Here, Iced, Whole",$5.25,$0.00,$5.25,$0.00,iPad,Payment,Cor Coffee,,ea,1,Physical Good,Cor Coffee
2026-09-24,14:06:47,Central Time (US & Canada),Teas,Matcha Latte,1.0,Regular,,"Blueberry, To go, Oat, Regular",$7.05,$0.00,$7.05,$0.00,iPad,Payment,Cor Coffee,,ea,1,Physical Good,Cor Coffee
2026-09-24,14:04:36,Central Time (US & Canada),Espresso Drinks,Latte,1.0,Regular,,"Regular, To go, Iced, Cinnamon Roll",$5.50,$0.00,$5.50,$0.00,iPad,Payment,Cor Coffee,,ea,1,Physical Good,Cor Coffee
2026-09-24,14:03:51,Central Time (US & Canada),Espresso Drinks,Latte,1.0,Regular,,"Regular, To go, Iced, Almond, Vanilla",$6.05,$0.00,$6.05,$0.00,iPad,Payment,Cor Coffee,,ea,1,Physical Good,Cor Coffee
2026-09-24,13:57:52,Central Time (US & Canada),Coffee Drinks,Coffee,3.0,Regular,,To go,$9.00,$0.00,$9.00,$0.00,iPad,Payment,Cor Coffee,,ea,3,Physical Good,Cor Coffee
2026-09-24,13:57:52,Central Time (US & Canada),Espresso Drinks,Latte,1.0,Regular,,"Regular, To go, Iced, Whole, Vanilla",$5.25,$0.00,$5.25,$0.00,iPad,Payment,Cor Coffee,,ea,1,Physical Good,Cor Coffee
2026-09-24,13:57:52,Central Time (US & Canada),Espresso Drinks,Latte,1.0,Regular,,"Regular, To go, Iced, Cinnamon Roll",$5.50,$0.00,$5.50,$0.00,iPad,Payment,Cor Coffee,,ea,1,Physical Good,Cor Coffee
2026-09-24,13:57:52,Central Time (US & Canada),Coffee Drinks,Cold Brew,1.0,Regular,,,$4.50,$0.00,$4.50,$0.00,iPad,Payment,Cor Coffee,,ea,1,Physical Good,Cor Coffee
2026-09-24,13:48:58,Central Time (US & Canada),Espresso Drinks,Mocha,1.0,Regular,,"Decaf, To go, Iced, Whole",$5.25,$0.00,$5.25,$0.00,iPad,Payment,Cor Coffee,,ea,1,Physical Good,Cor Coffee
2026-09-24,13:47:47,Central Time (US & Canada),Espresso Drinks,Latte,1.0,Regular,,"Regular, To go, Iced, Whole",$4.75,$0.00,$4.75,$0.00,iPad,Payment,Cor Coffee,,ea,1,Physical Good,Cor Coffee
2026-09-24,13:44:34,Central Time (US & Canada),Espresso Drinks,Latte,1.0,Regular,,"Regular, To go, Hot, Half&Half (breve), Vanilla",$6.00,$0.00,$6.00,$0.00,iPad,Payment,Cor Coffee,,ea,1,Physical Good,Cor Coffee
2026-09-24,13:41:40,Central Time (US & Canada),Teas,Matcha Latte,1.0,Regular,,"Cinnamon Roll, To go, Iced",$6.25,$0.00,$6.25,$0.00,iPad,Payment,Cor Coffee,,ea,1,Physical Good,Cor Coffee
2026-09-24,13:40:25,Central Time (US & Canada),Espresso Drinks,Latte,1.0,Regular,,Regular,$4.75,$0.00,$4.75,$0.00,iPad,Payment,Cor Coffee,,ea,1,Physical Good,Cor Coffee
2026-09-24,13:40:25,Central Time (US & Canada),Food,Taos Bar,1.0,Regular,,Toasted Coconut (blue),$2.00,$0.00,$2.00,$0.00,iPad,Payment,Cor Coffee,,ea,1,Physical Good,Cor Coffee
2026-09-24,13:39:25,Central Time (US & Canada),Teas,Matcha Latte,1.0,Regular,,"To go, Iced",$5.50,$0.00,$5.50,$0.00,iPad,Payment,Cor Coffee,,ea,1,Physical Good,Cor Coffee
2026-09-24,13:31:11,Central Time (US & Canada),Coffee Drinks,Coffee,1.0,Regular,,,$3.00,$0.00,$3.00,$0.00,iPad,Payment,Cor Coffee,,ea,1,Physical Good,Cor Coffee
2026-09-24,13:20:15,Central Time (US & Canada),Espresso Drinks,Latte,1.0,Regular,,"Regular, Vanilla",$5.25,$0.00,$5.25,$0.00,iPad,Payment,Cor Coffee,,ea,1,Physical Good,Cor Coffee
2026-09-24,13:08:37,Central Time (US & Canada),Espresso Drinks,Latte,1.0,Regular,,"Regular, To go, Iced, Whole, Cinnamon Roll, Cold Foam",$6.25,$0.00,$6.25,$0.00,iPad,Payment,Cor Coffee,,ea,1,Physical Good,Cor Coffee
2026-09-24,12:59:20,Central Time (US & Canada),Food,Taos Bar,1.0,Regular,,,$2.00,$0.00,$2.00,$0.00,iPad,Payment,Cor Coffee,,ea,1,Physical Good,Cor Coffee
2026-09-24,12:59:20,Central Time (US & Canada),Coffee Drinks,Cafe Au Lait,1.0,Regular,,,$3.25,$0.00,$3.25,$0.00,iPad,Payment,Cor Coffee,,ea,1,Physical Good,Cor Coffee
2026-09-24,12:57:34,Central Time (US & Canada),Other Drinks,Lemonade,1.0,Regular,,,$3.00,$0.00,$3.00,$0.00,iPad,Payment,Cor Coffee,,ea,1,Physical Good,Cor Coffee
2026-09-24,12:55:41,Central Time (US & Canada),Coffee Drinks,Cold Brew,1.0,Regular,,"Cinnamon Roll, Cold Foam",$6.00,$0.00,$6.00,$0.00,iPad,Payment,Cor Coffee,,ea,1,Physical Good,Cor Coffee
2026-09-24,12:54:03,Central Time (US & Canada),Teas,Chai Latte,1.0,Regular,,"Here, Iced, Blueberry, Cold Foam",$6.75,$0.00,$6.75,$0.00,iPad,Payment,Cor Coffee,,ea,1,Physical Good,Cor Coffee
2026-09-24,12:52:32,Central Time (US & Canada),Espresso Drinks,Latte,1.0,Regular,,"Regular, Cinnamon Roll",$5.50,$0.00,$5.50,$0.00,iPad,Payment,Cor Coffee,,ea,1,Physical Good,Cor Coffee
2026-09-24,12:51:37,Central Time (US & Canada),Teas,Matcha Latte,1.0,Regular,,"Lavender, To go, Iced, Regular",$6.00,$0.00,$6.00,$0.00,iPad,Payment,Cor Coffee,,ea,1,Physical Good,Cor Coffee
2026-09-24,12:50:13,Central Time (US & Canada),Teas,Chai Latte,1.0,Regular,,"To go, Iced",$5.25,$0.00,$5.25,$0.00,iPad,Payment,Cor Coffee,,ea,1,Physical Good,Cor Coffee
2026-09-24,12:49:15,Central Time (US & Canada),Teas,Matcha Latte,1.0,Regular,,"To go, Iced, Sweet",$5.50,$0.00,$5.50,$0.00,iPad,Payment,Cor Coffee,,ea,1,Physical Good,Cor Coffee
2026-09-24,12:48:06,Central Time (US & Canada),Espresso Drinks,Latte,1.0,Regular,,"Regular, Cinnamon Roll",$5.50,$0.00,$5.50,$0.00,iPad,Payment,Cor Coffee,,ea,1,Physical Good,Cor Coffee
2026-09-24,12:47:23,Central Time (US & Canada),Espresso Drinks,Latte,1.0,Regular,,"Regular, To go, Hot, Cinnamon Roll",$5.50,$0.00,$5.50,$0.00,iPad,Payment,Cor Coffee,,ea,1,Physical Good,Cor Coffee
2026-09-24,12:46:28,Central Time (US & Canada),Espresso Drinks,Latte,1.0,Regular,,"Regular, To go, Hot, Cinnamon Roll",$5.50,$0.00,$5.50,$0.00,iPad,Payment,Cor Coffee,,ea,1,Physical Good,Cor Coffee
2026-09-24,12:44:55,Central Time (US & Canada),Other Drinks,Hot Chocolate,2.0,Regular,,,$8.00,$0.00,$8.00,$0.00,iPad,Payment,Cor Coffee,,ea,2,Physical Good,Cor Coffee
2026-09-24,12:43:47,Central Time (US & Canada),Espresso Drinks,Latte,1.0,Regular,,"Regular, Here, Iced, Vanilla, Cold Foam",$6.00,$0.00,$6.00,$0.00,iPad,Payment,Cor Coffee,,ea,1,Physical Good,Cor Coffee
2026-09-24,12:41:53,Central Time (US & Canada),Espresso Drinks,Latte,1.0,Regular,,"Regular, To go, Iced, Cinnamon Roll, Cold Foam",$6.25,$0.00,$6.25,$0.00,iPad,Payment,Cor Coffee,,ea,1,Physical Good,Cor Coffee
2026-09-24,12:40:46,Central Time (US & Canada),Espresso Drinks,Latte,1.0,Regular,,"Regular, To go, Iced, Cinnamon Roll, Cold Foam",$6.25,$0.00,$6.25,$0.00,iPad,Payment,Cor Coffee,,ea,1,Physical Good,Cor Coffee
2026-09-24,12:39:21,Central Time (US & Canada),Espresso Drinks,Latte,1.0,Regular,,"Regular, Here, Iced, Cinnamon Roll, Cold Foam",$6.25,$0.00,$6.25,$0.00,iPad,Payment,Cor Coffee,,ea,1,Physical Good,Cor Coffee
2026-09-24,12:38:03,Central Time (US & Canada),Espresso Drinks,Latte,1.0,Regular,,"Regular, Here, Iced, Cinnamon Roll",$5.50,$0.00,$5.50,$0.00,iPad,Payment,Cor Coffee,,ea,1,Physical Good,Cor Coffee
2026-09-24,12:36:17,Central Time (US & Canada),Espresso Drinks,Latte,1.0,Regular,,"Regular, To go, Iced, Vanilla",$5.25,$0.00,$5.25,$0.00,iPad,Payment,Cor Coffee,,ea,1,Physical Good,Cor Coffee
2026-09-24,12:36:17,Central Time (US & Canada),Food,LiaP Cookie,1.0,Regular,,,$2.00,$0.00,$2.00,$0.00,iPad,Payment,Cor Coffee,,ea,1,Physical Good,Cor Coffee
2026-09-24,12:34:53,Central Time (US & Canada),Espresso Drinks,Latte,1.0,Regular,,"Regular, To go, Hot, Cinnamon Roll",$5.50,$0.00,$5.50,$0.00,iPad,Payment,Cor Coffee,,ea,1,Physical Good,Cor Coffee
2026-09-24,12:34:53,Central Time (US & Canada),Teas,Tea,1.0,Regular,,"Hot, To go",$3.75,$0.00,$3.75,$0.00,iPad,Payment,Cor Coffee,,ea,1,Physical Good,Cor Coffee
2026-09-24,12:32:32,Central Time (US & Canada),Espresso Drinks,Latte,1.0,Regular,,"Regular, To go, Iced, Vanilla",$5.25,-$2.62,$2.63,$0.00,iPad,Payment,Cor Coffee,,ea,1,Physical Good,Cor Coffee
2026-09-24,12:31:16,Central Time (US & Canada),Food,LiaP Cookie,1.0,Regular,,,$2.00,$0.00,$2.00,$0.00,iPad,Payment,Cor Coffee,,ea,1,Physical Good,Cor Coffee
2026-09-24,12:31:16,Central Time (US & Canada),Espresso Drinks,Latte,1.0,Regular,,"Regular, Iced, Vanilla",$5.25,$0.00,$5.25,$0.00,iPad,Payment,Cor Coffee,,ea,1,Physical Good,Cor Coffee
2026-09-24,12:29:59,Central Time (US & Canada),Espresso Drinks,Latte,1.0,Regular,,"Regular, To go, Iced, Vanilla, Cold Foam",$6.00,$0.00,$6.00,$0.00,iPad,Payment,Cor Coffee,,ea,1,Physical Good,Cor Coffee
2026-09-24,12:29:15,Central Time (US & Canada),Food,Taos Bar,1.0,Regular,,Peanut butter (green),$2.00,$0.00,$2.00,$0.00,iPad,Payment,Cor Coffee,,ea,1,Physical Good,Cor Coffee
2026-09-24,12:28:56,Central Time (US & Canada),Espresso Drinks,Latte,1.0,Regular,,"Decaf, Iced, Blueberry, Cold Foam",$6.25,$0.00,$6.25,$0.00,iPad,Payment,Cor Coffee,,ea,1,Physical Good,Cor Coffee
2026-09-24,12:27:48,Central Time (US & Canada),Espresso Drinks,Latte,1.0,Regular,,"Regular, To go, Hot, Vanilla",$5.25,$0.00,$5.25,$0.00,iPad,Payment,Cor Coffee,,ea,1,Physical Good,Cor Coffee
2026-09-24,12:21:38,Central Time (US & Canada),Coffee Drinks,Coffee,1.0,Regular,,,$3.00,$0.00,$3.00,$0.00,iPad,Payment,Cor Coffee,,ea,1,Physical Good,Cor Coffee
2026-09-24,12:19:23,Central Time (US & Canada),Teas,Matcha Latte,1.0,Regular,,"Vanilla, Here, Iced, Regular",$6.00,$0.00,$6.00,$0.00,iPad,Payment,Cor Coffee,,ea,1,Physical Good,Cor Coffee
2026-09-24,12:18:09,Central Time (US & Canada),Espresso Drinks,Latte,1.0,Regular,,"Regular, To go, Iced, Cinnamon Roll, Cold Foam",$6.25,$0.00,$6.25,$0.00,iPad,Payment,Cor Coffee,,ea,1,Physical Good,Cor Coffee
2026-09-24,12:15:34,Central Time (US & Canada),Espresso Drinks,Latte,1.0,Regular,,"Regular, To go, Iced",$4.75,$0.00,$4.75,$0.00,iPad,Payment,Cor Coffee,,ea,1,Physical Good,Cor Coffee
2026-09-24,12:13:39,Central Time (US & Canada),Teas,Matcha Latte,1.0,Regular,,,$5.50,$0.00,$5.50,$0.00,iPad,Payment,Cor Coffee,,ea,1,Physical Good,Cor Coffee
2026-09-24,12:13:39,Central Time (US & Canada),Teas,Matcha Latte,1.0,Regular,,"Cinnamon Roll, Cold Foam, To go, Iced",$7.00,$0.00,$7.00,$0.00,iPad,Payment,Cor Coffee,,ea,1,Physical Good,Cor Coffee
2026-09-24,12:06:29,Central Time (US & Canada),Teas,Chai Latte,1.0,Regular,,"To go, Iced, Whole",$5.25,$0.00,$5.25,$0.00,iPad,Payment,Cor Coffee,,ea,1,Physical Good,Cor Coffee
2026-09-24,12:05:52,Central Time (US & Canada),Teas,Chai Latte,1.0,Regular,,,$5.25,$0.00,$5.25,$0.00,iPad,Payment,Cor Coffee,,ea,1,Physical Good,Cor Coffee
2026-09-24,11:56:41,Central Time (US & Canada),Teas,Chai Latte,1.0,Regular,,Oat,$6.05,$0.00,$6.05,$0.00,iPad,Payment,Cor Coffee,,ea,1,Physical Good,Cor Coffee
2026-09-24,11:48:42,Central Time (US & Canada),Espresso Drinks,Latte,1.0,Regular,,"Regular, To go, Hot, Whole, Cinnamon Roll",$5.50,$0.00,$5.50,$0.00,iPad,Payment,Cor Coffee,,ea,1,Physical Good,Cor Coffee
2026-09-24,11:47:40,Central Time (US & Canada),Espresso Drinks,Latte,1.0,Regular,,"Regular, To go, Iced, Almond, Cinnamon Roll",$6.30,$0.00,$6.30,$0.00,iPad,Payment,Cor Coffee,,ea,1,Physical Good,Cor Coffee
2026-09-24,11:45:14,Central Time (US & Canada),Espresso Drinks,Latte,1.0,Regular,,"Regular, Here, Iced, Whole, Lavender, Cold Foam",$6.00,$0.00,$6.00,$0.00,iPad,Payment,Cor Coffee,,ea,1,Physical Good,Cor Coffee
2026-09-24,11:34:27,Central Time (US & Canada),Espresso Drinks,Latte,1.0,Regular,,"Regular, To go, Iced, Whole, Blueberry",$5.50,$0.00,$5.50,$0.00,iPad,Payment,Cor Coffee,,ea,1,Physical Good,Cor Coffee
2026-09-24,11:33:39,Central Time (US & Canada),Espresso Drinks,Latte,1.0,Regular,,"Regular, To go, Iced, Vanilla",$5.25,$0.00,$5.25,$0.00,iPad,Payment,Cor Coffee,,ea,1,Physical Good,Cor Coffee
2026-09-24,11:32:45,Central Time (US & Canada),Espresso Drinks,Cappuccino,1.0,Regular,,"Regular, To go",$4.50,$0.00,$4.50,$0.00,iPad,Payment,Cor Coffee,,ea,1,Physical Good,Cor Coffee
2026-09-24,11:29:08,Central Time (US & Canada),Espresso Drinks,Latte,1.0,Regular,,"Regular, To go, Iced, Almond, Cinnamon Roll",$6.30,$0.00,$6.30,$0.00,iPad,Payment,Cor Coffee,,ea,1,Physical Good,Cor Coffee
2026-09-24,11:25:56,Central Time (US & Canada),Espresso Drinks,Latte,1.0,Regular,,"Regular, To go, Iced, Oat, Vanilla",$6.05,$0.00,$6.05,$0.00,iPad,Payment,Cor Coffee,,ea,1,Physical Good,Cor Coffee
2026-09-24,11:25:03,Central Time (US & Canada),Espresso Drinks,Americano,1.0,Regular,,Regular,$3.75,$0.00,$3.75,$0.00,iPad,Payment,Cor Coffee,,ea,1,Physical Good,Cor Coffee
2026-09-24,11:23:41,Central Time (US & Canada),Espresso Drinks,Cappuccino,1.0,Regular,,Regular,$4.50,$0.00,$4.50,$0.00,iPad,Payment,Cor Coffee,,ea,1,Physical Good,Cor Coffee
2026-09-24,11:23:12,Central Time (US & Canada),Coffee Drinks,Cold Brew,1.0,Regular,,,$4.50,$0.00,$4.50,$0.00,iPad,Payment,Cor Coffee,,ea,1,Physical Good,Cor Coffee
2026-09-24,11:18:08,Central Time (US & Canada),Espresso Drinks,Mocha,1.0,Regular,,"Regular, Here, Iced, Oat, Blueberry",$6.80,$0.00,$6.80,$0.00,iPad,Payment,Cor Coffee,,ea,1,Physical Good,Cor Coffee
2026-09-24,11:15:41,Central Time (US & Canada),Espresso Drinks,Cappuccino,1.0,Regular,,"Regular, Here, Whole",$4.50,$0.00,$4.50,$0.00,iPad,Payment,Cor Coffee,,ea,1,Physical Good,Cor Coffee
2026-09-24,11:07:50,Central Time (US & Canada),Espresso Drinks,Latte,1.0,Regular,,"Regular, To go, Hot, Half&Half (drip splash), Vanilla",$5.25,$0.00,$5.25,$0.00,iPad,Payment,Cor Coffee,,ea,1,Physical Good,Cor Coffee
2026-09-24,11:06:55,Central Time (US & Canada),Teas,Matcha Latte,1.0,Regular,,"To go, Iced, Whole, Sweet",$5.50,$0.00,$5.50,$0.00,iPad,Payment,Cor Coffee,,ea,1,Physical Good,Cor Coffee
2026-09-24,11:06:05,Central Time (US & Canada),Coffee Drinks,Cold Brew,2.0,Regular,,To go,$9.00,$0.00,$9.00,$0.00,iPad,Payment,Cor Coffee,,ea,2,Physical Good,Cor Coffee
2026-09-24,11:02:27,Central Time (US & Canada),Teas,Tea,1.0,Regular,,"Hot, Here",$3.75,$0.00,$3.75,$0.00,iPad,Payment,Cor Coffee,,ea,1,Physical Good,Cor Coffee
2026-09-24,11:00:46,Central Time (US & Canada),Espresso Drinks,Latte,1.0,Regular,,"Regular, To go, Iced, Soy, Cinnamon Roll",$6.30,$0.00,$6.30,$0.00,iPad,Payment,Cor Coffee,,ea,1,Physical Good,Cor Coffee
2026-09-24,10:57:06,Central Time (US & Canada),Espresso Drinks,Flat White,1.0,Regular,,"Regular, To go, Whole",$4.25,$0.00,$4.25,$0.00,iPad,Payment,Cor Coffee,,ea,1,Physical Good,Cor Coffee
2026-09-24,10:56:15,Central Time (US & Canada),Espresso Drinks,Latte,1.0,Regular,,"Regular, To go, Iced, Whole, Vanilla",$5.25,$0.00,$5.25,$0.00,iPad,Payment,Cor Coffee,,ea,1,Physical Good,Cor Coffee
2026-09-24,10:55:51,Central Time (US & Canada),Coffee Drinks,Cold Brew,1.0,Regular,,To go,$4.50,-$4.50,$0.00,$0.00,iPad,Payment,Cor Coffee,,ea,1,Physical Good,Cor Coffee
2026-09-24,10:52:37,Central Time (US & Canada),Coffee Drinks,Cold Brew,1.0,Regular,,"Here, Cinnamon Roll, Cold Foam",$6.00,$0.00,$6.00,$0.00,iPad,Payment,Cor Coffee,,ea,1,Physical Good,Cor Coffee
2026-09-24,10:51:13,Central Time (US & Canada),Espresso Drinks,Latte,1.0,Regular,,"Regular, To go, Iced, Whole, Vanilla",$5.25,$0.00,$5.25,$0.00,iPad,Payment,Cor Coffee,,ea,1,Physical Good,Cor Coffee
2026-09-24,10:46:41,Central Time (US & Canada),Teas,Matcha Latte,1.0,Regular,,"Blueberry, To go, Iced, Oat, Regular",$7.05,$0.00,$7.05,$0.00,iPad,Payment,Cor Coffee,,ea,1,Physical Good,Cor Coffee
2026-09-24,10:44:45,Central Time (US & Canada),Espresso Drinks,Espresso,1.0,Regular,,"Regular, To go",$3.25,$0.00,$3.25,$0.00,iPad,Payment,Cor Coffee,,ea,1,Physical Good,Cor Coffee
2026-09-24,10:43:18,Central Time (US & Canada),Espresso Drinks,Latte,1.0,Regular,,"Regular, To go, Iced, Whole, Vanilla",$5.25,$0.00,$5.25,$0.00,iPad,Payment,Cor Coffee,,ea,1,Physical Good,Cor Coffee
2026-09-24,10:39:45,Central Time (US & Canada),Teas,Matcha Latte,1.0,Regular,,"Blueberry, Cold Foam, To go, Iced, Almond, Sweet",$7.80,$0.00,$7.80,$0.00,iPad,Payment,Cor Coffee,,ea,1,Physical Good,Cor Coffee
2026-09-24,10:38:52,Central Time (US & Canada),Espresso Drinks,Mocha,1.0,Regular,,"Regular, To go, Hot, Whole",$5.25,$0.00,$5.25,$0.00,iPad,Payment,Cor Coffee,,ea,1,Physical Good,Cor Coffee
2026-09-24,10:36:52,Central Time (US & Canada),Espresso Drinks,Latte,1.0,Regular,,"Regular, Here, Hot, Oat, Cinnamon Roll",$6.30,$0.00,$6.30,$0.00,iPad,Payment,Cor Coffee,,ea,1,Physical Good,Cor Coffee
2026-09-24,10:35:45,Central Time (US & Canada),Espresso Drinks,Latte,1.0,Regular,,"Regular, To go, Iced, Whole, Cinnamon Roll",$5.50,$0.00,$5.50,$0.00,iPad,Payment,Cor Coffee,,ea,1,Physical Good,Cor Coffee
2026-09-24,10:34:11,Central Time (US & Canada),Espresso Drinks,Latte,1.0,Regular,,"Regular, To go, Hot, Soy, Vanilla",$6.05,$0.00,$6.05,$0.00,iPad,Payment,Cor Coffee,,ea,1,Physical Good,Cor Coffee
2026-09-24,10:32:04,Central Time (US & Canada),Teas,Matcha Latte,1.0,Regular,,"To go, Iced, Whole, Sweet",$5.50,-$5.50,$0.00,$0.00,iPad,Payment,Cor Coffee,,ea,1,Physical Good,Cor Coffee
2026-09-24,10:32:04,Central Time (US & Canada),Teas,Matcha Latte,1.0,Regular,,"Cinnamon Roll, To go, Iced, Whole, Sweet",$6.25,-$6.25,$0.00,$0.00,iPad,Payment,Cor Coffee,,ea,1,Physical Good,Cor Coffee
2026-09-24,10:30:32,Central Time (US & Canada),Espresso Drinks,Latte,1.0,Regular,,"Regular, To go, Iced, Whole, Vanilla",$5.25,$0.00,$5.25,$0.00,iPad,Payment,Cor Coffee,,ea,1,Physical Good,Cor Coffee
2026-09-24,10:26:57,Central Time (US & Canada),Espresso Drinks,Latte,1.0,Regular,,"Regular, To go, Iced, Whole, Cinnamon Roll",$5.50,$0.00,$5.50,$0.00,iPad,Payment,Cor Coffee,,ea,1,Physical Good,Cor Coffee
2026-09-24,10:13:45,Central Time (US & Canada),Espresso Drinks,Latte,1.0,Regular,,"Regular, To go, Iced, Whole, Vanilla",$5.25,$0.00,$5.25,$0.00,iPad,Payment,Cor Coffee,,ea,1,Physical Good,Cor Coffee
2026-09-24,10:12:49,Central Time (US & Canada),Espresso Drinks,Latte,1.0,Regular,,"Regular, To go, Hot, Oat, Vanilla",$6.05,$0.00,$6.05,$0.00,iPad,Payment,Cor Coffee,,ea,1,Physical Good,Cor Coffee
2026-09-24,10:10:32,Central Time (US & Canada),Teas,Matcha Latte,1.0,Regular,,"Vanilla, To go, Iced, Whole, Regular",$6.00,$0.00,$6.00,$0.00,iPad,Payment,Cor Coffee,,ea,1,Physical Good,Cor Coffee
2026-09-24,10:08:10,Central Time (US & Canada),Teas,Matcha Latte,2.0,Regular,,"Vanilla, To go, Iced, Whole, Regular",$12.00,$0.00,$12.00,$0.00,iPad,Payment,Cor Coffee,,ea,2,Physical Good,Cor Coffee
2026-09-24,10:06:28,Central Time (US & Canada),Espresso Drinks,Latte,1.0,Regular,,"Regular, To go, Iced, Whole, Lavender",$5.25,$0.00,$5.25,$0.00,iPad,Payment,Cor Coffee,,ea,1,Physical Good,Cor Coffee
2026-09-24,09:54:38,Central Time (US & Canada),Teas,Tea,1.0,Regular,,"Hot, To go",$3.75,$0.00,$3.75,$0.00,iPad,Payment,Cor Coffee,,ea,1,Physical Good,Cor Coffee
2026-09-24,09:54:09,Central Time (US & Canada),Espresso Drinks,Latte,1.0,Regular,,"Regular, To go, Iced, Whole, Vanilla, Cold Foam",$6.00,$0.00,$6.00,$0.00,iPad,Payment,Cor Coffee,,ea,1,Physical Good,Cor Coffee
2026-09-24,09:52:35,Central Time (US & Canada),Espresso Drinks,Flat White,1.0,Regular,,"Regular, Here, Oat",$5.05,$0.00,$5.05,$0.00,iPad,Payment,Cor Coffee,,ea,1,Physical Good,Cor Coffee
2026-09-24,09:38:47,Central Time (US & Canada),Espresso Drinks,Latte,1.0,Regular,,"Regular, Here, Iced, Oat",$5.55,$0.00,$5.55,$0.00,iPad,Payment,Cor Coffee,,ea,1,Physical Good,Cor Coffee
2026-09-24,09:33:30,Central Time (US & Canada),Espresso Drinks,Latte,1.0,Regular,,"Regular, Here, Hot, Oat, Vanilla",$6.05,-$6.05,$0.00,$0.00,iPad,Payment,Cor Coffee,,ea,1,Physical Good,Cor Coffee
2026-09-24,09:29:57,Central Time (US & Canada),Espresso Drinks,Americano,1.0,Regular,,"Regular, Here, Hot",$3.75,$0.00,$3.75,$0.00,iPad,Payment,Cor Coffee,,ea,1,Physical Good,Cor Coffee
2026-09-24,09:26:40,Central Time (US & Canada),Espresso Drinks,Cappuccino,1.0,Regular,,"Regular, To go, Whole",$4.50,-$4.50,$0.00,$0.00,iPad,Payment,Cor Coffee,,ea,1,Physical Good,Cor Coffee
2026-09-24,09:22:53,Central Time (US & Canada),Espresso Drinks,Americano,1.0,Regular,,"Regular, Here, Iced",$3.75,$0.00,$3.75,$0.00,iPad,Payment,Cor Coffee,,ea,1,Physical Good,Cor Coffee
2026-09-24,09:21:49,Central Time (US & Canada),Espresso Drinks,Latte,1.0,Regular,,"Regular, Here, Iced, Whole, Vanilla",$5.25,$0.00,$5.25,$0.00,iPad,Payment,Cor Coffee,,ea,1,Physical Good,Cor Coffee
2026-09-24,09:20:45,Central Time (US & Canada),Teas,Matcha Latte,1.0,Regular,,"Vanilla, To go, Iced, Oat, Regular",$6.80,$0.00,$6.80,$0.00,iPad,Payment,Cor Coffee,,ea,1,Physical Good,Cor Coffee
2026-09-24,09:19:28,Central Time (US & Canada),Espresso Drinks,Latte,1.0,Regular,,"Regular, To go, Iced, Whole, Vanilla",$5.25,$0.00,$5.25,$0.00,iPad,Payment,Cor Coffee,,ea,1,Physical Good,Cor Coffee
2026-09-24,09:18:52,Central Time (US & Canada),Teas,Matcha Latte,1.0,Regular,,"Vanilla, To go, Iced, Whole, Regular",$6.00,$0.00,$6.00,$0.00,iPad,Payment,Cor Coffee,,ea,1,Physical Good,Cor Coffee
2026-09-24,09:18:04,Central Time (US & Canada),Teas,Matcha Latte,1.0,Regular,,"Lavender, To go, Iced, Whole, Regular",$6.00,$0.00,$6.00,$0.00,iPad,Payment,Cor Coffee,,ea,1,Physical Good,Cor Coffee
2026-09-24,09:17:08,Central Time (US & Canada),Teas,Tea,1.0,Regular,,"Hot, To go",$3.75,$0.00,$3.75,$0.00,iPad,Payment,Cor Coffee,,ea,1,Physical Good,Cor Coffee
2026-09-24,09:12:31,Central Time (US & Canada),Coffee Drinks,Coffee,1.0,Regular,,Here,$3.00,$0.00,$3.00,$0.00,iPad,Payment,Cor Coffee,,ea,1,Physical Good,Cor Coffee
2026-09-24,09:11:43,Central Time (US & Canada),Teas,Chai Latte,1.0,Regular,,"Here, To go, Iced, Whole, Lavender",$5.75,$0.00,$5.75,$0.00,iPad,Payment,Cor Coffee,,ea,1,Physical Good,Cor Coffee
2026-09-24,09:10:46,Central Time (US & Canada),Espresso Drinks,Latte,1.0,Regular,,"Regular, To go, Iced, Whole, Cinnamon Roll",$5.50,$0.00,$5.50,$0.00,iPad,Payment,Cor Coffee,,ea,1,Physical Good,Cor Coffee
2026-09-24,09:09:34,Central Time (US & Canada),Espresso Drinks,Latte,1.0,Regular,,"Regular, To go, Hot, Whole, Vanilla",$5.25,$0.00,$5.25,$0.00,iPad,Payment,Cor Coffee,,ea,1,Physical Good,Cor Coffee
2026-09-24,09:09:34,Central Time (US & Canada),Food,Taos Bar,1.0,Regular,,Blueberry Lemon (yellow),$2.00,$0.00,$2.00,$0.00,iPad,Payment,Cor Coffee,,ea,1,Physical Good,Cor Coffee
2026-09-24,09:07:53,Central Time (US & Canada),Espresso Drinks,Latte,1.0,Regular,,"Regular, To go, Hot, Whole, Vanilla",$5.25,$0.00,$5.25,$0.00,iPad,Payment,Cor Coffee,,ea,1,Physical Good,Cor Coffee
2026-09-24,09:07:12,Central Time (US & Canada),Espresso Drinks,Latte,1.0,Regular,,"Regular, To go, Iced, Whole, Vanilla",$5.25,$0.00,$5.25,$0.00,iPad,Payment,Cor Coffee,,ea,1,Physical Good,Cor Coffee
2026-09-24,09:06:16,Central Time (US & Canada),Food,LiaP Cookie,1.0,Regular,,,$2.00,$0.00,$2.00,$0.00,iPad,Payment,Cor Coffee,,ea,1,Physical Good,Cor Coffee
2026-09-24,09:03:29,Central Time (US & Canada),Teas,Matcha Latte,1.0,Regular,,"Vanilla, To go, Iced, Whole, Sweet",$6.00,$0.00,$6.00,$0.00,iPad,Payment,Cor Coffee,,ea,1,Physical Good,Cor Coffee
2026-09-23,15:55:48,Central Time (US & Canada),Espresso Drinks,Cappuccino,1.0,Regular,,"Regular, To go, Whole",$4.50,$0.00,$4.50,$0.00,iPad,Payment,Cor Coffee,,ea,1,Physical Good,Cor Coffee
2026-09-23,15:44:30,Central Time (US & Canada),Teas,Matcha Latte,1.0,Regular,,"To go, Iced, Soy, Sweet",$6.30,$0.00,$6.30,$0.00,iPad,Payment,Cor Coffee,,ea,1,Physical Good,Cor Coffee
2026-09-23,15:43:13,Central Time (US & Canada),Teas,Chai Latte,1.0,Regular,,"To go, Iced, Whole",$5.25,-$2.62,$2.63,$0.00,iPad,Payment,Cor Coffee,,ea,1,Physical Good,Cor Coffee
2026-09-23,15:38:11,Central Time (US & Canada),Teas,Matcha Latte,1.0,Regular,,"Blueberry, To go, Iced, Whole, Regular",$6.25,$0.00,$6.25,$0.00,iPad,Payment,Cor Coffee,,ea,1,Physical Good,Cor Coffee
2026-09-23,15:33:26,Central Time (US & Canada),Teas,London Fog,1.0,Regular,,"To go, Oat",$5.55,$0.00,$5.55,$0.00,iPad,Payment,Cor Coffee,,ea,1,Physical Good,Cor Coffee
2026-09-23,15:26:26,Central Time (US & Canada),Food,LiaP Cookie,1.0,Regular,,,$2.00,$0.00,$2.00,$0.00,iPad,Payment,Cor Coffee,,ea,1,Physical Good,Cor Coffee
2026-09-23,15:25:56,Central Time (US & Canada),Espresso Drinks,Latte,1.0,Regular,,"Regular, To go, Iced, Whole, Cinnamon Roll",$5.50,$0.00,$5.50,$0.00,iPad,Payment,Cor Coffee,,ea,1,Physical Good,Cor Coffee
2026-09-23,15:22:19,Central Time (US & Canada),Espresso Drinks,Latte,1.0,Regular,,"Regular, To go, Iced, Whole",$4.75,$0.00,$4.75,$0.00,iPad,Payment,Cor Coffee,,ea,1,Physical Good,Cor Coffee
2026-09-23,15:21:11,Central Time (US & Canada),Teas,Matcha Latte,1.0,Regular,,"Lavender, To go, Iced, Whole, Sweet",$6.00,$0.00,$6.00,$0.00,iPad,Payment,Cor Coffee,,ea,1,Physical Good,Cor Coffee
2026-09-23,15:15:35,Central Time (US & Canada),Teas,Matcha Latte,1.0,Regular,,"Blueberry, To go, Iced, Whole, Sweet",$6.25,$0.00,$6.25,$0.00,iPad,Payment,Cor Coffee,,ea,1,Physical Good,Cor Coffee
2026-09-23,15:13:16,Central Time (US & Canada),Coffee Drinks,Coffee,1.0,Regular,,,$3.00,$0.00,$3.00,$0.00,iPad,Payment,Cor Coffee,,ea,1,Physical Good,Cor Coffee
2026-09-23,15:11:43,Central Time (US & Canada),Teas,Matcha Latte,1.0,Regular,,"To go, Hot, Oat, Regular",$6.30,$0.00,$6.30,$0.00,iPad,Payment,Cor Coffee,,ea,1,Physical Good,Cor Coffee
2026-09-23,15:11:43,Central Time (US & Canada),Teas,Chai Latte,1.0,Regular,,"Hot, Whole",$5.25,$0.00,$5.25,$0.00,iPad,Payment,Cor Coffee,,ea,1,Physical Good,Cor Coffee
2026-09-23,15:07:58,Central Time (US & Canada),Teas,Tea,1.0,Regular,,Iced,$3.75,$0.00,$3.75,$0.00,iPad,Payment,Cor Coffee,,ea,1,Physical Good,Cor Coffee
2026-09-23,15:05:37,Central Time (US & Canada),Teas,Matcha Latte,1.0,Regular,,"Blueberry, To go, Iced, Almond, Regular",$7.05,$0.00,$7.05,$0.00,iPad,Payment,Cor Coffee,,ea,1,Physical Good,Cor Coffee
2026-09-23,15:03:54,Central Time (US & Canada),Espresso Drinks,Cortado,1.0,Regular,,"Regular, To go, Oat",$4.80,$0.00,$4.80,$0.00,iPad,Payment,Cor Coffee,,ea,1,Physical Good,Cor Coffee
2026-09-23,14:55:29,Central Time (US & Canada),Espresso Drinks,Latte,1.0,Regular,,"Regular, To go, Iced, Whole, Vanilla",$5.25,$0.00,$5.25,$0.00,iPad,Payment,Cor Coffee,,ea,1,Physical Good,Cor Coffee
2026-09-23,14:52:59,Central Time (US & Canada),Food,Taos Bar,1.0,Regular,,Blueberry Lemon (yellow),$2.00,$0.00,$2.00,$0.00,iPad,Payment,Cor Coffee,,ea,1,Physical Good,Cor Coffee
2026-09-23,14:52:59,Central Time (US & Canada),Food,Taos Bar,1.0,Regular,,Toasted Coconut (blue),$2.00,-$2.00,$0.00,$0.00,iPad,Payment,Cor Coffee,,ea,1,Physical Good,Cor Coffee
2026-09-23,14:49:50,Central Time (US & Canada),Espresso Drinks,Flat White,1.0,Regular,,"Regular, To go, Whole",$4.25,$0.00,$4.25,$0.00,iPad,Payment,Cor Coffee,,ea,1,Physical Good,Cor Coffee
2026-09-23,14:44:05,Central Time (US & Canada),Coffee Drinks,Coffee,1.0,Regular,,"To go, Whole",$3.00,$0.00,$3.00,$0.00,iPad,Payment,Cor Coffee,,ea,1,Physical Good,Cor Coffee
2026-09-23,14:40:45,Central Time (US & Canada),Coffee Drinks,Coffee,1.0,Regular,,,$3.00,$0.00,$3.00,$0.00,iPad,Payment,Cor Coffee,,ea,1,Physical Good,Cor Coffee
2026-09-23,14:38:28,Central Time (US & Canada),Teas,Chai Latte,1.0,Regular,,"Iced, Whole",$5.25,$0.00,$5.25,$0.00,iPad,Payment,Cor Coffee,,ea,1,Physical Good,Cor Coffee
2026-09-23,14:34:38,Central Time (US & Canada),Espresso Drinks,Cappuccino,1.0,Regular,,"Decaf, To go, Whole",$4.50,$0.00,$4.50,$0.00,iPad,Payment,Cor Coffee,,ea,1,Physical Good,Cor Coffee
2026-09-23,14:32:02,Central Time (US & Canada),Espresso Drinks,Latte,1.0,Regular,,"Regular, To go, Iced, Whole, Vanilla",$5.25,$0.00,$5.25,$0.00,iPad,Payment,Cor Coffee,,ea,1,Physical Good,Cor Coffee
2026-09-23,14:29:14,Central Time (US & Canada),Espresso Drinks,Latte,1.0,Regular,,"Regular, To go, Hot, Whole, Vanilla",$5.25,$0.00,$5.25,$0.00,iPad,Payment,Cor Coffee,,ea,1,Physical Good,Cor Coffee
2026-09-23,14:25:26,Central Time (US & Canada),Coffee Drinks,Coffee,1.0,Regular,,Here,$3.00,$0.00,$3.00,$0.00,iPad,Payment,Cor Coffee,,ea,1,Physical Good,Cor Coffee
2026-09-23,14:22:34,Central Time (US & Canada),Espresso Drinks,Latte,1.0,Regular,,"Regular, To go, Iced, Whole, Cinnamon Roll",$5.50,$0.00,$5.50,$0.00,iPad,Payment,Cor Coffee,,ea,1,Physical Good,Cor Coffee
2026-09-23,14:22:34,Central Time (US & Canada),Espresso Drinks,Latte,1.0,Regular,,"Regular, To go, Iced, Almond, Blueberry",$6.30,$0.00,$6.30,$0.00,iPad,Payment,Cor Coffee,,ea,1,Physical Good,Cor Coffee
2026-09-23,14:09:25,Central Time (US & Canada),Espresso Drinks,Americano,1.0,Regular,,"Regular, To go, Iced, Lavender",$4.25,$0.00,$4.25,$0.00,iPad,Payment,Cor Coffee,,ea,1,Physical Good,Cor Coffee
2026-09-23,14:08:15,Central Time (US & Canada),Espresso Drinks,Mocha,1.0,Regular,,"Regular, To go, Hot, Whole",$5.25,$0.00,$5.25,$0.00,iPad,Payment,Cor Coffee,,ea,1,Physical Good,Cor Coffee
2026-09-23,14:07:14,Central Time (US & Canada),Espresso Drinks,Latte,1.0,Regular,,"Regular, To go, Hot, Whole",$4.75,-$2.38,$2.37,$0.00,iPad,Payment,Cor Coffee,,ea,1,Physical Good,Cor Coffee
2026-09-23,14:05:28,Central Time (US & Canada),Espresso Drinks,Mocha,1.0,Regular,,"Regular, To go, Iced, Almond",$6.05,$0.00,$6.05,$0.00,iPad,Payment,Cor Coffee,,ea,1,Physical Good,Cor Coffee
2026-09-23,14:04:32,Central Time (US & Canada),Other Drinks,Hot Chocolate,1.0,Regular,,Whole,$4.00,$0.00,$4.00,$0.00,iPad,Payment,Cor Coffee,,ea,1,Physical Good,Cor Coffee
2026-09-23,14:02:58,Central Time (US & Canada),Espresso Drinks,Americano,1.0,Regular,,"Decaf, Here, Iced",$3.75,$0.00,$3.75,$0.00,iPad,Payment,Cor Coffee,,ea,1,Physical Good,Cor Coffee
2026-09-23,14:02:09,Central Time (US & Canada),Espresso Drinks,Cappuccino,1.0,Regular,,"Regular, Here, Whole",$4.50,$0.00,$4.50,$0.00,iPad,Payment,Cor Coffee,,ea,1,Physical Good,Cor Coffee
2026-09-23,13:57:14,Central Time (US & Canada),Coffee Drinks,Coffee,1.0,Regular,,To go,$3.00,$0.00,$3.00,$0.00,iPad,Payment,Cor Coffee,,ea,1,Physical Good,Cor Coffee
2026-09-23,13:56:12,Central Time (US & Canada),Teas,Chai Latte,1.0,Regular,,"To go, Iced, Whole, Vanilla",$5.75,$0.00,$5.75,$0.00,iPad,Payment,Cor Coffee,,ea,1,Physical Good,Cor Coffee
2026-09-23,13:55:40,Central Time (US & Canada),Teas,Chai Latte,1.0,Regular,,"To go, Iced, Whole, Vanilla",$5.75,-$5.75,$0.00,$0.00,iPad,Payment,Cor Coffee,,ea,1,Physical Good,Cor Coffee
2026-09-23,13:54:02,Central Time (US & Canada),Espresso Drinks,Latte,1.0,Regular,,"Regular, To go, Iced, Oat, Cinnamon Roll",$6.30,-$6.30,$0.00,$0.00,iPad,Payment,Cor Coffee,,ea,1,Physical Good,Cor Coffee
2026-09-23,13:49:07,Central Time (US & Canada),Espresso Drinks,Latte,1.0,Regular,,"Regular, To go, Iced, Oat, Cinnamon Roll",$6.30,$0.00,$6.30,$0.00,iPad,Payment,Cor Coffee,,ea,1,Physical Good,Cor Coffee
2026-09-23,13:47:54,Central Time (US & Canada),Espresso Drinks,Latte,1.0,Regular,,"Regular, To go, Iced, Oat, Blueberry",$6.30,$0.00,$6.30,$0.00,iPad,Payment,Cor Coffee,,ea,1,Physical Good,Cor Coffee
2026-09-23,13:42:59,Central Time (US & Canada),Espresso Drinks,Americano,1.0,Regular,,"Regular, To go, Hot",$3.75,$0.00,$3.75,$0.00,iPad,Payment,Cor Coffee,,ea,1,Physical Good,Cor Coffee
2026-09-23,13:41:10,Central Time (US & Canada),Espresso Drinks,Mocha,1.0,Regular,,"Regular, To go, Hot, Whole",$5.25,$0.00,$5.25,$0.00,iPad,Payment,Cor Coffee,,ea,1,Physical Good,Cor Coffee
2026-09-23,13:35:09,Central Time (US & Canada),Coffee Drinks,Coffee,1.0,Regular,,,$3.00,$0.00,$3.00,$0.00,iPad,Payment,Cor Coffee,,ea,1,Physical Good,Cor Coffee
2026-09-23,13:29:22,Central Time (US & Canada),Espresso Drinks,Latte,1.0,Regular,,"Regular, Hot, Half&Half (breve), Vanilla",$6.00,$0.00,$6.00,$0.00,iPad,Payment,Cor Coffee,,ea,1,Physical Good,Cor Coffee
2026-09-23,13:28:03,Central Time (US & Canada),Teas,Chai Latte,1.0,Regular,,"Coconut, Add shot",$7.05,$0.00,$7.05,$0.00,iPad,Payment,Cor Coffee,,ea,1,Physical Good,Cor Coffee
2026-09-23,13:07:46,Central Time (US & Canada),Teas,Tea,1.0,Regular,,,$3.75,$0.00,$3.75,$0.00,iPad,Payment,Cor Coffee,,ea,1,Physical Good,Cor Coffee
2026-09-23,13:06:08,Central Time (US & Canada),Coffee Drinks,Cold Brew,1.0,Regular,,,$4.50,$0.00,$4.50,$0.00,iPad,Payment,Cor Coffee,,ea,1,Physical Good,Cor Coffee
2026-09-23,13:04:53,Central Time (US & Canada),Espresso Drinks,Latte,1.0,Regular,,"Regular, Here, Iced, Cinnamon Roll",$5.50,$0.00,$5.50,$0.00,iPad,Payment,Cor Coffee,,ea,1,Physical Good,Cor Coffee
2026-09-23,13:02:40,Central Time (US & Canada),Teas,Matcha Latte,1.0,Regular,,"Here, Iced, Oat, Sweet",$6.30,$0.00,$6.30,$0.00,iPad,Payment,Cor Coffee,,ea,1,Physical Good,Cor Coffee
2026-09-23,13:01:01,Central Time (US & Canada),Espresso Drinks,Latte,1.0,Regular,,"Regular, To go, Iced, Whole, Cinnamon Roll",$5.50,$0.00,$5.50,$0.00,iPad,Payment,Cor Coffee,,ea,1,Physical Good,Cor Coffee
2026-09-23,13:00:40,Central Time (US & Canada),Espresso Drinks,Latte,1.0,Regular,,"Regular, To go, Iced",$4.75,-$4.75,$0.00,$0.00,iPad,Payment,Cor Coffee,,ea,1,Physical Good,Cor Coffee
2026-09-23,12:58:14,Central Time (US & Canada),Food,Taos Bar,1.0,Regular,,Caramel (orange),$2.00,$0.00,$2.00,$0.00,iPad,Payment,Cor Coffee,,ea,1,Physical Good,Cor Coffee
2026-09-23,12:57:56,Central Time (US & Canada),Espresso Drinks,Mocha,1.0,Regular,,"Regular, To go, Hot, Whole",$5.25,-$5.25,$0.00,$0.00,iPad,Payment,Cor Coffee,,ea,1,Physical Good,Cor Coffee
2026-09-23,12:54:55,Central Time (US & Canada),Espresso Drinks,Latte,1.0,Regular,,"Regular, To go, Iced, Oat, Cinnamon Roll",$6.30,$0.00,$6.30,$0.00,iPad,Payment,Cor Coffee,,ea,1,Physical Good,Cor Coffee
2026-09-23,12:51:22,Central Time (US & Canada),Teas,Matcha Latte,1.0,Regular,,"Blueberry, To go, Iced, Whole, Regular",$6.25,-$6.25,$0.00,$0.00,iPad,Payment,Cor Coffee,,ea,1,Physical Good,Cor Coffee
2026-09-23,12:50:06,Central Time (US & Canada),Teas,Matcha Latte,1.0,Regular,,"Lavender, To go, Iced, Whole, Regular",$6.00,$0.00,$6.00,$0.00,iPad,Payment,Cor Coffee,,ea,1,Physical Good,Cor Coffee
2026-09-23,12:50:06,Central Time (US & Canada),Food,LiaP Cookie,1.0,Regular,,,$2.00,$0.00,$2.00,$0.00,iPad,Payment,Cor Coffee,,ea,1,Physical Good,Cor Coffee
2026-09-23,12:50:06,Central Time (US & Canada),Teas,Matcha Latte,1.0,Regular,,"Blueberry, To go, Iced, Whole, Regular",$6.25,$0.00,$6.25,$0.00,iPad,Payment,Cor Coffee,,ea,1,Physical Good,Cor Coffee
2026-09-23,12:43:52,Central Time (US & Canada),Espresso Drinks,Cappuccino,1.0,Regular,,"Regular, To go, Whole",$4.50,$0.00,$4.50,$0.00,iPad,Payment,Cor Coffee,,ea,1,Physical Good,Cor Coffee
2026-09-23,12:41:46,Central Time (US & Canada),Espresso Drinks,Mocha,1.0,Regular,,"Regular, To go, Iced, Whole",$5.25,$0.00,$5.25,$0.00,iPad,Payment,Cor Coffee,,ea,1,Physical Good,Cor Coffee
2026-09-23,12:40:17,Central Time (US & Canada),Espresso Drinks,Mocha,1.0,Regular,,"Regular, To go, Iced, Whole",$5.25,$0.00,$5.25,$0.00,iPad,Payment,Cor Coffee,,ea,1,Physical Good,Cor Coffee
2026-09-23,12:39:00,Central Time (US & Canada),Espresso Drinks,Cappuccino,1.0,Regular,,"Regular, To go, Whole",$4.50,$0.00,$4.50,$0.00,iPad,Payment,Cor Coffee,,ea,1,Physical Good,Cor Coffee
2026-09-23,12:38:14,Central Time (US & Canada),Espresso Drinks,Latte,1.0,Regular,,"Regular, To go, Hot, Oat, Cinnamon Roll",$6.30,$0.00,$6.30,$0.00,iPad,Payment,Cor Coffee,,ea,1,Physical Good,Cor Coffee
2026-09-23,12:36:28,Central Time (US & Canada),Teas,Matcha Latte,1.0,Regular,,"Vanilla, To go, Iced, Oat, Regular",$6.80,-$6.80,$0.00,$0.00,iPad,Payment,Cor Coffee,,ea,1,Physical Good,Cor Coffee
2026-09-23,11:51:08,Central Time (US & Canada),Coffee Drinks,Coffee,1.0,Regular,,"To go, Oat",$3.80,$0.00,$3.80,$0.00,iPad,Payment,Cor Coffee,,ea,1,Physical Good,Cor Coffee
2026-09-23,11:50:31,Central Time (US & Canada),Teas,Matcha Latte,1.0,Regular,,"To go, Iced, Whole, Sweet",$5.50,-$5.50,$0.00,$0.00,iPad,Payment,Cor Coffee,,ea,1,Physical Good,Cor Coffee
2026-09-23,11:47:28,Central Time (US & Canada),Teas,Chai Latte,1.0,Regular,,"Here, Iced, Almond",$6.05,$0.00,$6.05,$0.00,iPad,Payment,Cor Coffee,,ea,1,Physical Good,Cor Coffee
2026-09-23,11:44:18,Central Time (US & Canada),Espresso Drinks,Latte,1.0,Regular,,"Regular, To go, Iced, Whole, Blueberry",$5.50,-$2.75,$2.75,$0.00,iPad,Payment,Cor Coffee,,ea,1,Physical Good,Cor Coffee
2026-09-23,11:43:23,Central Time (US & Canada),Teas,Tea,1.0,Regular,,Hot,$3.75,$0.00,$3.75,$0.00,iPad,Payment,Cor Coffee,,ea,1,Physical Good,Cor Coffee
2026-09-23,11:39:49,Central Time (US & Canada),Espresso Drinks,Cortado,1.0,Regular,,"Regular, To go, Whole",$4.00,$0.00,$4.00,$0.00,iPad,Payment,Cor Coffee,,ea,1,Physical Good,Cor Coffee
2026-09-23,11:39:17,Central Time (US & Canada),Espresso Drinks,Latte,1.0,Regular,,"Regular, To go, Iced, Whole, Cinnamon Roll",$5.50,$0.00,$5.50,$0.00,iPad,Payment,Cor Coffee,,ea,1,Physical Good,Cor Coffee
2026-09-23,11:35:13,Central Time (US & Canada),Coffee Drinks,Coffee,1.0,Regular,,To go,$3.00,$0.00,$3.00,$0.00,iPad,Payment,Cor Coffee,,ea,1,Physical Good,Cor Coffee
2026-09-23,11:32:56,Central Time (US & Canada),Espresso Drinks,Latte,1.0,Regular,,"Regular, To go, Hot, Whole, Cinnamon Roll",$5.50,$0.00,$5.50,$0.00,iPad,Payment,Cor Coffee,,ea,1,Physical Good,Cor Coffee
2026-09-23,11:21:37,Central Time (US & Canada),Espresso Drinks,Mocha,1.0,Regular,,"Regular, To go, Hot, Oat",$6.05,$0.00,$6.05,$0.00,iPad,Payment,Cor Coffee,,ea,1,Physical Good,Cor Coffee
2026-09-23,11:16:31,Central Time (US & Canada),Espresso Drinks,Latte,1.0,Regular,,"Regular, To go, Iced, Almond, Cinnamon Roll",$6.30,$0.00,$6.30,$0.00,iPad,Payment,Cor Coffee,,ea,1,Physical Good,Cor Coffee
2026-09-23,11:08:41,Central Time (US & Canada),Espresso Drinks,Cortado,1.0,Regular,,"Regular, To go, Whole",$4.00,$0.00,$4.00,$0.00,iPad,Payment,Cor Coffee,,ea,1,Physical Good,Cor Coffee
2026-09-23,11:06:14,Central Time (US & Canada),Espresso Drinks,Latte,1.0,Regular,,"Regular, To go, Iced, Oat, Cinnamon Roll",$6.30,$0.00,$6.30,$0.00,iPad,Payment,Cor Coffee,,ea,1,Physical Good,Cor Coffee
2026-09-23,11:06:14,Central Time (US & Canada),Food,Taos Bar,1.0,Regular,,Toasted Coconut (blue),$2.00,$0.00,$2.00,$0.00,iPad,Payment,Cor Coffee,,ea,1,Physical Good,Cor Coffee
2026-09-23,11:04:58,Central Time (US & Canada),Espresso Drinks,Mocha,1.0,Regular,,"Regular, To go, Hot, Whole",$5.25,$0.00,$5.25,$0.00,iPad,Payment,Cor Coffee,,ea,1,Physical Good,Cor Coffee
2026-09-23,11:04:17,Central Time (US & Canada),Teas,Matcha Latte,1.0,Regular,,"Vanilla, To go, Iced, Whole, Regular",$6.00,$0.00,$6.00,$0.00,iPad,Payment,Cor Coffee,,ea,1,Physical Good,Cor Coffee
2026-09-23,11:03:17,Central Time (US & Canada),Espresso Drinks,Latte,1.0,Regular,,"Regular, To go, Iced, Whole, Blueberry",$5.50,$0.00,$5.50,$0.00,iPad,Payment,Cor Coffee,,ea,1,Physical Good,Cor Coffee
2026-09-23,11:03:17,Central Time (US & Canada),Food,LiaP Cookie,1.0,Regular,,,$2.00,$0.00,$2.00,$0.00,iPad,Payment,Cor Coffee,,ea,1,Physical Good,Cor Coffee
2026-09-23,11:02:49,Central Time (US & Canada),Espresso Drinks,Mocha,1.0,Regular,,"Regular, To go, Iced, Whole",$5.25,-$5.25,$0.00,$0.00,iPad,Payment,Cor Coffee,,ea,1,Physical Good,Cor Coffee
2026-09-23,11:01:30,Central Time (US & Canada),Teas,Matcha Latte,1.0,Regular,,"To go, Iced",$5.50,$0.00,$5.50,$0.00,iPad,Payment,Cor Coffee,,ea,1,Physical Good,Cor Coffee
2026-09-23,11:01:30,Central Time (US & Canada),Espresso Drinks,Macchiato,1.0,Regular,,"Regular, Here, Whole",$3.75,$0.00,$3.75,$0.00,iPad,Payment,Cor Coffee,,ea,1,Physical Good,Cor Coffee
2026-09-23,10:57:01,Central Time (US & Canada),Coffee Drinks,Coffee,1.0,Regular,,"To go, Whole",$3.00,$0.00,$3.00,$0.00,iPad,Payment,Cor Coffee,,ea,1,Physical Good,Cor Coffee
2026-09-23,10:54:42,Central Time (US & Canada),Espresso Drinks,Latte,1.0,Regular,,"Regular, To go, Iced, Whole, Vanilla",$5.25,-$5.25,$0.00,$0.00,iPad,Payment,Cor Coffee,,ea,1,Physical Good,Cor Coffee
2026-09-23,10:49:59,Central Time (US & Canada),Espresso Drinks,Latte,1.0,Regular,,"Regular, To go, Iced, Whole, Add shot, Cinnamon Roll",$6.50,$0.00,$6.50,$0.00,iPad,Payment,Cor Coffee,,ea,1,Physical Good,Cor Coffee
2026-09-23,10:49:00,Central Time (US & Canada),Espresso Drinks,Latte,1.0,Regular,,"Regular, To go, Iced, Whole, Vanilla",$5.25,-$5.25,$0.00,$0.00,iPad,Payment,Cor Coffee,,ea,1,Physical Good,Cor Coffee
2026-09-23,10:47:58,Central Time (US & Canada),Espresso Drinks,Latte,1.0,Regular,,"Regular, To go, Iced, Whole",$4.75,$0.00,$4.75,$0.00,iPad,Payment,Cor Coffee,,ea,1,Physical Good,Cor Coffee
2026-09-23,10:45:23,Central Time (US & Canada),Espresso Drinks,Latte,1.0,Regular,,"Regular, To go, Iced, Whole, Cinnamon Roll",$5.50,$0.00,$5.50,$0.00,iPad,Payment,Cor Coffee,,ea,1,Physical Good,Cor Coffee
2026-09-23,10:41:34,Central Time (US & Canada),Food,Taos Bar,1.0,Regular,,Peanut butter (green),$2.00,$0.00,$2.00,$0.00,iPad,Payment,Cor Coffee,,ea,1,Physical Good,Cor Coffee
2026-09-23,10:29:58,Central Time (US & Canada),Espresso Drinks,Cortado,1.0,Regular,,"Regular, Oat",$4.80,$0.00,$4.80,$0.00,iPad,Payment,Cor Coffee,,ea,1,Physical Good,Cor Coffee
2026-09-23,10:26:25,Central Time (US & Canada),Espresso Drinks,Latte,1.0,Regular,,"Regular, Whole, Cinnamon Roll",$5.50,$0.00,$5.50,$0.00,iPad,Payment,Cor Coffee,,ea,1,Physical Good,Cor Coffee
2026-09-23,10:24:37,Central Time (US & Canada),Espresso Drinks,Latte,1.0,Regular,,"Regular, Iced, Whole, Vanilla",$5.25,$0.00,$5.25,$0.00,iPad,Payment,Cor Coffee,,ea,1,Physical Good,Cor Coffee
2026-09-23,10:21:23,Central Time (US & Canada),Espresso Drinks,Latte,1.0,Regular,,"Regular, Iced, Whole, Add shot, Cinnamon Roll",$6.50,$0.00,$6.50,$0.00,iPad,Payment,Cor Coffee,,ea,1,Physical Good,Cor Coffee
2026-09-23,10:20:09,Central Time (US & Canada),Espresso Drinks,Latte,1.0,Regular,,"Decaf, Oat, Cinnamon Roll",$6.30,$0.00,$6.30,$0.00,iPad,Payment,Cor Coffee,,ea,1,Physical Good,Cor Coffee
2026-09-23,10:18:26,Central Time (US & Canada),Espresso Drinks,Cortado,1.0,Regular,,"Regular, Oat, Blueberry",$5.55,-$2.78,$2.77,$0.00,iPad,Payment,Cor Coffee,,ea,1,Physical Good,Cor Coffee
2026-09-23,10:17:07,Central Time (US & Canada),Espresso Drinks,Mocha,1.0,Regular,,"Regular, Hot",$5.25,$0.00,$5.25,$0.00,iPad,Payment,Cor Coffee,,ea,1,Physical Good,Cor Coffee
2026-09-23,10:16:00,Central Time (US & Canada),Espresso Drinks,Mocha,1.0,Regular,,"Regular, Iced, Whole",$5.25,$0.00,$5.25,$0.00,iPad,Payment,Cor Coffee,,ea,1,Physical Good,Cor Coffee
2026-09-23,10:10:09,Central Time (US & Canada),Espresso Drinks,Flat White,1.0,Regular,,"Regular, Here, Vanilla",$4.75,-$4.75,$0.00,$0.00,iPad,Payment,Cor Coffee,,ea,1,Physical Good,Cor Coffee
2026-09-23,10:09:38,Central Time (US & Canada),Teas,London Fog,1.0,Regular,,Whole,$4.75,$0.00,$4.75,$0.00,iPad,Payment,Cor Coffee,,ea,1,Physical Good,Cor Coffee
2026-09-23,10:07:35,Central Time (US & Canada),Espresso Drinks,Latte,1.0,Regular,,"Regular, Iced, Whole, Vanilla, Blueberry",$6.00,$0.00,$6.00,$0.00,iPad,Payment,Cor Coffee,,ea,1,Physical Good,Cor Coffee
2026-09-23,10:05:19,Central Time (US & Canada),Teas,Tea,1.0,Regular,,,$3.75,$0.00,$3.75,$0.00,iPad,Payment,Cor Coffee,,ea,1,Physical Good,Cor Coffee
2026-09-23,10:04:10,Central Time (US & Canada),Espresso Drinks,Latte,1.0,Regular,,"Regular, Whole",$4.75,-$4.75,$0.00,$0.00,iPad,Payment,Cor Coffee,,ea,1,Physical Good,Cor Coffee
2026-09-23,10:02:19,Central Time (US & Canada),Espresso Drinks,Flat White,1.0,Regular,,"Regular, Whole",$4.25,-$4.25,$0.00,$0.00,iPad,Payment,Cor Coffee,,ea,1,Physical Good,Cor Coffee
2026-09-23,09:58:10,Central Time (US & Canada),Espresso Drinks,Latte,1.0,Regular,,"Regular, Iced, Whole, Vanilla",$5.25,$0.00,$5.25,$0.00,iPad,Payment,Cor Coffee,,ea,1,Physical Good,Cor Coffee
2026-09-23,09:57:14,Central Time (US & Canada),Espresso Drinks,Latte,1.0,Regular,,"Regular, Iced, Whole, Vanilla",$5.25,$0.00,$5.25,$0.00,iPad,Payment,Cor Coffee,,ea,1,Physical Good,Cor Coffee
2026-09-23,09:56:08,Central Time (US & Canada),Espresso Drinks,Latte,1.0,Regular,,"Regular, Iced, Whole, Cinnamon Roll",$5.50,$0.00,$5.50,$0.00,iPad,Payment,Cor Coffee,,ea,1,Physical Good,Cor Coffee
2026-09-23,09:54:25,Central Time (US & Canada),Espresso Drinks,Latte,1.0,Regular,,"Regular, Hot, Whole, Vanilla",$5.25,$0.00,$5.25,$0.00,iPad,Payment,Cor Coffee,,ea,1,Physical Good,Cor Coffee
2026-09-23,09:53:50,Central Time (US & Canada),Espresso Drinks,Flat White,1.0,Regular,,"Regular, Whole",$4.25,$0.00,$4.25,$0.00,iPad,Payment,Cor Coffee,,ea,1,Physical Good,Cor Coffee
2026-09-23,09:53:24,Central Time (US & Canada),Teas,Chai Latte,1.0,Regular,,"Hot, Oat, Vanilla",$6.55,-$3.28,$3.27,$0.00,iPad,Payment,Cor Coffee,,ea,1,Physical Good,Cor Coffee
2026-09-23,09:50:47,Central Time (US & Canada),Espresso Drinks,Latte,1.0,Regular,,"Regular, Iced, Whole, Vanilla",$5.25,$0.00,$5.25,$0.00,iPad,Payment,Cor Coffee,,ea,1,Physical Good,Cor Coffee
2026-09-23,09:49:37,Central Time (US & Canada),Espresso Drinks,Cortado,1.0,Regular,,"Regular, Oat, Cinnamon Roll",$5.55,$0.00,$5.55,$0.00,iPad,Payment,Cor Coffee,,ea,1,Physical Good,Cor Coffee
2026-09-23,09:47:39,Central Time (US & Canada),Teas,Chai Latte,1.0,Regular,,"Iced, Whole",$5.25,$0.00,$5.25,$0.00,iPad,Payment,Cor Coffee,,ea,1,Physical Good,Cor Coffee
2026-09-23,09:47:39,Central Time (US & Canada),Teas,Matcha Latte,1.0,Regular,,"Cinnamon Roll, Iced, Oat",$7.05,$0.00,$7.05,$0.00,iPad,Payment,Cor Coffee,,ea,1,Physical Good,Cor Coffee
2026-09-23,09:44:09,Central Time (US & Canada),Espresso Drinks,Latte,1.0,Regular,,"Regular, To go, Hot, Oat, Cinnamon Roll",$6.30,$0.00,$6.30,$0.00,iPad,Payment,Cor Coffee,,ea,1,Physical Good,Cor Coffee
2026-09-23,09:35:30,Central Time (US & Canada),Espresso Drinks,Latte,1.0,Regular,,"Regular, Hot, Whole, Cinnamon Roll",$5.50,-$5.50,$0.00,$0.00,iPad,Payment,Cor Coffee,,ea,1,Physical Good,Cor Coffee
2026-09-23,09:26:19,Central Time (US & Canada),Espresso Drinks,Latte,1.0,Regular,,"Regular, To go, Iced, Whole, Vanilla",$5.25,-$5.25,$0.00,$0.00,iPad,Payment,Cor Coffee,,ea,1,Physical Good,Cor Coffee
2026-09-23,09:24:13,Central Time (US & Canada),Espresso Drinks,Cortado,1.0,Regular,,Regular,$4.00,$0.00,$4.00,$0.00,iPad,Payment,Cor Coffee,,ea,1,Physical Good,Cor Coffee
2026-09-23,09:22:40,Central Time (US & Canada),Espresso Drinks,Latte,1.0,Regular,,"Regular, Iced, Oat, Cinnamon Roll, Cold Foam",$7.05,$0.00,$7.05,$0.00,iPad,Payment,Cor Coffee,,ea,1,Physical Good,Cor Coffee
2026-09-23,09:20:05,Central Time (US & Canada),Espresso Drinks,Latte,1.0,Regular,,"Regular, To go, Hot, Whole",$4.75,$0.00,$4.75,$0.00,iPad,Payment,Cor Coffee,,ea,1,Physical Good,Cor Coffee
2026-09-23,09:06:43,Central Time (US & Canada),Espresso Drinks,Cappuccino,1.0,Regular,,"Regular, To go, Oat",$5.30,$0.00,$5.30,$0.00,iPad,Payment,Cor Coffee,,ea,1,Physical Good,Cor Coffee
2026-09-23,09:06:04,Central Time (US & Canada),Espresso Drinks,Latte,1.0,Regular,,"Regular, Here, Iced, Whole",$4.75,$0.00,$4.75,$0.00,iPad,Payment,Cor Coffee,,ea,1,Physical Good,Cor Coffee
2026-09-23,09:05:38,Central Time (US & Canada),Teas,Chai Latte,1.0,Regular,,"Here, Hot, Oat, Vanilla",$6.55,$0.00,$6.55,$0.00,iPad,Payment,Cor Coffee,,ea,1,Physical Good,Cor Coffee
2026-09-23,09:05:04,Central Time (US & Canada),Food,LiaP Cookie,1.0,Regular,,,$2.00,$0.00,$2.00,$0.00,iPad,Payment,Cor Coffee,,ea,1,Physical Good,Cor Coffee
2026-09-23,09:04:43,Central Time (US & Canada),Teas,Chai Latte,1.0,Regular,,"To go, Hot, Whole, Cinnamon Roll, Cold Foam",$6.75,-$6.75,$0.00,$0.00,iPad,Payment,Cor Coffee,,ea,1,Physical Good,Cor Coffee
2026-09-22,15:56:44,Central Time (US & Canada),Other Drinks,Lemonade,1.0,Regular,,To go,$3.00,$0.00,$3.00,$0.00,iPad,Payment,Cor Coffee,,ea,1,Physical Good,Cor Coffee
2026-09-22,15:56:11,Central Time (US & Canada),Food,Taos Bar,1.0,Regular,,Blueberry Lemon (yellow),$2.00,$0.00,$2.00,$0.00,iPad,Payment,Cor Coffee,,ea,1,Physical Good,Cor Coffee
2026-09-22,15:53:39,Central Time (US & Canada),Teas,Tea,1.0,Regular,,"Iced, To go",$3.75,-$1.88,$1.87,$0.00,iPad,Payment,Cor Coffee,,ea,1,Physical Good,Cor Coffee
2026-09-22,15:51:06,Central Time (US & Canada),Teas,Chai Latte,1.0,Regular,,"Iced, Whole",$5.25,$0.00,$5.25,$0.00,iPad,Payment,Cor Coffee,,ea,1,Physical Good,Cor Coffee
2026-09-22,15:49:59,Central Time (US & Canada),Other Drinks,Lemonade,1.0,Regular,,To go,$3.00,$0.00,$3.00,$0.00,iPad,Payment,Cor Coffee,,ea,1,Physical Good,Cor Coffee
2026-09-22,15:43:39,Central Time (US & Canada),Espresso Drinks,Flat White,1.0,Regular,,"Regular, To go, Whole",$4.25,-$4.25,$0.00,$0.00,iPad,Payment,Cor Coffee,,ea,1,Physical Good,Cor Coffee
2026-09-22,15:43:13,Central Time (US & Canada),Espresso Drinks,Latte,1.0,Regular,,"Regular, To go, Hot, Coconut",$5.55,-$5.55,$0.00,$0.00,iPad,Payment,Cor Coffee,,ea,1,Physical Good,Cor Coffee
2026-09-22,15:41:51,Central Time (US & Canada),Teas,Matcha Latte,1.0,Regular,,"Add shot, Hot, Whole",$6.50,-$6.50,$0.00,$0.00,iPad,Payment,Cor Coffee,,ea,1,Physical Good,Cor Coffee
2026-09-22,15:39:02,Central Time (US & Canada),Espresso Drinks,Latte,1.0,Regular,,"Regular, To go, Iced, Almond, Cinnamon Roll",$6.30,$0.00,$6.30,$0.00,iPad,Payment,Cor Coffee,,ea,1,Physical Good,Cor Coffee
2026-09-22,15:37:59,Central Time (US & Canada),Espresso Drinks,Latte,1.0,Regular,,"Regular, To go, Iced, Almond, Vanilla",$6.05,$0.00,$6.05,$0.00,iPad,Payment,Cor Coffee,,ea,1,Physical Good,Cor Coffee
2026-09-22,15:27:47,Central Time (US & Canada),Espresso Drinks,Latte,1.0,Regular,,"Regular, Hot, Whole, Lavender",$5.25,-$5.25,$0.00,$0.00,iPad,Payment,Cor Coffee,,ea,1,Physical Good,Cor Coffee
2026-09-22,15:26:08,Central Time (US & Canada),Teas,Tea,1.0,Regular,,Hot,$3.75,$0.00,$3.75,$0.00,iPad,Payment,Cor Coffee,,ea,1,Physical Good,Cor Coffee
2026-09-22,15:23:53,Central Time (US & Canada),Espresso Drinks,Latte,1.0,Regular,,"Regular, To go, Iced, Whole, Lavender",$5.25,$0.00,$5.25,$0.00,iPad,Payment,Cor Coffee,,ea,1,Physical Good,Cor Coffee
2026-09-22,15:20:46,Central Time (US & Canada),Teas,Tea,1.0,Regular,,Iced,$3.75,$0.00,$3.75,$0.00,iPad,Payment,Cor Coffee,,ea,1,Physical Good,Cor Coffee
2026-09-22,15:19:42,Central Time (US & Canada),Teas,Matcha Latte,1.0,Regular,,"Blueberry, Whole",$6.25,-$6.25,$0.00,$0.00,iPad,Payment,Cor Coffee,,ea,1,Physical Good,Cor Coffee
2026-09-22,15:19:42,Central Time (US & Canada),Teas,Matcha Latte,1.0,Regular,,"Lavender, Whole",$6.00,-$6.00,$0.00,$0.00,iPad,Payment,Cor Coffee,,ea,1,Physical Good,Cor Coffee
2026-09-22,15:17:41,Central Time (US & Canada),Espresso Drinks,Latte,1.0,Regular,,"Regular, To go, Iced, Oat, Vanilla",$6.05,$0.00,$6.05,$0.00,iPad,Payment,Cor Coffee,,ea,1,Physical Good,Cor Coffee
2026-09-22,15:16:24,Central Time (US & Canada),Teas,Matcha Latte,2.0,Regular,,"To go, Iced, Oat, Sweet",$12.60,$0.00,$12.60,$0.00,iPad,Payment,Cor Coffee,,ea,2,Physical Good,Cor Coffee
2026-09-22,15:11:31,Central Time (US & Canada),Teas,Chai Latte,1.0,Regular,,"Here, Iced, Whole, Add shot",$6.25,$0.00,$6.25,$0.00,iPad,Payment,Cor Coffee,,ea,1,Physical Good,Cor Coffee
2026-09-22,15:10:41,Central Time (US & Canada),Teas,Matcha Latte,1.0,Regular,,"Vanilla, To go, Iced, Whole",$6.00,$0.00,$6.00,$0.00,iPad,Payment,Cor Coffee,,ea,1,Physical Good,Cor Coffee
2026-09-22,15:09:42,Central Time (US & Canada),Teas,Matcha Latte,1.0,Regular,,"Vanilla, To go, Hot, Whole",$6.00,$0.00,$6.00,$0.00,iPad,Payment,Cor Coffee,,ea,1,Physical Good,Cor Coffee
2026-09-22,15:07:22,Central Time (US & Canada),Espresso Drinks,Latte,1.0,Regular,,"Regular, To go, Iced, Whole, Cinnamon Roll",$5.50,$0.00,$5.50,$0.00,iPad,Payment,Cor Coffee,,ea,1,Physical Good,Cor Coffee
2026-09-22,14:43:12,Central Time (US & Canada),Espresso Drinks,Cortado,2.0,Regular,,"Regular, Here, Whole",$8.00,$0.00,$8.00,$0.00,iPad,Payment,Cor Coffee,,ea,2,Physical Good,Cor Coffee
2026-09-22,14:39:10,Central Time (US & Canada),Teas,Matcha Latte,1.0,Regular,,"Blueberry, To go, Iced, Oat",$7.05,$0.00,$7.05,$0.00,iPad,Payment,Cor Coffee,,ea,1,Physical Good,Cor Coffee
2026-09-22,14:39:10,Central Time (US & Canada),Teas,Matcha Latte,1.0,Regular,,"Cinnamon Roll, To go, Iced, Oat, Regular",$7.05,$0.00,$7.05,$0.00,iPad,Payment,Cor Coffee,,ea,1,Physical Good,Cor Coffee
2026-09-22,14:37:42,Central Time (US & Canada),Espresso Drinks,Latte,1.0,Regular,,"Regular, To go, Hot, Whole, Vanilla",$5.25,$0.00,$5.25,$0.00,iPad,Payment,Cor Coffee,,ea,1,Physical Good,Cor Coffee
2026-09-22,14:36:57,Central Time (US & Canada),Coffee Drinks,Cold Brew,1.0,Regular,,Cinnamon Roll,$5.25,$0.00,$5.25,$0.00,iPad,Payment,Cor Coffee,,ea,1,Physical Good,Cor Coffee
2026-09-22,14:35:14,Central Time (US & Canada),Espresso Drinks,Latte,1.0,Regular,,"Regular, To go, Iced, Oat, Vanilla",$6.05,$0.00,$6.05,$0.00,iPad,Payment,Cor Coffee,,ea,1,Physical Good,Cor Coffee
2026-09-22,14:35:14,Central Time (US & Canada),Food,LiaP Cookie,1.0,Regular,,,$2.00,$0.00,$2.00,$0.00,iPad,Payment,Cor Coffee,,ea,1,Physical Good,Cor Coffee
2026-09-22,14:31:58,Central Time (US & Canada),Espresso Drinks,Americano,1.0,Regular,,"Decaf, Iced",$3.75,$0.00,$3.75,$0.00,iPad,Payment,Cor Coffee,,ea,1,Physical Good,Cor Coffee
2026-09-22,14:30:48,Central Time (US & Canada),Espresso Drinks,Latte,1.0,Regular,,"Regular, Oat",$5.55,$0.00,$5.55,$0.00,iPad,Payment,Cor Coffee,,ea,1,Physical Good,Cor Coffee
2026-09-22,14:27:08,Central Time (US & Canada),Teas,Chai Latte,1.0,Regular,,"To go, Hot",$5.25,$0.00,$5.25,$0.00,iPad,Payment,Cor Coffee,,ea,1,Physical Good,Cor Coffee
2026-09-22,14:27:08,Central Time (US & Canada),Food,LiaP Cookie,1.0,Regular,,,$2.00,$0.00,$2.00,$0.00,iPad,Payment,Cor Coffee,,ea,1,Physical Good,Cor Coffee
2026-09-22,14:23:36,Central Time (US & Canada),Espresso Drinks,Flat White,1.0,Regular,,"Regular, Here, Whole",$4.25,$0.00,$4.25,$0.00,iPad,Payment,Cor Coffee,,ea,1,Physical Good,Cor Coffee
2026-09-22,14:19:15,Central Time (US & Canada),Espresso Drinks,Latte,1.0,Regular,,"Regular, To go, Hot, Oat",$5.55,$0.00,$5.55,$0.00,iPad,Payment,Cor Coffee,,ea,1,Physical Good,Cor Coffee
2026-09-22,14:19:15,Central Time (US & Canada),Food,LiaP Cookie,1.0,Regular,,,$2.00,$0.00,$2.00,$0.00,iPad,Payment,Cor Coffee,,ea,1,Physical Good,Cor Coffee
2026-09-22,14:18:19,Central Time (US & Canada),Espresso Drinks,Latte,1.0,Regular,,"Regular, To go, Iced, Coconut, Cinnamon Roll",$6.30,$0.00,$6.30,$0.00,iPad,Payment,Cor Coffee,,ea,1,Physical Good,Cor Coffee
2026-09-22,14:17:00,Central Time (US & Canada),Teas,Matcha Latte,1.0,Regular,,"Vanilla, To go, Iced, Whole, Regular",$6.00,$0.00,$6.00,$0.00,iPad,Payment,Cor Coffee,,ea,1,Physical Good,Cor Coffee
2026-09-22,14:16:21,Central Time (US & Canada),Espresso Drinks,Latte,1.0,Regular,,"Regular, To go, Iced, Whole, Cinnamon Roll",$5.50,$0.00,$5.50,$0.00,iPad,Payment,Cor Coffee,,ea,1,Physical Good,Cor Coffee
2026-09-22,14:14:58,Central Time (US & Canada),Espresso Drinks,Latte,1.0,Regular,,"Regular, To go, Iced, Whole, Vanilla",$5.25,$0.00,$5.25,$0.00,iPad,Payment,Cor Coffee,,ea,1,Physical Good,Cor Coffee
2026-09-22,14:14:10,Central Time (US & Canada),Teas,Matcha Latte,1.0,Regular,,"Vanilla, To go, Iced, Whole, Regular",$6.00,$0.00,$6.00,$0.00,iPad,Payment,Cor Coffee,,ea,1,Physical Good,Cor Coffee
2026-09-22,14:12:55,Central Time (US & Canada),Espresso Drinks,Latte,1.0,Regular,,"Decaf, To go, Iced, Whole, Blueberry",$5.50,-$5.50,$0.00,$0.00,iPad,Payment,Cor Coffee,,ea,1,Physical Good,Cor Coffee
2026-09-22,14:08:03,Central Time (US & Canada),Teas,Matcha Latte,1.0,Regular,,"To go, Iced, Oat, Sweet",$6.30,$0.00,$6.30,$0.00,iPad,Payment,Cor Coffee,,ea,1,Physical Good,Cor Coffee
2026-09-22,14:06:47,Central Time (US & Canada),Espresso Drinks,Latte,1.0,Regular,,"Regular, To go, Iced, Whole, Vanilla",$5.25,$0.00,$5.25,$0.00,iPad,Payment,Cor Coffee,,ea,1,Physical Good,Cor Coffee
2026-09-22,14:05:56,Central Time (US & Canada),Espresso Drinks,Latte,1.0,Regular,,"Regular, Iced, Whole, Vanilla",$5.25,-$5.25,$0.00,$0.00,iPad,Payment,Cor Coffee,,ea,1,Physical Good,Cor Coffee
2026-09-22,14:04:37,Central Time (US & Canada),Espresso Drinks,Cappuccino,1.0,Regular,,"Regular, To go, Whole",$4.50,$0.00,$4.50,$0.00,iPad,Payment,Cor Coffee,,ea,1,Physical Good,Cor Coffee
2026-09-22,13:55:20,Central Time (US & Canada),Espresso Drinks,Cortado,1.0,Regular,,"Regular, Oat",$4.80,$0.00,$4.80,$0.00,iPad,Payment,Cor Coffee,,ea,1,Physical Good,Cor Coffee
2026-09-22,13:54:48,Central Time (US & Canada),Teas,Matcha Latte,1.0,Regular,,"To go, Iced, Whole",$5.50,$0.00,$5.50,$0.00,iPad,Payment,Cor Coffee,,ea,1,Physical Good,Cor Coffee
2026-09-22,13:54:03,Central Time (US & Canada),Espresso Drinks,Mocha,1.0,Regular,,"Regular, To go, Iced, Whole",$5.25,$0.00,$5.25,$0.00,iPad,Payment,Cor Coffee,,ea,1,Physical Good,Cor Coffee
2026-09-22,13:52:43,Central Time (US & Canada),Teas,Matcha Latte,1.0,Regular,,"Lavender, Hot",$6.00,$0.00,$6.00,$0.00,iPad,Payment,Cor Coffee,,ea,1,Physical Good,Cor Coffee
2026-09-22,13:51:58,Central Time (US & Canada),Espresso Drinks,Cappuccino,1.0,Regular,,Regular,$4.50,-$2.25,$2.25,$0.00,iPad,Payment,Cor Coffee,,ea,1,Physical Good,Cor Coffee
2026-09-22,13:51:05,Central Time (US & Canada),Espresso Drinks,Latte,1.0,Regular,,"Regular, Iced, Whole",$4.75,$0.00,$4.75,$0.00,iPad,Payment,Cor Coffee,,ea,1,Physical Good,Cor Coffee
2026-09-22,13:49:40,Central Time (US & Canada),Espresso Drinks,Cortado,1.0,Regular,,"Regular, To go, Whole",$4.00,$0.00,$4.00,$0.00,iPad,Payment,Cor Coffee,,ea,1,Physical Good,Cor Coffee
2026-09-22,13:47:53,Central Time (US & Canada),Espresso Drinks,Latte,1.0,Regular,,"Regular, To go, Iced, Lavender",$5.25,$0.00,$5.25,$0.00,iPad,Payment,Cor Coffee,,ea,1,Physical Good,Cor Coffee
2026-09-22,13:47:14,Central Time (US & Canada),Espresso Drinks,Latte,1.0,Regular,,"Regular, To go, Iced, Oat, Cinnamon Roll",$6.30,$0.00,$6.30,$0.00,iPad,Payment,Cor Coffee,,ea,1,Physical Good,Cor Coffee
2026-09-22,13:46:39,Central Time (US & Canada),Espresso Drinks,Latte,1.0,Regular,,"Regular, To go, Iced, Oat, Cinnamon Roll",$6.30,$0.00,$6.30,$0.00,iPad,Payment,Cor Coffee,,ea,1,Physical Good,Cor Coffee
2026-09-22,13:45:07,Central Time (US & Canada),Espresso Drinks,Latte,1.0,Regular,,"Regular, To go, Iced, Whole, Cinnamon Roll",$5.50,$0.00,$5.50,$0.00,iPad,Payment,Cor Coffee,,ea,1,Physical Good,Cor Coffee
2026-09-22,13:45:07,Central Time (US & Canada),Teas,Tea,1.0,Regular,,Iced,$3.75,$0.00,$3.75,$0.00,iPad,Payment,Cor Coffee,,ea,1,Physical Good,Cor Coffee
2026-09-22,13:38:05,Central Time (US & Canada),Espresso Drinks,Latte,1.0,Regular,,"Regular, To go, Iced, Coconut, Lavender",$6.05,$0.00,$6.05,$0.00,iPad,Payment,Cor Coffee,,ea,1,Physical Good,Cor Coffee
2026-09-22,13:37:02,Central Time (US & Canada),Espresso Drinks,Latte,1.0,Regular,,"Regular, To go, Iced, Whole, Vanilla",$5.25,$0.00,$5.25,$0.00,iPad,Payment,Cor Coffee,,ea,1,Physical Good,Cor Coffee
2026-09-22,13:36:16,Central Time (US & Canada),Teas,Matcha Latte,1.0,Regular,,"Vanilla, To go, Iced",$6.00,$0.00,$6.00,$0.00,iPad,Payment,Cor Coffee,,ea,1,Physical Good,Cor Coffee
2026-09-22,13:35:29,Central Time (US & Canada),Espresso Drinks,Latte,1.0,Regular,,"Regular, Iced, Whole",$4.75,$0.00,$4.75,$0.00,iPad,Payment,Cor Coffee,,ea,1,Physical Good,Cor Coffee
2026-09-22,13:35:00,Central Time (US & Canada),Food,Taos Bar,1.0,Regular,,,$2.00,$0.00,$2.00,$0.00,iPad,Payment,Cor Coffee,,ea,1,Physical Good,Cor Coffee
2026-09-22,13:33:42,Central Time (US & Canada),Espresso Drinks,Latte,1.0,Regular,,"Regular, To go, Hot, Whole",$4.75,$0.00,$4.75,$0.00,iPad,Payment,Cor Coffee,,ea,1,Physical Good,Cor Coffee
2026-09-22,13:27:56,Central Time (US & Canada),Teas,Matcha Latte,1.0,Regular,,"Hot, Whole",$5.50,$0.00,$5.50,$0.00,iPad,Payment,Cor Coffee,,ea,1,Physical Good,Cor Coffee
2026-09-22,13:10:47,Central Time (US & Canada),Teas,Chai Latte,1.0,Regular,,"Iced, Whole, Vanilla",$5.75,$0.00,$5.75,$0.00,iPad,Payment,Cor Coffee,,ea,1,Physical Good,Cor Coffee
2026-09-22,13:10:07,Central Time (US & Canada),Teas,Matcha Latte,1.0,Regular,,"To go, Iced, Whole, Sweet",$5.50,-$2.75,$2.75,$0.00,iPad,Payment,Cor Coffee,,ea,1,Physical Good,Cor Coffee
2026-09-22,13:03:29,Central Time (US & Canada),Espresso Drinks,Latte,1.0,Regular,,"Regular, To go, Hot, Almond, Cinnamon Roll",$6.30,$0.00,$6.30,$0.00,iPad,Payment,Cor Coffee,,ea,1,Physical Good,Cor Coffee
2026-09-22,13:02:53,Central Time (US & Canada),Espresso Drinks,Latte,1.0,Regular,,"Regular, To go, Iced",$4.75,$0.00,$4.75,$0.00,iPad,Payment,Cor Coffee,,ea,1,Physical Good,Cor Coffee
2026-09-22,12:56:17,Central Time (US & Canada),Espresso Drinks,Latte,1.0,Regular,,"Regular, To go, Iced, Whole, Vanilla",$5.25,$0.00,$5.25,$0.00,iPad,Payment,Cor Coffee,,ea,1,Physical Good,Cor Coffee
2026-09-22,12:55:35,Central Time (US & Canada),Teas,Tea,1.0,Regular,,Hot,$3.75,$0.00,$3.75,$0.00,iPad,Payment,Cor Coffee,,ea,1,Physical Good,Cor Coffee
2026-09-22,12:53:58,Central Time (US & Canada),Espresso Drinks,Latte,1.0,Regular,,"Regular, To go, Iced, Almond, Cinnamon Roll",$6.30,$0.00,$6.30,$0.00,iPad,Payment,Cor Coffee,,ea,1,Physical Good,Cor Coffee
2026-09-22,12:53:14,Central Time (US & Canada),Espresso Drinks,Latte,1.0,Regular,,"Regular, To go, Iced, Whole, Blueberry",$5.50,$0.00,$5.50,$0.00,iPad,Payment,Cor Coffee,,ea,1,Physical Good,Cor Coffee
2026-09-22,12:42:14,Central Time (US & Canada),Espresso Drinks,Cappuccino,1.0,Regular,,"Regular, To go, Oat, Vanilla",$5.80,$0.00,$5.80,$0.00,iPad,Payment,Cor Coffee,,ea,1,Physical Good,Cor Coffee
2026-09-22,12:40:18,Central Time (US & Canada),Espresso Drinks,Latte,1.0,Regular,,"Regular, To go, Hot, Half&Half (breve)",$5.50,$0.00,$5.50,$0.00,iPad,Payment,Cor Coffee,,ea,1,Physical Good,Cor Coffee
2026-09-22,12:39:41,Central Time (US & Canada),Espresso Drinks,Mocha,1.0,Regular,,"Regular, To go, Iced, Whole",$5.25,$0.00,$5.25,$0.00,iPad,Payment,Cor Coffee,,ea,1,Physical Good,Cor Coffee
2026-09-22,12:38:41,Central Time (US & Canada),Coffee Drinks,Coffee,1.0,Regular,,To go,$3.00,$0.00,$3.00,$0.00,iPad,Payment,Cor Coffee,,ea,1,Physical Good,Cor Coffee
2026-09-22,12:35:29,Central Time (US & Canada),Teas,Matcha Latte,1.0,Regular,,"Blueberry, Iced, Whole",$6.25,$0.00,$6.25,$0.00,iPad,Payment,Cor Coffee,,ea,1,Physical Good,Cor Coffee
2026-09-22,12:30:18,Central Time (US & Canada),Espresso Drinks,Americano,1.0,Regular,,"Regular, To go, Iced",$3.75,$0.00,$3.75,$0.00,iPad,Payment,Cor Coffee,,ea,1,Physical Good,Cor Coffee
2026-09-22,12:28:56,Central Time (US & Canada),Espresso Drinks,Latte,1.0,Regular,,"Regular, To go, Iced, Oat, Cinnamon Roll",$6.30,$0.00,$6.30,$0.00,iPad,Payment,Cor Coffee,,ea,1,Physical Good,Cor Coffee
2026-09-22,12:28:14,Central Time (US & Canada),Espresso Drinks,Latte,1.0,Regular,,"Regular, To go, Iced, Almond, Cinnamon Roll",$6.30,$0.00,$6.30,$0.00,iPad,Payment,Cor Coffee,,ea,1,Physical Good,Cor Coffee
2026-09-22,12:27:29,Central Time (US & Canada),Espresso Drinks,Latte,1.0,Regular,,"Regular, To go, Iced, Whole, Cinnamon Roll",$5.50,$0.00,$5.50,$0.00,iPad,Payment,Cor Coffee,,ea,1,Physical Good,Cor Coffee
2026-09-22,12:26:06,Central Time (US & Canada),Espresso Drinks,Mocha,1.0,Regular,,"Regular, To go, Hot, Whole",$5.25,$0.00,$5.25,$0.00,iPad,Payment,Cor Coffee,,ea,1,Physical Good,Cor Coffee
2026-09-22,12:26:06,Central Time (US & Canada),Espresso Drinks,Latte,1.0,Regular,,"Regular, To go, Iced, Almond, Vanilla, Cinnamon Roll",$6.80,$0.00,$6.80,$0.00,iPad,Payment,Cor Coffee,,ea,1,Physical Good,Cor Coffee
2026-09-22,12:26:06,Central Time (US & Canada),Food,LiaP Cookie,1.0,Regular,,,$2.00,$0.00,$2.00,$0.00,iPad,Payment,Cor Coffee,,ea,1,Physical Good,Cor Coffee
2026-09-22,12:24:45,Central Time (US & Canada),Espresso Drinks,Latte,1.0,Regular,,"Regular, Iced, Whole, Cinnamon Roll",$5.50,$0.00,$5.50,$0.00,iPad,Payment,Cor Coffee,,ea,1,Physical Good,Cor Coffee
2026-09-22,12:23:43,Central Time (US & Canada),Espresso Drinks,Latte,1.0,Regular,,"Regular, To go, Hot, Whole, Blueberry",$5.50,$0.00,$5.50,$0.00,iPad,Payment,Cor Coffee,,ea,1,Physical Good,Cor Coffee
2026-09-22,12:23:07,Central Time (US & Canada),Espresso Drinks,Latte,1.0,Regular,,"Regular, To go, Iced, Oat, Vanilla, Cinnamon Roll",$6.80,$0.00,$6.80,$0.00,iPad,Payment,Cor Coffee,,ea,1,Physical Good,Cor Coffee
2026-09-22,12:22:08,Central Time (US & Canada),Teas,Matcha Latte,1.0,Regular,,"Iced, Almond",$6.30,$0.00,$6.30,$0.00,iPad,Payment,Cor Coffee,,ea,1,Physical Good,Cor Coffee
2026-09-22,12:22:08,Central Time (US & Canada),Teas,Tea,1.0,Regular,,,$3.75,$0.00,$3.75,$0.00,iPad,Payment,Cor Coffee,,ea,1,Physical Good,Cor Coffee
2026-09-22,12:21:32,Central Time (US & Canada),Espresso Drinks,Latte,1.0,Regular,,"Regular, To go, Iced, Oat, Lavender",$6.05,$0.00,$6.05,$0.00,iPad,Payment,Cor Coffee,,ea,1,Physical Good,Cor Coffee
2026-09-22,12:20:44,Central Time (US & Canada),Espresso Drinks,Latte,1.0,Regular,,"Regular, To go, Iced, Whole, Cinnamon Roll",$5.50,$0.00,$5.50,$0.00,iPad,Payment,Cor Coffee,,ea,1,Physical Good,Cor Coffee
2026-09-22,12:18:24,Central Time (US & Canada),Espresso Drinks,Latte,1.0,Regular,,"Regular, To go, Iced, Whole, Cinnamon Roll",$5.50,$0.00,$5.50,$0.00,iPad,Payment,Cor Coffee,,ea,1,Physical Good,Cor Coffee
2026-09-22,12:16:55,Central Time (US & Canada),Espresso Drinks,Espresso,1.0,Regular,,Regular,$3.25,$0.00,$3.25,$0.00,iPad,Payment,Cor Coffee,,ea,1,Physical Good,Cor Coffee
2026-09-22,12:16:00,Central Time (US & Canada),Espresso Drinks,Americano,1.0,Regular,,Regular,$3.75,$0.00,$3.75,$0.00,iPad,Payment,Cor Coffee,,ea,1,Physical Good,Cor Coffee
2026-09-22,12:15:31,Central Time (US & Canada),Teas,London Fog,1.0,Regular,,Oat,$5.55,-$2.78,$2.77,$0.00,iPad,Payment,Cor Coffee,,ea,1,Physical Good,Cor Coffee
2026-09-22,12:06:40,Central Time (US & Canada),Espresso Drinks,Latte,1.0,Regular,,"Regular, To go, Iced, Whole, Cinnamon Roll",$5.50,$0.00,$5.50,$0.00,iPad,Payment,Cor Coffee,,ea,1,Physical Good,Cor Coffee
2026-09-22,12:01:53,Central Time (US & Canada),Coffee Drinks,Cold Brew,1.0,Regular,,"To go, Lavender, Cold Foam",$5.75,$0.00,$5.75,$0.00,iPad,Payment,Cor Coffee,,ea,1,Physical Good,Cor Coffee
2026-09-22,12:00:34,Central Time (US & Canada),Espresso Drinks,Latte,1.0,Regular,,"Regular, To go, Iced, Oat, Vanilla",$6.05,$0.00,$6.05,$0.00,iPad,Payment,Cor Coffee,,ea,1,Physical Good,Cor Coffee
2026-09-22,12:00:34,Central Time (US & Canada),Coffee Drinks,Cold Brew,1.0,Regular,,"To go, Cinnamon Roll, Cold Foam",$6.00,$0.00,$6.00,$0.00,iPad,Payment,Cor Coffee,,ea,1,Physical Good,Cor Coffee
2026-09-22,11:58:26,Central Time (US & Canada),Espresso Drinks,Latte,1.0,Regular,,"Regular, To go, Iced, Whole, Vanilla",$5.25,$0.00,$5.25,$0.00,iPad,Payment,Cor Coffee,,ea,1,Physical Good,Cor Coffee
2026-09-22,11:57:51,Central Time (US & Canada),Teas,Matcha Latte,1.0,Regular,,"Vanilla, To go, Iced, Oat, Regular",$6.80,$0.00,$6.80,$0.00,iPad,Payment,Cor Coffee,,ea,1,Physical Good,Cor Coffee
2026-09-22,11:36:58,Central Time (US & Canada),Espresso Drinks,Latte,2.0,Regular,,"Regular, To go, Iced, Oat, Cinnamon Roll, Cold Foam",$14.10,$0.00,$14.10,$0.00,iPad,Payment,Cor Coffee,,ea,2,Physical Good,Cor Coffee
2026-09-22,11:20:01,Central Time (US & Canada),Coffee Drinks,Coffee,1.0,Regular,,,$3.00,$0.00,$3.00,$0.00,iPad,Payment,Cor Coffee,,ea,1,Physical Good,Cor Coffee
2026-09-22,11:17:08,Central Time (US & Canada),Espresso Drinks,Latte,1.0,Regular,,"Regular, To go, Hot, Whole, Cinnamon Roll",$5.50,$0.00,$5.50,$0.00,iPad,Payment,Cor Coffee,,ea,1,Physical Good,Cor Coffee
2026-09-22,11:15:03,Central Time (US & Canada),Espresso Drinks,Latte,1.0,Regular,,"Regular, To go, Iced, Oat, Vanilla",$6.05,$0.00,$6.05,$0.00,iPad,Payment,Cor Coffee,,ea,1,Physical Good,Cor Coffee
2026-09-22,11:06:30,Central Time (US & Canada),Espresso Drinks,Latte,1.0,Regular,,"Regular, To go, Iced, Whole, Lavender",$5.25,$0.00,$5.25,$0.00,iPad,Payment,Cor Coffee,,ea,1,Physical Good,Cor Coffee
2026-09-22,11:05:33,Central Time (US & Canada),Espresso Drinks,Latte,1.0,Regular,,"Regular, Here, Hot, Whole",$4.75,$0.00,$4.75,$0.00,iPad,Payment,Cor Coffee,,ea,1,Physical Good,Cor Coffee
2026-09-22,11:04:21,Central Time (US & Canada),Food,Taos Bar,1.0,Regular,,,$2.00,$0.00,$2.00,$0.00,iPad,Payment,Cor Coffee,,ea,1,Physical Good,Cor Coffee
2026-09-22,11:03:41,Central Time (US & Canada),Coffee Drinks,Cold Brew,1.0,Regular,,"Cinnamon Roll, Cold Foam",$6.00,$0.00,$6.00,$0.00,iPad,Payment,Cor Coffee,,ea,1,Physical Good,Cor Coffee
2026-09-22,11:03:41,Central Time (US & Canada),Food,Taos Bar,1.0,Regular,,Almond (pink),$2.00,$0.00,$2.00,$0.00,iPad,Payment,Cor Coffee,,ea,1,Physical Good,Cor Coffee
2026-09-22,11:02:44,Central Time (US & Canada),Coffee Drinks,Cold Brew,1.0,Regular,,,$4.50,-$4.50,$0.00,$0.00,iPad,Payment,Cor Coffee,,ea,1,Physical Good,Cor Coffee
2026-09-22,11:01:59,Central Time (US & Canada),Espresso Drinks,Latte,1.0,Regular,,"Regular, To go, Hot, Whole, Cinnamon Roll",$5.50,$0.00,$5.50,$0.00,iPad,Payment,Cor Coffee,,ea,1,Physical Good,Cor Coffee
2026-09-22,11:01:22,Central Time (US & Canada),Espresso Drinks,Latte,1.0,Regular,,"Regular, To go, Hot, Whole, Vanilla",$5.25,$0.00,$5.25,$0.00,iPad,Payment,Cor Coffee,,ea,1,Physical Good,Cor Coffee
2026-09-22,11:00:40,Central Time (US & Canada),Espresso Drinks,Latte,1.0,Regular,,"Regular, To go, Iced, Whole",$4.75,$0.00,$4.75,$0.00,iPad,Payment,Cor Coffee,,ea,1,Physical Good,Cor Coffee
2026-09-22,10:58:45,Central Time (US & Canada),Espresso Drinks,Latte,1.0,Regular,,"Regular, To go, Iced, Whole, Cinnamon Roll",$5.50,$0.00,$5.50,$0.00,iPad,Payment,Cor Coffee,,ea,1,Physical Good,Cor Coffee
2026-09-22,10:58:16,Central Time (US & Canada),Espresso Drinks,Latte,1.0,Regular,,"Regular, To go, Iced, Almond, Vanilla, Cinnamon Roll, Cold Foam",$7.55,$0.00,$7.55,$0.00,iPad,Payment,Cor Coffee,,ea,1,Physical Good,Cor Coffee
2026-09-22,10:57:29,Central Time (US & Canada),Espresso Drinks,Latte,1.0,Regular,,"Regular, To go, Iced, Oat, Vanilla, Cold Foam",$6.80,$0.00,$6.80,$0.00,iPad,Payment,Cor Coffee,,ea,1,Physical Good,Cor Coffee
2026-09-22,10:56:38,Central Time (US & Canada),Espresso Drinks,Latte,1.0,Regular,,"Regular, To go, Iced, Whole, Cinnamon Roll, Cold Foam",$6.25,$0.00,$6.25,$0.00,iPad,Payment,Cor Coffee,,ea,1,Physical Good,Cor Coffee
2026-09-22,10:54:32,Central Time (US & Canada),Espresso Drinks,Latte,1.0,Regular,,"Regular, To go, Iced, Oat, Cinnamon Roll",$6.30,$0.00,$6.30,$0.00,iPad,Payment,Cor Coffee,,ea,1,Physical Good,Cor Coffee
2026-09-22,10:53:04,Central Time (US & Canada),Teas,Matcha Latte,1.0,Regular,,"To go, Iced, Whole, Sweet",$5.50,$0.00,$5.50,$0.00,iPad,Payment,Cor Coffee,,ea,1,Physical Good,Cor Coffee
2026-09-22,10:52:31,Central Time (US & Canada),Espresso Drinks,Cappuccino,1.0,Regular,,"Decaf, To go, Oat",$5.30,$0.00,$5.30,$0.00,iPad,Payment,Cor Coffee,,ea,1,Physical Good,Cor Coffee
2026-09-22,10:50:53,Central Time (US & Canada),Espresso Drinks,Latte,1.0,Regular,,"Regular, To go, Iced, Whole, Blueberry",$5.50,$0.00,$5.50,$0.00,iPad,Payment,Cor Coffee,,ea,1,Physical Good,Cor Coffee
2026-09-22,10:50:04,Central Time (US & Canada),Other Drinks,Hot Chocolate,1.0,Regular,,Whole,$4.00,$0.00,$4.00,$0.00,iPad,Payment,Cor Coffee,,ea,1,Physical Good,Cor Coffee
2026-09-22,10:49:44,Central Time (US & Canada),Teas,Tea,1.0,Regular,,Hot,$3.75,$0.00,$3.75,$0.00,iPad,Payment,Cor Coffee,,ea,1,Physical Good,Cor Coffee
2026-09-22,10:43:34,Central Time (US & Canada),Espresso Drinks,Cappuccino,1.0,Regular,,"Regular, To go, Whole",$4.50,$0.00,$4.50,$0.00,iPad,Payment,Cor Coffee,,ea,1,Physical Good,Cor Coffee
2026-09-22,10:43:34,Central Time (US & Canada),Food,LiaP Cookie,1.0,Regular,,,$2.00,$0.00,$2.00,$0.00,iPad,Payment,Cor Coffee,,ea,1,Physical Good,Cor Coffee
2026-09-22,10:42:41,Central Time (US & Canada),Teas,Matcha Latte,1.0,Regular,,"Lavender, To go, Iced, Whole, Regular",$6.00,$0.00,$6.00,$0.00,iPad,Payment,Cor Coffee,,ea,1,Physical Good,Cor Coffee
2026-09-22,10:41:17,Central Time (US & Canada),Espresso Drinks,Latte,1.0,Regular,,"Regular, To go, Iced, Whole",$4.75,$0.00,$4.75,$0.00,iPad,Payment,Cor Coffee,,ea,1,Physical Good,Cor Coffee
2026-09-22,10:39:37,Central Time (US & Canada),Food,Taos Bar,1.0,Regular,,,$2.00,$0.00,$2.00,$0.00,iPad,Payment,Cor Coffee,,ea,1,Physical Good,Cor Coffee
2026-09-22,10:37:55,Central Time (US & Canada),Espresso Drinks,Latte,1.0,Regular,,"Regular, To go, Iced, Whole, Cinnamon Roll",$5.50,-$2.75,$2.75,$0.00,iPad,Payment,Cor Coffee,,ea,1,Physical Good,Cor Coffee
2026-09-22,10:36:25,Central Time (US & Canada),Teas,Matcha Latte,1.0,Regular,,"Blueberry, To go, Iced, Whole, Regular",$6.25,$0.00,$6.25,$0.00,iPad,Payment,Cor Coffee,,ea,1,Physical Good,Cor Coffee
2026-09-22,10:34:38,Central Time (US & Canada),Espresso Drinks,Cappuccino,1.0,Regular,,"Regular, To go, Vanilla",$5.00,$0.00,$5.00,$0.00,iPad,Payment,Cor Coffee,,ea,1,Physical Good,Cor Coffee
2026-09-22,10:34:38,Central Time (US & Canada),Espresso Drinks,Latte,1.0,Regular,,"Decaf, To go, Hot, Oat, Vanilla",$6.05,$0.00,$6.05,$0.00,iPad,Payment,Cor Coffee,,ea,1,Physical Good,Cor Coffee
2026-09-22,10:32:38,Central Time (US & Canada),Espresso Drinks,Cappuccino,1.0,Regular,,"Regular, Here, Whole, Vanilla",$5.00,$0.00,$5.00,$0.00,iPad,Payment,Cor Coffee,,ea,1,Physical Good,Cor Coffee
2026-09-22,10:28:14,Central Time (US & Canada),Teas,Chai Latte,1.0,Regular,,"To go, Hot, Almond",$6.05,$0.00,$6.05,$0.00,iPad,Payment,Cor Coffee,,ea,1,Physical Good,Cor Coffee
2026-09-22,10:26:34,Central Time (US & Canada),Teas,Tea,1.0,Regular,,"Hot, Here",$3.75,$0.00,$3.75,$0.00,iPad,Payment,Cor Coffee,,ea,1,Physical Good,Cor Coffee
2026-09-22,10:23:55,Central Time (US & Canada),Teas,London Fog,1.0,Regular,,"Whole, Lavender",$5.25,-$5.25,$0.00,$0.00,iPad,Payment,Cor Coffee,,ea,1,Physical Good,Cor Coffee
2026-09-22,10:11:33,Central Time (US & Canada),Espresso Drinks,Mocha,1.0,Regular,,"Regular, Hot, Whole",$5.25,$0.00,$5.25,$0.00,iPad,Payment,Cor Coffee,,ea,1,Physical Good,Cor Coffee
2026-09-22,10:09:30,Central Time (US & Canada),Teas,Chai Latte,1.0,Regular,,"To go, Iced, Whole",$5.25,-$2.62,$2.63,$0.00,iPad,Payment,Cor Coffee,,ea,1,Physical Good,Cor Coffee
2026-09-22,10:08:16,Central Time (US & Canada),Espresso Drinks,Latte,1.0,Regular,,"Regular, To go, Iced, Whole, Cinnamon Roll",$5.50,$0.00,$5.50,$0.00,iPad,Payment,Cor Coffee,,ea,1,Physical Good,Cor Coffee
2026-09-22,10:01:55,Central Time (US & Canada),Espresso Drinks,Cortado,1.0,Regular,,"Regular, To go, Oat",$4.80,$0.00,$4.80,$0.00,iPad,Payment,Cor Coffee,,ea,1,Physical Good,Cor Coffee
2026-09-22,09:59:24,Central Time (US & Canada),Espresso Drinks,Latte,1.0,Regular,,"Regular, Iced, Whole, Vanilla, Blueberry, Cold Foam",$6.75,-$6.75,$0.00,$0.00,iPad,Payment,Cor Coffee,,ea,1,Physical Good,Cor Coffee
2026-09-22,09:56:26,Central Time (US & Canada),Espresso Drinks,Latte,1.0,Regular,,"Regular, To go, Hot, Whole, Vanilla",$5.25,$0.00,$5.25,$0.00,iPad,Payment,Cor Coffee,,ea,1,Physical Good,Cor Coffee
2026-09-22,09:54:08,Central Time (US & Canada),Teas,Tea,1.0,Regular,,,$3.75,$0.00,$3.75,$0.00,iPad,Payment,Cor Coffee,,ea,1,Physical Good,Cor Coffee
2026-09-22,09:52:46,Central Time (US & Canada),Espresso Drinks,Latte,1.0,Regular,,"Regular, Hot, Whole, Vanilla",$5.25,$0.00,$5.25,$0.00,iPad,Payment,Cor Coffee,,ea,1,Physical Good,Cor Coffee
2026-09-22,09:51:56,Central Time (US & Canada),Teas,Matcha Latte,1.0,Regular,,"Blueberry, Iced, Whole, Regular",$6.25,-$6.25,$0.00,$0.00,iPad,Payment,Cor Coffee,,ea,1,Physical Good,Cor Coffee
2026-09-22,09:51:56,Central Time (US & Canada),Teas,Matcha Latte,1.0,Regular,,"Cinnamon Roll, Iced, Whole",$6.25,-$6.25,$0.00,$0.00,iPad,Payment,Cor Coffee,,ea,1,Physical Good,Cor Coffee
2026-09-22,09:47:55,Central Time (US & Canada),Espresso Drinks,Latte,1.0,Regular,,"Regular, To go, Hot, Whole, Vanilla",$5.25,$0.00,$5.25,$0.00,iPad,Payment,Cor Coffee,,ea,1,Physical Good,Cor Coffee
2026-09-22,09:44:53,Central Time (US & Canada),Coffee Drinks,Cafe Au Lait,1.0,Regular,,To go,$3.25,$0.00,$3.25,$0.00,iPad,Payment,Cor Coffee,,ea,1,Physical Good,Cor Coffee
2026-09-22,09:24:33,Central Time (US & Canada),Espresso Drinks,Americano,1.0,Regular,,"Regular, To go, Hot",$3.75,$0.00,$3.75,$0.00,iPad,Payment,Cor Coffee,,ea,1,Physical Good,Cor Coffee
2026-09-22,09:23:28,Central Time (US & Canada),Espresso Drinks,Latte,1.0,Regular,,"Regular, To go, Hot, Whole, Cinnamon Roll",$5.50,-$2.75,$2.75,$0.00,iPad,Payment,Cor Coffee,,ea,1,Physical Good,Cor Coffee
2026-09-22,09:21:08,Central Time (US & Canada),Espresso Drinks,Latte,1.0,Regular,,"Regular, To go, Hot, Half&Half (breve), Vanilla",$6.00,$0.00,$6.00,$0.00,iPad,Payment,Cor Coffee,,ea,1,Physical Good,Cor Coffee
2026-09-22,09:20:26,Central Time (US & Canada),Coffee Drinks,Coffee,1.0,Regular,,,$3.00,$0.00,$3.00,$0.00,iPad,Payment,Cor Coffee,,ea,1,Physical Good,Cor Coffee
2026-09-22,09:19:55,Central Time (US & Canada),Espresso Drinks,Latte,1.0,Regular,,"Regular, To go, Iced, Whole, Vanilla",$5.25,$0.00,$5.25,$0.00,iPad,Payment,Cor Coffee,,ea,1,Physical Good,Cor Coffee
2026-09-22,09:18:30,Central Time (US & Canada),Teas,Matcha Latte,1.0,Regular,,"Blueberry, Iced, Whole, Regular",$6.25,$0.00,$6.25,$0.00,iPad,Payment,Cor Coffee,,ea,1,Physical Good,Cor Coffee
2026-09-22,09:17:36,Central Time (US & Canada),Teas,Matcha Latte,1.0,Regular,,"Cinnamon Roll, Whole, Regular",$6.25,$0.00,$6.25,$0.00,iPad,Payment,Cor Coffee,,ea,1,Physical Good,Cor Coffee
2026-09-22,09:16:07,Central Time (US & Canada),Coffee Drinks,Cold Brew,1.0,Regular,,To go,$4.50,$0.00,$4.50,$0.00,iPad,Payment,Cor Coffee,,ea,1,Physical Good,Cor Coffee
2026-09-22,09:15:32,Central Time (US & Canada),Espresso Drinks,Latte,1.0,Regular,,"Regular, Iced, Oat, Cinnamon Roll, Cold Foam",$7.05,$0.00,$7.05,$0.00,iPad,Payment,Cor Coffee,,ea,1,Physical Good,Cor Coffee
2026-09-22,09:14:10,Central Time (US & Canada),Espresso Drinks,Latte,1.0,Regular,,"Regular, To go, Hot, Oat, Lavender",$6.05,$0.00,$6.05,$0.00,iPad,Payment,Cor Coffee,,ea,1,Physical Good,Cor Coffee
2026-09-22,09:13:20,Central Time (US & Canada),Espresso Drinks,Latte,1.0,Regular,,"Regular, To go, Hot, Whole, Vanilla",$5.25,$0.00,$5.25,$0.00,iPad,Payment,Cor Coffee,,ea,1,Physical Good,Cor Coffee
2026-09-22,09:11:43,Central Time (US & Canada),Coffee Drinks,Coffee,1.0,Regular,,"To go, Vanilla",$3.50,$0.00,$3.50,$0.00,iPad,Payment,Cor Coffee,,ea,1,Physical Good,Cor Coffee
2026-09-22,09:09:03,Central Time (US & Canada),Espresso Drinks,Americano,1.0,Regular,,"Regular, To go, Iced",$3.75,$0.00,$3.75,$0.00,iPad,Payment,Cor Coffee,,ea,1,Physical Good,Cor Coffee
2026-09-22,09:08:05,Central Time (US & Canada),Espresso Drinks,Latte,1.0,Regular,,"Regular, To go, Iced, Whole, Cinnamon Roll",$5.50,-$5.50,$0.00,$0.00,iPad,Payment,Cor Coffee,,ea,1,Physical Good,Cor Coffee
2026-09-22,09:07:30,Central Time (US & Canada),Teas,Chai Latte,1.0,Regular,,"To go, Iced, Whole, Cinnamon Roll, Cold Foam",$6.75,$0.00,$6.75,$0.00,iPad,Payment,Cor Coffee,,ea,1,Physical Good,Cor Coffee
2026-09-22,09:06:37,Central Time (US & Canada),Teas,Matcha Latte,1.0,Regular,,"Lavender, To go, Iced, Whole, Sweet",$6.00,$0.00,$6.00,$0.00,iPad,Payment,Cor Coffee,,ea,1,Physical Good,Cor Coffee
2026-09-22,09:03:06,Central Time (US & Canada),Coffee Drinks,Coffee,1.0,Regular,,Cinnamon Roll,$3.75,$0.00,$3.75,$0.00,iPad,Payment,Cor Coffee,,ea,1,Physical Good,Cor Coffee
2026-09-22,08:58:52,Central Time (US & Canada),Espresso Drinks,Latte,1.0,Regular,,"Regular, To go, Iced, Whole, Vanilla",$5.25,$0.00,$5.25,$0.00,iPad,Payment,Cor Coffee,,ea,1,Physical Good,Cor Coffee
2026-09-21,16:05:53,Central Time (US & Canada),Teas,Tea,1.0,Regular,,"Hot, To go",$3.75,-$1.88,$1.87,$0.00,iPad,Payment,Cor Coffee,,ea,1,Physical Good,Cor Coffee
2026-09-21,15:43:33,Central Time (US & Canada),Teas,Tea,1.0,Regular,,Hot,$3.75,$0.00,$3.75,$0.00,iPad,Payment,Cor Coffee,,ea,1,Physical Good,Cor Coffee
2026-09-21,15:42:27,Central Time (US & Canada),Espresso Drinks,Latte,1.0,Regular,,"Regular, Iced, Whole, Vanilla",$5.25,$0.00,$5.25,$0.00,iPad,Payment,Cor Coffee,,ea,1,Physical Good,Cor Coffee
2026-09-21,15:39:20,Central Time (US & Canada),Espresso Drinks,Mocha,1.0,Regular,,"Regular, To go, Iced, Oat",$6.05,-$6.05,$0.00,$0.00,iPad,Payment,Cor Coffee,,ea,1,Physical Good,Cor Coffee
2026-09-21,15:14:31,Central Time (US & Canada),Teas,Matcha Latte,1.0,Regular,,"Vanilla, To go, Iced, Oat, Sweet",$6.80,$0.00,$6.80,$0.00,iPad,Payment,Cor Coffee,,ea,1,Physical Good,Cor Coffee
2026-09-21,15:13:48,Central Time (US & Canada),Coffee Drinks,Coffee,1.0,Regular,,,$3.00,$0.00,$3.00,$0.00,iPad,Payment,Cor Coffee,,ea,1,Physical Good,Cor Coffee
2026-09-21,15:07:14,Central Time (US & Canada),Espresso Drinks,Cortado,1.0,Regular,,"Regular, Here, Whole",$4.00,$0.00,$4.00,$0.00,iPad,Payment,Cor Coffee,,ea,1,Physical Good,Cor Coffee
2026-09-21,15:06:26,Central Time (US & Canada),Teas,Chai Latte,1.0,Regular,,"To go, Iced, Whole, Blueberry",$6.00,$0.00,$6.00,$0.00,iPad,Payment,Cor Coffee,,ea,1,Physical Good,Cor Coffee
2026-09-21,15:06:26,Central Time (US & Canada),Espresso Drinks,Mocha,1.0,Regular,,"Regular, To go, Hot",$5.25,$0.00,$5.25,$0.00,iPad,Payment,Cor Coffee,,ea,1,Physical Good,Cor Coffee
2026-09-21,15:04:53,Central Time (US & Canada),Espresso Drinks,Cappuccino,1.0,Regular,,"Regular, To go, Whole, Cinnamon Roll",$5.25,$0.00,$5.25,$0.00,iPad,Payment,Cor Coffee,,ea,1,Physical Good,Cor Coffee
2026-09-21,15:04:00,Central Time (US & Canada),Espresso Drinks,Americano,1.0,Regular,,"Decaf, To go, Iced",$3.75,$0.00,$3.75,$0.00,iPad,Payment,Cor Coffee,,ea,1,Physical Good,Cor Coffee
2026-09-21,14:59:31,Central Time (US & Canada),Espresso Drinks,Latte,1.0,Regular,,"Regular, Cinnamon Roll",$5.50,$0.00,$5.50,$0.00,iPad,Payment,Cor Coffee,,ea,1,Physical Good,Cor Coffee
2026-09-21,14:57:37,Central Time (US & Canada),Teas,Matcha Latte,1.0,Regular,,Sweet,$5.50,$0.00,$5.50,$0.00,iPad,Payment,Cor Coffee,,ea,1,Physical Good,Cor Coffee
2026-09-21,14:50:38,Central Time (US & Canada),Espresso Drinks,Latte,1.0,Regular,,"Regular, To go, Hot",$4.75,$0.00,$4.75,$0.00,iPad,Payment,Cor Coffee,,ea,1,Physical Good,Cor Coffee
2026-09-21,14:49:50,Central Time (US & Canada),Espresso Drinks,Latte,1.0,Regular,,"Regular, To go, Hot, Whole",$4.75,$0.00,$4.75,$0.00,iPad,Payment,Cor Coffee,,ea,1,Physical Good,Cor Coffee
2026-09-21,14:49:50,Central Time (US & Canada),Food,Taos Bar,1.0,Regular,,,$2.00,$0.00,$2.00,$0.00,iPad,Payment,Cor Coffee,,ea,1,Physical Good,Cor Coffee
2026-09-21,14:47:51,Central Time (US & Canada),Teas,Chai Latte,1.0,Regular,,Oat,$6.05,$0.00,$6.05,$0.00,iPad,Payment,Cor Coffee,,ea,1,Physical Good,Cor Coffee
2026-09-21,14:39:17,Central Time (US & Canada),Espresso Drinks,Latte,1.0,Regular,,"Regular, Cinnamon Roll",$5.50,$0.00,$5.50,$0.00,iPad,Payment,Cor Coffee,,ea,1,Physical Good,Cor Coffee
2026-09-21,14:38:41,Central Time (US & Canada),Teas,Matcha Latte,1.0,Regular,,Blueberry,$6.25,$0.00,$6.25,$0.00,iPad,Payment,Cor Coffee,,ea,1,Physical Good,Cor Coffee
2026-09-21,14:38:41,Central Time (US & Canada),Food,LiaP Cookie,1.0,Regular,,,$2.00,$0.00,$2.00,$0.00,iPad,Payment,Cor Coffee,,ea,1,Physical Good,Cor Coffee
2026-09-21,14:37:40,Central Time (US & Canada),Espresso Drinks,Mocha,1.0,Regular,,"Regular, Iced",$5.25,$0.00,$5.25,$0.00,iPad,Payment,Cor Coffee,,ea,1,Physical Good,Cor Coffee
2026-09-21,14:37:40,Central Time (US & Canada),Food,LiaP Cookie,1.0,Regular,,,$2.00,$0.00,$2.00,$0.00,iPad,Payment,Cor Coffee,,ea,1,Physical Good,Cor Coffee
2026-09-21,14:32:18,Central Time (US & Canada),Espresso Drinks,Latte,1.0,Regular,,"Regular, Hot, Whole, Cinnamon Roll",$5.50,$0.00,$5.50,$0.00,iPad,Payment,Cor Coffee,,ea,1,Physical Good,Cor Coffee
2026-09-21,14:31:05,Central Time (US & Canada),Espresso Drinks,Latte,-1.0,Regular,,"Regular, Oat, Vanilla, Cold Foam",-$6.80,$0.00,-$6.80,$0.00,iPad,Refund,Cor Coffee,,ea,-1,Physical Good,Cor Coffee
2026-09-21,14:30:27,Central Time (US & Canada),Espresso Drinks,Latte,1.0,Regular,,"Regular, Oat, Vanilla, Cold Foam",$6.80,$0.00,$6.80,$0.00,iPad,Payment,Cor Coffee,,ea,1,Physical Good,Cor Coffee
2026-09-21,14:16:53,Central Time (US & Canada),Teas,Matcha Latte,1.0,Regular,,"Vanilla, To go, Iced, Oat, Regular",$6.80,-$6.80,$0.00,$0.00,iPad,Payment,Cor Coffee,,ea,1,Physical Good,Cor Coffee
2026-09-21,14:14:43,Central Time (US & Canada),Teas,Matcha Latte,1.0,Regular,,"Iced, Whole, Regular",$5.50,$0.00,$5.50,$0.00,iPad,Payment,Cor Coffee,,ea,1,Physical Good,Cor Coffee
2026-09-21,14:12:22,Central Time (US & Canada),Espresso Drinks,Latte,1.0,Regular,,"Regular, Whole, Blueberry",$5.50,$0.00,$5.50,$0.00,iPad,Payment,Cor Coffee,,ea,1,Physical Good,Cor Coffee
2026-09-21,14:11:35,Central Time (US & Canada),Teas,Matcha Latte,1.0,Regular,,"To go, Iced, Coconut, Regular",$6.30,-$3.15,$3.15,$0.00,iPad,Payment,Cor Coffee,,ea,1,Physical Good,Cor Coffee
2026-09-21,14:08:30,Central Time (US & Canada),Espresso Drinks,Latte,1.0,Regular,,"Regular, Half&Half (breve), Vanilla",$6.00,$0.00,$6.00,$0.00,iPad,Payment,Cor Coffee,,ea,1,Physical Good,Cor Coffee
2026-09-21,14:07:33,Central Time (US & Canada),Teas,Chai Latte,1.0,Regular,,"Whole, Vanilla",$5.75,$0.00,$5.75,$0.00,iPad,Payment,Cor Coffee,,ea,1,Physical Good,Cor Coffee
2026-09-21,14:06:43,Central Time (US & Canada),Espresso Drinks,Cappuccino,1.0,Regular,,"Regular, Vanilla",$5.00,$0.00,$5.00,$0.00,iPad,Payment,Cor Coffee,,ea,1,Physical Good,Cor Coffee
2026-09-21,14:06:14,Central Time (US & Canada),Espresso Drinks,Latte,1.0,Regular,,"Regular, Whole, Vanilla, Cold Foam",$6.00,$0.00,$6.00,$0.00,iPad,Payment,Cor Coffee,,ea,1,Physical Good,Cor Coffee
2026-09-21,14:05:27,Central Time (US & Canada),Teas,Chai Latte,1.0,Regular,,Whole,$5.25,$0.00,$5.25,$0.00,iPad,Payment,Cor Coffee,,ea,1,Physical Good,Cor Coffee
2026-09-21,14:04:26,Central Time (US & Canada),Espresso Drinks,Cappuccino,1.0,Regular,,"Regular, Whole",$4.50,$0.00,$4.50,$0.00,iPad,Payment,Cor Coffee,,ea,1,Physical Good,Cor Coffee
2026-09-21,14:03:38,Central Time (US & Canada),Food,Taos Bar,1.0,Regular,,Caramel (orange),$2.00,$0.00,$2.00,$0.00,iPad,Payment,Cor Coffee,,ea,1,Physical Good,Cor Coffee
2026-09-21,14:02:45,Central Time (US & Canada),Espresso Drinks,Latte,1.0,Regular,,"Regular, To go, Iced, Whole, Cinnamon Roll",$5.50,-$5.50,$0.00,$0.00,iPad,Payment,Cor Coffee,,ea,1,Physical Good,Cor Coffee
2026-09-21,14:01:41,Central Time (US & Canada),Espresso Drinks,Latte,1.0,Regular,,"Regular, To go, Iced, Oat, Cinnamon Roll, Cold Foam",$7.05,$0.00,$7.05,$0.00,iPad,Payment,Cor Coffee,,ea,1,Physical Good,Cor Coffee
2026-09-21,13:59:38,Central Time (US & Canada),Teas,Tea,1.0,Regular,,"Hot, To go",$3.75,$0.00,$3.75,$0.00,iPad,Payment,Cor Coffee,,ea,1,Physical Good,Cor Coffee
2026-09-21,13:56:04,Central Time (US & Canada),Espresso Drinks,Flat White,1.0,Regular,,"Regular, To go, Whole",$4.25,$0.00,$4.25,$0.00,iPad,Payment,Cor Coffee,,ea,1,Physical Good,Cor Coffee
2026-09-21,13:55:15,Central Time (US & Canada),Food,Taos Bar,1.0,Regular,,Toasted Coconut (blue),$2.00,$0.00,$2.00,$0.00,iPad,Payment,Cor Coffee,,ea,1,Physical Good,Cor Coffee
2026-09-21,13:54:42,Central Time (US & Canada),Espresso Drinks,Cappuccino,1.0,Regular,,"Regular, To go, Oat",$5.30,$0.00,$5.30,$0.00,iPad,Payment,Cor Coffee,,ea,1,Physical Good,Cor Coffee
2026-09-21,13:53:46,Central Time (US & Canada),Espresso Drinks,Mocha,1.0,Regular,,"Regular, To go, Hot, Oat",$6.05,$0.00,$6.05,$0.00,iPad,Payment,Cor Coffee,,ea,1,Physical Good,Cor Coffee
2026-09-21,13:52:42,Central Time (US & Canada),Coffee Drinks,Cold Brew,1.0,Regular,,"To go, Cinnamon Roll, Cold Foam",$6.00,$0.00,$6.00,$0.00,iPad,Payment,Cor Coffee,,ea,1,Physical Good,Cor Coffee
2026-09-21,13:48:48,Central Time (US & Canada),Coffee Drinks,Cold Brew,1.0,Regular,,"To go, Vanilla, Oat",$5.80,$0.00,$5.80,$0.00,iPad,Payment,Cor Coffee,,ea,1,Physical Good,Cor Coffee
2026-09-21,13:47:11,Central Time (US & Canada),Espresso Drinks,Latte,1.0,Regular,,"Regular, To go, Iced, Oat",$5.55,$0.00,$5.55,$0.00,iPad,Payment,Cor Coffee,,ea,1,Physical Good,Cor Coffee
2026-09-21,13:46:06,Central Time (US & Canada),Espresso Drinks,Latte,1.0,Regular,,"Regular, To go, Iced, Oat, Cinnamon Roll, Cold Foam",$7.05,$0.00,$7.05,$0.00,iPad,Payment,Cor Coffee,,ea,1,Physical Good,Cor Coffee
2026-09-21,13:30:33,Central Time (US & Canada),Coffee Drinks,Cafe Au Lait,1.0,Regular,,,$3.25,$0.00,$3.25,$0.00,iPad,Payment,Cor Coffee,,ea,1,Physical Good,Cor Coffee
2026-09-21,13:25:20,Central Time (US & Canada),Espresso Drinks,Mocha,1.0,Regular,,"Regular, To go, Hot, Whole",$5.25,$0.00,$5.25,$0.00,iPad,Payment,Cor Coffee,,ea,1,Physical Good,Cor Coffee
2026-09-21,13:22:43,Central Time (US & Canada),Teas,Tea,1.0,Regular,,"Hot, To go",$3.75,$0.00,$3.75,$0.00,iPad,Payment,Cor Coffee,,ea,1,Physical Good,Cor Coffee
2026-09-21,13:19:02,Central Time (US & Canada),Teas,Matcha Latte,1.0,Regular,,"Vanilla, Cold Foam, To go, Iced, Oat",$7.55,$0.00,$7.55,$0.00,iPad,Payment,Cor Coffee,,ea,1,Physical Good,Cor Coffee
2026-09-21,13:18:12,Central Time (US & Canada),Other Drinks,Lemonade,1.0,Regular,,,$3.00,$0.00,$3.00,$0.00,iPad,Payment,Cor Coffee,,ea,1,Physical Good,Cor Coffee
2026-09-21,13:17:23,Central Time (US & Canada),Espresso Drinks,Latte,1.0,Regular,,"Regular, To go, Iced, Whole, Cinnamon Roll, Cold Foam",$6.25,$0.00,$6.25,$0.00,iPad,Payment,Cor Coffee,,ea,1,Physical Good,Cor Coffee
2026-09-21,13:13:59,Central Time (US & Canada),Espresso Drinks,Latte,1.0,Regular,,"Regular, To go, Iced, Whole, Vanilla",$5.25,$0.00,$5.25,$0.00,iPad,Payment,Cor Coffee,,ea,1,Physical Good,Cor Coffee
2026-09-21,13:11:12,Central Time (US & Canada),Espresso Drinks,Latte,1.0,Regular,,"Regular, Iced, Whole, Cinnamon Roll",$5.50,$0.00,$5.50,$0.00,iPad,Payment,Cor Coffee,,ea,1,Physical Good,Cor Coffee
2026-09-21,13:10:35,Central Time (US & Canada),Espresso Drinks,Latte,1.0,Regular,,Regular,$4.75,$0.00,$4.75,$0.00,iPad,Payment,Cor Coffee,,ea,1,Physical Good,Cor Coffee
2026-09-21,13:10:35,Central Time (US & Canada),Espresso Drinks,Americano,1.0,Regular,,Regular,$3.75,$0.00,$3.75,$0.00,iPad,Payment,Cor Coffee,,ea,1,Physical Good,Cor Coffee
2026-09-21,13:09:37,Central Time (US & Canada),Teas,Tea,1.0,Regular,,,$3.75,$0.00,$3.75,$0.00,iPad,Payment,Cor Coffee,,ea,1,Physical Good,Cor Coffee
2026-09-21,13:09:07,Central Time (US & Canada),Teas,Matcha Latte,1.0,Regular,,"Whole, Regular",$5.50,$0.00,$5.50,$0.00,iPad,Payment,Cor Coffee,,ea,1,Physical Good,Cor Coffee
2026-09-21,13:08:11,Central Time (US & Canada),Teas,Matcha Latte,1.0,Regular,,"Hot, Coconut, Regular",$6.30,$0.00,$6.30,$0.00,iPad,Payment,Cor Coffee,,ea,1,Physical Good,Cor Coffee
2026-09-21,13:05:22,Central Time (US & Canada),Espresso Drinks,Latte,1.0,Regular,,"Regular, Oat, Vanilla",$6.05,$0.00,$6.05,$0.00,iPad,Payment,Cor Coffee,,ea,1,Physical Good,Cor Coffee
2026-09-21,13:02:46,Central Time (US & Canada),Espresso Drinks,Latte,1.0,Regular,,"Regular, To go, Hot, Oat",$5.55,$0.00,$5.55,$0.00,iPad,Payment,Cor Coffee,,ea,1,Physical Good,Cor Coffee
2026-09-21,13:01:09,Central Time (US & Canada),Teas,Matcha Latte,1.0,Regular,,"Vanilla, Cold Foam",$6.75,$0.00,$6.75,$0.00,iPad,Payment,Cor Coffee,,ea,1,Physical Good,Cor Coffee
2026-09-21,13:00:28,Central Time (US & Canada),Teas,Matcha Latte,1.0,Regular,,"Cinnamon Roll, Cold Foam",$7.00,$0.00,$7.00,$0.00,iPad,Payment,Cor Coffee,,ea,1,Physical Good,Cor Coffee
2026-09-21,12:57:31,Central Time (US & Canada),Teas,Chai Latte,1.0,Regular,,"Iced, Whole, Cinnamon Roll",$6.00,$0.00,$6.00,$0.00,iPad,Payment,Cor Coffee,,ea,1,Physical Good,Cor Coffee
2026-09-21,12:56:47,Central Time (US & Canada),Espresso Drinks,Latte,1.0,Regular,,"Regular, To go, Iced, Oat, Cold Foam",$6.30,$0.00,$6.30,$0.00,iPad,Payment,Cor Coffee,,ea,1,Physical Good,Cor Coffee
2026-09-21,12:51:36,Central Time (US & Canada),Teas,Chai Latte,1.0,Regular,,"Oat, Lavender, Cinnamon Roll, Cold Foam",$8.05,$0.00,$8.05,$0.00,iPad,Payment,Cor Coffee,,ea,1,Physical Good,Cor Coffee
2026-09-21,12:48:09,Central Time (US & Canada),Espresso Drinks,Flat White,1.0,Regular,,Regular,$4.25,-$2.12,$2.13,$0.00,iPad,Payment,Cor Coffee,,ea,1,Physical Good,Cor Coffee
2026-09-21,12:46:31,Central Time (US & Canada),Espresso Drinks,Latte,1.0,Regular,,"Regular, Lavender, Blueberry, Cold Foam",$6.75,-$3.38,$3.37,$0.00,iPad,Payment,Cor Coffee,,ea,1,Physical Good,Cor Coffee
2026-09-21,12:45:15,Central Time (US & Canada),Teas,Matcha Latte,1.0,Regular,,"Cinnamon Roll, Oat",$7.05,$0.00,$7.05,$0.00,iPad,Payment,Cor Coffee,,ea,1,Physical Good,Cor Coffee
2026-09-21,12:45:15,Central Time (US & Canada),Food,Taos Bar,1.0,Regular,,Peanut butter (green),$2.00,$0.00,$2.00,$0.00,iPad,Payment,Cor Coffee,,ea,1,Physical Good,Cor Coffee
2026-09-21,12:44:08,Central Time (US & Canada),Teas,Chai Latte,1.0,Regular,,Cinnamon Roll,$6.00,$0.00,$6.00,$0.00,iPad,Payment,Cor Coffee,,ea,1,Physical Good,Cor Coffee
2026-09-21,12:42:36,Central Time (US & Canada),Coffee Drinks,Cold Brew,1.0,Regular,,"Blueberry, Cold Foam",$6.00,$0.00,$6.00,$0.00,iPad,Payment,Cor Coffee,,ea,1,Physical Good,Cor Coffee
2026-09-21,12:42:36,Central Time (US & Canada),Teas,Matcha Latte,1.0,Regular,,"Vanilla, Whole",$6.00,$0.00,$6.00,$0.00,iPad,Payment,Cor Coffee,,ea,1,Physical Good,Cor Coffee
2026-09-21,12:41:05,Central Time (US & Canada),Espresso Drinks,Mocha,1.0,Regular,,"Regular, Whole",$5.25,$0.00,$5.25,$0.00,iPad,Payment,Cor Coffee,,ea,1,Physical Good,Cor Coffee
2026-09-21,12:40:27,Central Time (US & Canada),Espresso Drinks,Latte,1.0,Regular,,"Regular, Oat, Vanilla",$6.05,$0.00,$6.05,$0.00,iPad,Payment,Cor Coffee,,ea,1,Physical Good,Cor Coffee
2026-09-21,11:45:59,Central Time (US & Canada),Teas,Tea,1.0,Regular,,,$3.75,$0.00,$3.75,$0.00,iPad,Payment,Cor Coffee,,ea,1,Physical Good,Cor Coffee
2026-09-21,11:40:51,Central Time (US & Canada),Espresso Drinks,Latte,1.0,Regular,,"Regular, To go, Hot, Whole, Vanilla",$5.25,$0.00,$5.25,$0.00,iPad,Payment,Cor Coffee,,ea,1,Physical Good,Cor Coffee
2026-09-21,11:37:53,Central Time (US & Canada),Espresso Drinks,Latte,1.0,Regular,,"Regular, To go, Iced, Oat, Cinnamon Roll",$6.30,$0.00,$6.30,$0.00,iPad,Payment,Cor Coffee,,ea,1,Physical Good,Cor Coffee
2026-09-21,11:35:47,Central Time (US & Canada),Teas,Matcha Latte,1.0,Regular,,"Vanilla, To go, Iced, Oat, Regular",$6.80,$0.00,$6.80,$0.00,iPad,Payment,Cor Coffee,,ea,1,Physical Good,Cor Coffee
2026-09-21,11:29:42,Central Time (US & Canada),Espresso Drinks,Latte,1.0,Regular,,"Regular, To go, Iced, Whole, Cinnamon Roll",$5.50,$0.00,$5.50,$0.00,iPad,Payment,Cor Coffee,,ea,1,Physical Good,Cor Coffee
2026-09-21,11:28:43,Central Time (US & Canada),Espresso Drinks,Latte,1.0,Regular,,"Regular, To go, Iced, Oat, Vanilla",$6.05,$0.00,$6.05,$0.00,iPad,Payment,Cor Coffee,,ea,1,Physical Good,Cor Coffee
2026-09-21,11:26:48,Central Time (US & Canada),Espresso Drinks,Latte,1.0,Regular,,"Regular, Here, Iced, Whole, Cinnamon Roll, Cold Foam",$6.25,$0.00,$6.25,$0.00,iPad,Payment,Cor Coffee,,ea,1,Physical Good,Cor Coffee
2026-09-21,11:20:58,Central Time (US & Canada),Espresso Drinks,Cappuccino,1.0,Regular,,"Regular, To go, Oat",$5.30,$0.00,$5.30,$0.00,iPad,Payment,Cor Coffee,,ea,1,Physical Good,Cor Coffee
2026-09-21,11:18:11,Central Time (US & Canada),Espresso Drinks,Latte,1.0,Regular,,"Regular, To go, Iced, Oat, Cinnamon Roll",$6.30,$0.00,$6.30,$0.00,iPad,Payment,Cor Coffee,,ea,1,Physical Good,Cor Coffee
2026-09-21,11:17:20,Central Time (US & Canada),Espresso Drinks,Latte,1.0,Regular,,"Regular, To go, Iced, Oat, Cinnamon Roll",$6.30,$0.00,$6.30,$0.00,iPad,Payment,Cor Coffee,,ea,1,Physical Good,Cor Coffee
2026-09-21,11:16:37,Central Time (US & Canada),Espresso Drinks,Cappuccino,1.0,Regular,,"Regular, Here, Oat",$5.30,$0.00,$5.30,$0.00,iPad,Payment,Cor Coffee,,ea,1,Physical Good,Cor Coffee
2026-09-21,11:09:06,Central Time (US & Canada),Espresso Drinks,Latte,1.0,Regular,,"Regular, To go, Iced, Whole, Vanilla",$5.25,$0.00,$5.25,$0.00,iPad,Payment,Cor Coffee,,ea,1,Physical Good,Cor Coffee
2026-09-21,11:08:25,Central Time (US & Canada),Espresso Drinks,Latte,1.0,Regular,,"Regular, To go, Iced, Oat, Blueberry",$6.30,$0.00,$6.30,$0.00,iPad,Payment,Cor Coffee,,ea,1,Physical Good,Cor Coffee
2026-09-21,11:04:52,Central Time (US & Canada),Espresso Drinks,Latte,1.0,Regular,,"Regular, To go, Hot, Whole, Cinnamon Roll",$5.50,$0.00,$5.50,$0.00,iPad,Payment,Cor Coffee,,ea,1,Physical Good,Cor Coffee
2026-09-21,11:03:59,Central Time (US & Canada),Teas,Matcha Latte,1.0,Regular,,"Cinnamon Roll, To go, Iced, Whole, Regular",$6.25,$0.00,$6.25,$0.00,iPad,Payment,Cor Coffee,,ea,1,Physical Good,Cor Coffee
2026-09-21,11:02:53,Central Time (US & Canada),Teas,Chai Latte,1.0,Regular,,"To go, Hot, Whole",$5.25,$0.00,$5.25,$0.00,iPad,Payment,Cor Coffee,,ea,1,Physical Good,Cor Coffee
2026-09-21,11:02:04,Central Time (US & Canada),Teas,Matcha Latte,1.0,Regular,,"To go, Iced, Oat",$6.30,$0.00,$6.30,$0.00,iPad,Payment,Cor Coffee,,ea,1,Physical Good,Cor Coffee
2026-09-21,11:01:20,Central Time (US & Canada),Espresso Drinks,Latte,1.0,Regular,,"Regular, To go, Iced, Whole, Vanilla",$5.25,$0.00,$5.25,$0.00,iPad,Payment,Cor Coffee,,ea,1,Physical Good,Cor Coffee
2026-09-21,10:59:58,Central Time (US & Canada),Teas,Chai Latte,1.0,Regular,,"Here, Hot, Oat, Vanilla",$6.55,$0.00,$6.55,$0.00,iPad,Payment,Cor Coffee,,ea,1,Physical Good,Cor Coffee
2026-09-21,10:57:27,Central Time (US & Canada),Espresso Drinks,Cappuccino,1.0,Regular,,"Regular, Here, Whole",$4.50,$0.00,$4.50,$0.00,iPad,Payment,Cor Coffee,,ea,1,Physical Good,Cor Coffee
2026-09-21,10:56:29,Central Time (US & Canada),Teas,Matcha Latte,1.0,Regular,,,$5.50,$0.00,$5.50,$0.00,iPad,Payment,Cor Coffee,,ea,1,Physical Good,Cor Coffee
2026-09-21,10:55:39,Central Time (US & Canada),Other Drinks,Hot Chocolate,1.0,Regular,,,$4.00,$0.00,$4.00,$0.00,iPad,Payment,Cor Coffee,,ea,1,Physical Good,Cor Coffee
2026-09-21,10:54:07,Central Time (US & Canada),Espresso Drinks,Latte,1.0,Regular,,"Regular, To go, Iced, Whole, Vanilla",$5.25,$0.00,$5.25,$0.00,iPad,Payment,Cor Coffee,,ea,1,Physical Good,Cor Coffee
2026-09-21,10:52:34,Central Time (US & Canada),Espresso Drinks,Latte,1.0,Regular,,"Regular, To go, Iced, Whole, Vanilla",$5.25,$0.00,$5.25,$0.00,iPad,Payment,Cor Coffee,,ea,1,Physical Good,Cor Coffee
2026-09-21,10:48:16,Central Time (US & Canada),Espresso Drinks,Latte,1.0,Regular,,"Regular, To go, Hot, Oat, Cinnamon Roll",$6.30,$0.00,$6.30,$0.00,iPad,Payment,Cor Coffee,,ea,1,Physical Good,Cor Coffee
2026-09-21,10:47:27,Central Time (US & Canada),Teas,Chai Latte,1.0,Regular,,"To go, Hot, Whole",$5.25,$0.00,$5.25,$0.00,iPad,Payment,Cor Coffee,,ea,1,Physical Good,Cor Coffee
2026-09-21,10:44:58,Central Time (US & Canada),Espresso Drinks,Latte,1.0,Regular,,"Regular, To go, Hot, Whole, Vanilla",$5.25,$0.00,$5.25,$0.00,iPad,Payment,Cor Coffee,,ea,1,Physical Good,Cor Coffee
2026-09-21,10:43:58,Central Time (US & Canada),Espresso Drinks,Espresso,1.0,Regular,,Regular,$3.25,$0.00,$3.25,$0.00,iPad,Payment,Cor Coffee,,ea,1,Physical Good,Cor Coffee
2026-09-21,10:42:35,Central Time (US & Canada),Coffee Drinks,Cold Brew,1.0,Regular,,,$4.50,$0.00,$4.50,$0.00,iPad,Payment,Cor Coffee,,ea,1,Physical Good,Cor Coffee
2026-09-21,10:39:17,Central Time (US & Canada),Espresso Drinks,Latte,1.0,Regular,,"Regular, To go, Iced, Whole, Cinnamon Roll, Cold Foam",$6.25,-$3.12,$3.13,$0.00,iPad,Payment,Cor Coffee,,ea,1,Physical Good,Cor Coffee
2026-09-21,10:35:15,Central Time (US & Canada),Espresso Drinks,Latte,1.0,Regular,,"Regular, Whole, Cinnamon Roll",$5.50,$0.00,$5.50,$0.00,iPad,Payment,Cor Coffee,,ea,1,Physical Good,Cor Coffee
2026-09-21,10:31:06,Central Time (US & Canada),Espresso Drinks,Latte,1.0,Regular,,"Regular, To go, Iced, Soy",$5.55,-$5.55,$0.00,$0.00,iPad,Payment,Cor Coffee,,ea,1,Physical Good,Cor Coffee
2026-09-21,10:28:35,Central Time (US & Canada),Espresso Drinks,Cortado,1.0,Regular,,"Regular, To go, Whole",$4.00,$0.00,$4.00,$0.00,iPad,Payment,Cor Coffee,,ea,1,Physical Good,Cor Coffee
2026-09-21,10:26:29,Central Time (US & Canada),Espresso Drinks,Latte,1.0,Regular,,"Regular, To go, Hot, Whole, Cinnamon Roll",$5.50,-$2.56,$2.94,$0.00,iPad,Payment,Cor Coffee,,ea,1,Physical Good,Cor Coffee
2026-09-21,10:26:29,Central Time (US & Canada),Espresso Drinks,Latte,1.0,Regular,,"Regular, To go, Iced, Whole, Vanilla",$5.25,-$2.44,$2.81,$0.00,iPad,Payment,Cor Coffee,,ea,1,Physical Good,Cor Coffee
2026-09-21,10:16:42,Central Time (US & Canada),Teas,Chai Latte,1.0,Regular,,"To go, Hot, Almond",$6.05,$0.00,$6.05,$0.00,iPad,Payment,Cor Coffee,,ea,1,Physical Good,Cor Coffee
2026-09-21,10:10:40,Central Time (US & Canada),Coffee Drinks,Cold Brew,1.0,Regular,,"Cinnamon Roll, Cold Foam",$6.00,$0.00,$6.00,$0.00,iPad,Payment,Cor Coffee,,ea,1,Physical Good,Cor Coffee
2026-09-21,10:09:53,Central Time (US & Canada),Teas,Matcha Latte,1.0,Regular,,"Cinnamon Roll, To go, Iced, Whole, Regular",$6.25,$0.00,$6.25,$0.00,iPad,Payment,Cor Coffee,,ea,1,Physical Good,Cor Coffee
2026-09-21,10:09:14,Central Time (US & Canada),Teas,Matcha Latte,1.0,Regular,,"Cinnamon Roll, To go, Iced, Whole, Regular",$6.25,$0.00,$6.25,$0.00,iPad,Payment,Cor Coffee,,ea,1,Physical Good,Cor Coffee
2026-09-21,10:05:43,Central Time (US & Canada),Espresso Drinks,Latte,1.0,Regular,,"Regular, To go, Iced, Whole, Cinnamon Roll, Cold Foam",$6.25,$0.00,$6.25,$0.00,iPad,Payment,Cor Coffee,,ea,1,Physical Good,Cor Coffee
2026-09-21,10:04:51,Central Time (US & Canada),Espresso Drinks,Latte,1.0,Regular,,"Regular, Here, Hot",$4.75,$0.00,$4.75,$0.00,iPad,Payment,Cor Coffee,,ea,1,Physical Good,Cor Coffee
2026-09-21,10:03:27,Central Time (US & Canada),Espresso Drinks,Latte,2.0,Regular,,"Regular, To go, Iced, Whole, Cinnamon Roll",$11.00,$0.00,$11.00,$0.00,iPad,Payment,Cor Coffee,,ea,2,Physical Good,Cor Coffee
2026-09-21,10:02:26,Central Time (US & Canada),Espresso Drinks,Latte,1.0,Regular,,"Regular, To go, Iced, Whole, Vanilla",$5.25,$0.00,$5.25,$0.00,iPad,Payment,Cor Coffee,,ea,1,Physical Good,Cor Coffee
2026-09-21,10:00:53,Central Time (US & Canada),Teas,Matcha Latte,1.0,Regular,,"Vanilla, Cold Foam, To go, Iced, Oat, Regular",$7.55,$0.00,$7.55,$0.00,iPad,Payment,Cor Coffee,,ea,1,Physical Good,Cor Coffee
2026-09-21,10:00:15,Central Time (US & Canada),Espresso Drinks,Cappuccino,1.0,Regular,,"Regular, Here, Whole",$4.50,$0.00,$4.50,$0.00,iPad,Payment,Cor Coffee,,ea,1,Physical Good,Cor Coffee
2026-09-21,09:57:26,Central Time (US & Canada),Espresso Drinks,Mocha,1.0,Regular,,"Regular, To go, Iced, Whole",$5.25,-$5.25,$0.00,$0.00,iPad,Payment,Cor Coffee,,ea,1,Physical Good,Cor Coffee
2026-09-21,09:53:43,Central Time (US & Canada),Espresso Drinks,Latte,1.0,Regular,,"Regular, To go, Iced, Oat, Blueberry",$6.30,$0.00,$6.30,$0.00,iPad,Payment,Cor Coffee,,ea,1,Physical Good,Cor Coffee
2026-09-21,09:50:32,Central Time (US & Canada),Teas,Chai Latte,1.0,Regular,,"Iced, Oat, Add shot",$7.05,$0.00,$7.05,$0.00,iPad,Payment,Cor Coffee,,ea,1,Physical Good,Cor Coffee
2026-09-21,09:49:15,Central Time (US & Canada),Coffee Drinks,Coffee,1.0,Regular,,To go,$3.00,$0.00,$3.00,$0.00,iPad,Payment,Cor Coffee,,ea,1,Physical Good,Cor Coffee
2026-09-21,09:46:52,Central Time (US & Canada),Espresso Drinks,Latte,1.0,Regular,,"Regular, To go, Hot, Oat",$5.55,$0.00,$5.55,$0.00,iPad,Payment,Cor Coffee,,ea,1,Physical Good,Cor Coffee
2026-09-21,09:42:09,Central Time (US & Canada),Teas,Tea,1.0,Regular,,Iced,$3.75,-$1.88,$1.87,$0.00,iPad,Payment,Cor Coffee,,ea,1,Physical Good,Cor Coffee
2026-09-21,09:27:44,Central Time (US & Canada),Teas,Tea,1.0,Regular,,Hot,$3.75,$0.00,$3.75,$0.00,iPad,Payment,Cor Coffee,,ea,1,Physical Good,Cor Coffee
2026-09-21,09:27:04,Central Time (US & Canada),Espresso Drinks,Latte,1.0,Regular,,"Regular, To go, Iced, Whole, Vanilla",$5.25,$0.00,$5.25,$0.00,iPad,Payment,Cor Coffee,,ea,1,Physical Good,Cor Coffee
2026-09-21,09:24:22,Central Time (US & Canada),Teas,Matcha Latte,1.0,Regular,,"Blueberry, Iced, Whole",$6.25,$0.00,$6.25,$0.00,iPad,Payment,Cor Coffee,,ea,1,Physical Good,Cor Coffee
2026-09-21,09:17:38,Central Time (US & Canada),Teas,Tea,1.0,Regular,,"Iced, To go",$3.75,$0.00,$3.75,$0.00,iPad,Payment,Cor Coffee,,ea,1,Physical Good,Cor Coffee
2026-09-21,09:15:27,Central Time (US & Canada),Teas,Matcha Latte,1.0,Regular,,"Blueberry, To go, Iced, Oat, Sweet",$7.05,$0.00,$7.05,$0.00,iPad,Payment,Cor Coffee,,ea,1,Physical Good,Cor Coffee
2026-09-21,09:14:06,Central Time (US & Canada),Espresso Drinks,Latte,1.0,Regular,,"Regular, To go, Hot, Whole, Vanilla",$5.25,$0.00,$5.25,$0.00,iPad,Payment,Cor Coffee,,ea,1,Physical Good,Cor Coffee
2026-09-21,09:13:35,Central Time (US & Canada),Teas,Matcha Latte,1.0,Regular,,"To go, Iced, Whole, Regular",$5.50,$0.00,$5.50,$0.00,iPad,Payment,Cor Coffee,,ea,1,Physical Good,Cor Coffee
2026-09-21,09:12:50,Central Time (US & Canada),Espresso Drinks,Cappuccino,1.0,Regular,,"Regular, To go, Whole",$4.50,-$2.25,$2.25,$0.00,iPad,Payment,Cor Coffee,,ea,1,Physical Good,Cor Coffee
2026-09-21,09:07:52,Central Time (US & Canada),Espresso Drinks,Latte,1.0,Regular,,"Regular, To go, Iced, Whole, Vanilla, Blueberry, Cold Foam",$6.75,$0.00,$6.75,$0.00,iPad,Payment,Cor Coffee,,ea,1,Physical Good,Cor Coffee
2026-09-21,09:02:31,Central Time (US & Canada),Espresso Drinks,Cappuccino,1.0,Regular,,"Regular, To go, Oat",$5.30,$0.00,$5.30,$0.00,iPad,Payment,Cor Coffee,,ea,1,Physical Good,Cor Coffee
2026-09-21,09:01:55,Central Time (US & Canada),Teas,Chai Latte,1.0,Regular,,"Here, Hot, Oat, Vanilla",$6.55,$0.00,$6.55,$0.00,iPad,Payment,Cor Coffee,,ea,1,Physical Good,Cor Coffee
2026-09-18,15:41:14,Central Time (US & Canada),Food,Taos Bar,1.0,Regular,,,$2.00,$0.00,$2.00,$0.00,iPad,Payment,Cor Coffee,,ea,1,Physical Good,Cor Coffee
2026-09-18,15:37:43,Central Time (US & Canada),Teas,Matcha Latte,1.0,Regular,,,$5.50,$0.00,$5.50,$0.00,iPad,Payment,Cor Coffee,,ea,1,Physical Good,Cor Coffee
2026-09-18,15:33:50,Central Time (US & Canada),Espresso Drinks,Latte,1.0,Regular,,"Regular, Iced, Oat, Cinnamon Roll, Cold Foam",$7.05,$0.00,$7.05,$0.00,iPad,Payment,Cor Coffee,,ea,1,Physical Good,Cor Coffee
2026-09-18,15:24:12,Central Time (US & Canada),Teas,Matcha Latte,3.0,Regular,,"Cinnamon Roll, Cold Foam, To go, Iced, Oat, Regular",$23.40,$0.00,$23.40,$0.00,iPad,Payment,Cor Coffee,,ea,3,Physical Good,Cor Coffee
2026-09-18,15:22:31,Central Time (US & Canada),Espresso Drinks,Latte,1.0,Regular,,"Regular, To go, Iced, Whole",$4.75,$0.00,$4.75,$0.00,iPad,Payment,Cor Coffee,,ea,1,Physical Good,Cor Coffee
2026-09-18,15:17:43,Central Time (US & Canada),Espresso Drinks,Latte,1.0,Regular,,"Regular, Iced, Whole, Ganache, Vanilla",$5.75,$0.00,$5.75,$0.00,iPad,Payment,Cor Coffee,,ea,1,Physical Good,Cor Coffee
2026-09-18,15:01:47,Central Time (US & Canada),Teas,Tea,1.0,Regular,,Hot,$3.75,$0.00,$3.75,$0.00,iPad,Payment,Cor Coffee,,ea,1,Physical Good,Cor Coffee
2026-09-18,14:58:55,Central Time (US & Canada),Espresso Drinks,Mocha,1.0,Regular,,"Regular, To go, Iced, Whole",$5.25,$0.00,$5.25,$0.00,iPad,Payment,Cor Coffee,,ea,1,Physical Good,Cor Coffee
2026-09-18,14:56:24,Central Time (US & Canada),Teas,Tea,1.0,Regular,,"Hot, Blueberry, To go",$4.50,$0.00,$4.50,$0.00,iPad,Payment,Cor Coffee,,ea,1,Physical Good,Cor Coffee
2026-09-18,14:56:24,Central Time (US & Canada),Food,Taos Bar,1.0,Regular,,Peanut butter (green),$2.00,$0.00,$2.00,$0.00,iPad,Payment,Cor Coffee,,ea,1,Physical Good,Cor Coffee
2026-09-18,14:52:32,Central Time (US & Canada),Coffee Drinks,Coffee,1.0,Regular,,,$3.00,$0.00,$3.00,$0.00,iPad,Payment,Cor Coffee,,ea,1,Physical Good,Cor Coffee
2026-09-18,14:51:58,Central Time (US & Canada),Espresso Drinks,Cappuccino,1.0,Regular,,"Regular, To go, Oat, Lavender",$5.80,$0.00,$5.80,$0.00,iPad,Payment,Cor Coffee,,ea,1,Physical Good,Cor Coffee
2026-09-18,14:51:12,Central Time (US & Canada),Teas,Matcha Latte,1.0,Regular,,"To go, Hot, Oat, Regular",$6.30,-$6.30,$0.00,$0.00,iPad,Payment,Cor Coffee,,ea,1,Physical Good,Cor Coffee
2026-09-18,14:39:08,Central Time (US & Canada),Espresso Drinks,Latte,1.0,Regular,,"Regular, Iced, Whole, Vanilla, Cold Foam",$6.00,$0.00,$6.00,$0.00,iPad,Payment,Cor Coffee,,ea,1,Physical Good,Cor Coffee
2026-09-18,14:29:56,Central Time (US & Canada),Teas,Tea,1.0,Regular,,Iced,$3.75,-$1.88,$1.87,$0.00,iPad,Payment,Cor Coffee,,ea,1,Physical Good,Cor Coffee
2026-09-18,14:27:39,Central Time (US & Canada),Teas,Matcha Latte,1.0,Regular,,"To go, Iced, Whole, Regular",$5.50,$0.00,$5.50,$0.00,iPad,Payment,Cor Coffee,,ea,1,Physical Good,Cor Coffee
2026-09-18,14:26:33,Central Time (US & Canada),Coffee Drinks,Cafe Au Lait,1.0,Regular,,"To go, Oat, Cinnamon Roll",$4.80,$0.00,$4.80,$0.00,iPad,Payment,Cor Coffee,,ea,1,Physical Good,Cor Coffee
2026-09-18,14:24:53,Central Time (US & Canada),Teas,Chai Latte,1.0,Regular,,"To go, Hot, Whole",$5.25,-$2.62,$2.63,$0.00,iPad,Payment,Cor Coffee,,ea,1,Physical Good,Cor Coffee
2026-09-18,14:23:28,Central Time (US & Canada),Espresso Drinks,Latte,1.0,Regular,,"Regular, Iced, Whole, Cinnamon Roll, Cold Foam",$6.25,$0.00,$6.25,$0.00,iPad,Payment,Cor Coffee,,ea,1,Physical Good,Cor Coffee
2026-09-18,14:19:55,Central Time (US & Canada),Teas,Chai Latte,1.0,Regular,,"Iced, Whole",$5.25,$0.00,$5.25,$0.00,iPad,Payment,Cor Coffee,,ea,1,Physical Good,Cor Coffee
2026-09-18,14:18:39,Central Time (US & Canada),Espresso Drinks,Latte,1.0,Regular,,"Regular, Iced, Whole, Cinnamon Roll",$5.50,$0.00,$5.50,$0.00,iPad,Payment,Cor Coffee,,ea,1,Physical Good,Cor Coffee
2026-09-18,14:18:39,Central Time (US & Canada),Espresso Drinks,Cappuccino,1.0,Regular,,"Regular, Oat",$5.30,$0.00,$5.30,$0.00,iPad,Payment,Cor Coffee,,ea,1,Physical Good,Cor Coffee
2026-09-18,14:18:39,Central Time (US & Canada),Espresso Drinks,Latte,1.0,Regular,,"Regular, Iced, Whole, Blueberry, Cold Foam",$6.25,$0.00,$6.25,$0.00,iPad,Payment,Cor Coffee,,ea,1,Physical Good,Cor Coffee
2026-09-18,14:16:04,Central Time (US & Canada),Teas,Matcha Latte,1.0,Regular,,"Cinnamon Roll, Cold Foam, Iced, Oat",$7.80,$0.00,$7.80,$0.00,iPad,Payment,Cor Coffee,,ea,1,Physical Good,Cor Coffee
2026-09-18,14:08:04,Central Time (US & Canada),Other Drinks,Lemonade,1.0,Regular,,,$3.00,$0.00,$3.00,$0.00,iPad,Payment,Cor Coffee,,ea,1,Physical Good,Cor Coffee
2026-09-18,14:07:32,Central Time (US & Canada),Espresso Drinks,Cappuccino,1.0,Regular,,"Regular, To go, Whole",$4.50,$0.00,$4.50,$0.00,iPad,Payment,Cor Coffee,,ea,1,Physical Good,Cor Coffee
2026-09-18,14:07:02,Central Time (US & Canada),Espresso Drinks,Cappuccino,1.0,Regular,,"Regular, To go, Whole",$4.50,$0.00,$4.50,$0.00,iPad,Payment,Cor Coffee,,ea,1,Physical Good,Cor Coffee
2026-09-18,14:05:23,Central Time (US & Canada),Espresso Drinks,Latte,1.0,Regular,,"Regular, Iced, Whole, Add shot, Cinnamon Roll",$6.50,$0.00,$6.50,$0.00,iPad,Payment,Cor Coffee,,ea,1,Physical Good,Cor Coffee
2026-09-18,14:03:09,Central Time (US & Canada),Coffee Drinks,Cold Brew,1.0,Regular,,"Cinnamon Roll, Cold Foam",$6.00,$0.00,$6.00,$0.00,iPad,Payment,Cor Coffee,,ea,1,Physical Good,Cor Coffee
2026-09-18,14:02:03,Central Time (US & Canada),Espresso Drinks,Latte,1.0,Regular,,"Regular, Hot, Whole",$4.75,$0.00,$4.75,$0.00,iPad,Payment,Cor Coffee,,ea,1,Physical Good,Cor Coffee
2026-09-18,14:00:40,Central Time (US & Canada),Espresso Drinks,Latte,1.0,Regular,,"Regular, Iced, Whole, Cinnamon Roll",$5.50,$0.00,$5.50,$0.00,iPad,Payment,Cor Coffee,,ea,1,Physical Good,Cor Coffee
2026-09-18,13:59:38,Central Time (US & Canada),Espresso Drinks,Cappuccino,1.0,Regular,,"Regular, To go, Whole",$4.50,$0.00,$4.50,$0.00,iPad,Payment,Cor Coffee,,ea,1,Physical Good,Cor Coffee
2026-09-18,13:58:29,Central Time (US & Canada),Coffee Drinks,Coffee,1.0,Regular,,,$3.00,$0.00,$3.00,$0.00,iPad,Payment,Cor Coffee,,ea,1,Physical Good,Cor Coffee
2026-09-18,13:55:43,Central Time (US & Canada),Teas,Chai Latte,1.0,Regular,,"Iced, Oat, Cinnamon Roll, Cold Foam",$7.55,$0.00,$7.55,$0.00,iPad,Payment,Cor Coffee,,ea,1,Physical Good,Cor Coffee
2026-09-18,13:54:58,Central Time (US & Canada),Espresso Drinks,Latte,1.0,Regular,,"Regular, Iced, Whole, Cold Foam",$5.50,$0.00,$5.50,$0.00,iPad,Payment,Cor Coffee,,ea,1,Physical Good,Cor Coffee
2026-09-18,13:51:09,Central Time (US & Canada),Teas,Matcha Latte,1.0,Regular,,"Cinnamon Roll, Cold Foam, Iced, Whole",$7.00,$0.00,$7.00,$0.00,iPad,Payment,Cor Coffee,,ea,1,Physical Good,Cor Coffee
2026-09-18,13:44:52,Central Time (US & Canada),Espresso Drinks,Cappuccino,1.0,Regular,,"Regular, To go, Whole",$4.50,$0.00,$4.50,$0.00,iPad,Payment,Cor Coffee,,ea,1,Physical Good,Cor Coffee
2026-09-18,13:20:16,Central Time (US & Canada),Espresso Drinks,Latte,1.0,Regular,,"Regular, Iced, Whole, Cinnamon Roll",$5.50,$0.00,$5.50,$0.00,iPad,Payment,Cor Coffee,,ea,1,Physical Good,Cor Coffee
2026-09-18,13:16:04,Central Time (US & Canada),Teas,Matcha Latte,1.0,Regular,,"Add shot, To go, Iced, Whole",$6.50,$0.00,$6.50,$0.00,iPad,Payment,Cor Coffee,,ea,1,Physical Good,Cor Coffee
2026-09-18,13:06:30,Central Time (US & Canada),Espresso Drinks,Latte,1.0,Regular,,"Regular, Iced, Oat, Ganache, Cinnamon Roll, Cold Foam",$7.55,-$7.55,$0.00,$0.00,iPad,Payment,Cor Coffee,,ea,1,Physical Good,Cor Coffee
2026-09-18,13:04:04,Central Time (US & Canada),Espresso Drinks,Latte,1.0,Regular,,"Regular, To go, Hot, Oat, Vanilla",$6.05,$0.00,$6.05,$0.00,iPad,Payment,Cor Coffee,,ea,1,Physical Good,Cor Coffee
2026-09-18,13:02:51,Central Time (US & Canada),Espresso Drinks,Latte,1.0,Regular,,"Regular, To go, Hot, Whole, Ganache",$5.25,$0.00,$5.25,$0.00,iPad,Payment,Cor Coffee,,ea,1,Physical Good,Cor Coffee
2026-09-18,13:00:36,Central Time (US & Canada),Espresso Drinks,Espresso,1.0,Regular,,"Regular, Here",$3.25,$0.00,$3.25,$0.00,iPad,Payment,Cor Coffee,,ea,1,Physical Good,Cor Coffee
2026-09-18,13:00:36,Central Time (US & Canada),Teas,Tea,1.0,Regular,,Hot,$3.75,$0.00,$3.75,$0.00,iPad,Payment,Cor Coffee,,ea,1,Physical Good,Cor Coffee
2026-09-18,12:58:55,Central Time (US & Canada),Espresso Drinks,Latte,1.0,Regular,,"Regular, To go, Iced, Whole, Cinnamon Roll",$5.50,$0.00,$5.50,$0.00,iPad,Payment,Cor Coffee,,ea,1,Physical Good,Cor Coffee
2026-09-18,12:57:18,Central Time (US & Canada),Coffee Drinks,Coffee,1.0,Regular,,"To go, Whole",$3.00,$0.00,$3.00,$0.00,iPad,Payment,Cor Coffee,,ea,1,Physical Good,Cor Coffee
2026-09-18,12:55:22,Central Time (US & Canada),Espresso Drinks,Latte,1.0,Regular,,"Regular, To go, Hot, Whole, Cinnamon Roll",$5.50,$0.00,$5.50,$0.00,iPad,Payment,Cor Coffee,,ea,1,Physical Good,Cor Coffee
2026-09-18,12:54:22,Central Time (US & Canada),Espresso Drinks,Latte,1.0,Regular,,"Regular, To go, Hot, Oat, Cinnamon Roll",$6.30,$0.00,$6.30,$0.00,iPad,Payment,Cor Coffee,,ea,1,Physical Good,Cor Coffee
2026-09-18,12:52:20,Central Time (US & Canada),Espresso Drinks,Cortado,1.0,Regular,,"Regular, Here, Whole",$4.00,$0.00,$4.00,$0.00,iPad,Payment,Cor Coffee,,ea,1,Physical Good,Cor Coffee
2026-09-18,12:51:04,Central Time (US & Canada),Espresso Drinks,Latte,1.0,Regular,,"Regular, To go, Iced, Whole, Vanilla",$5.25,$0.00,$5.25,$0.00,iPad,Payment,Cor Coffee,,ea,1,Physical Good,Cor Coffee
2026-09-18,12:49:14,Central Time (US & Canada),Espresso Drinks,Cortado,1.0,Regular,,"Regular, To go, Whole, Cinnamon Roll",$4.75,$0.00,$4.75,$0.00,iPad,Payment,Cor Coffee,,ea,1,Physical Good,Cor Coffee
2026-09-18,12:46:49,Central Time (US & Canada),Espresso Drinks,Cortado,1.0,Regular,,"Regular, To go, Whole",$4.00,$0.00,$4.00,$0.00,iPad,Payment,Cor Coffee,,ea,1,Physical Good,Cor Coffee
2026-09-18,12:46:09,Central Time (US & Canada),Espresso Drinks,Americano,1.0,Regular,,"Regular, To go",$3.75,$0.00,$3.75,$0.00,iPad,Payment,Cor Coffee,,ea,1,Physical Good,Cor Coffee
2026-09-18,12:45:32,Central Time (US & Canada),Espresso Drinks,Americano,1.0,Regular,,"Regular, To go, Iced",$3.75,$0.00,$3.75,$0.00,iPad,Payment,Cor Coffee,,ea,1,Physical Good,Cor Coffee
2026-09-18,12:44:46,Central Time (US & Canada),Espresso Drinks,Mocha,1.0,Regular,,"Regular, Here, Iced, Whole",$5.25,$0.00,$5.25,$0.00,iPad,Payment,Cor Coffee,,ea,1,Physical Good,Cor Coffee
2026-09-18,12:43:55,Central Time (US & Canada),Teas,Matcha Latte,1.0,Regular,,"Blueberry, Here, Iced, Whole",$6.25,$0.00,$6.25,$0.00,iPad,Payment,Cor Coffee,,ea,1,Physical Good,Cor Coffee
2026-09-18,12:43:18,Central Time (US & Canada),Food,LiaP Cookie,1.0,Regular,,,$2.00,$0.00,$2.00,$0.00,iPad,Payment,Cor Coffee,,ea,1,Physical Good,Cor Coffee
2026-09-18,12:42:39,Central Time (US & Canada),Teas,Tea,1.0,Regular,,Iced,$3.75,$0.00,$3.75,$0.00,iPad,Payment,Cor Coffee,,ea,1,Physical Good,Cor Coffee
2026-09-18,12:41:38,Central Time (US & Canada),Teas,Matcha Latte,1.0,Regular,,"Lavender, To go, Iced, Whole",$6.00,$0.00,$6.00,$0.00,iPad,Payment,Cor Coffee,,ea,1,Physical Good,Cor Coffee
2026-09-18,12:41:38,Central Time (US & Canada),Food,LiaP Cookie,1.0,Regular,,,$2.00,$0.00,$2.00,$0.00,iPad,Payment,Cor Coffee,,ea,1,Physical Good,Cor Coffee
2026-09-18,11:46:49,Central Time (US & Canada),Espresso Drinks,Latte,1.0,Regular,,"Regular, To go, Iced, Whole, Add shot, Cinnamon Roll",$6.50,$0.00,$6.50,$0.00,iPad,Payment,Cor Coffee,,ea,1,Physical Good,Cor Coffee
2026-09-18,11:43:12,Central Time (US & Canada),Espresso Drinks,Latte,1.0,Regular,,"Regular, To go, Iced, Whole, Cold Foam",$5.50,-$2.75,$2.75,$0.00,iPad,Payment,Cor Coffee,,ea,1,Physical Good,Cor Coffee
2026-09-18,11:40:59,Central Time (US & Canada),Coffee Drinks,Cafe Au Lait,1.0,Regular,,"To go, Whole",$3.25,$0.00,$3.25,$0.00,iPad,Payment,Cor Coffee,,ea,1,Physical Good,Cor Coffee
2026-09-18,11:39:52,Central Time (US & Canada),Espresso Drinks,Mocha,1.0,Regular,,"Regular, To go, Iced, Whole",$5.25,$0.00,$5.25,$0.00,iPad,Payment,Cor Coffee,,ea,1,Physical Good,Cor Coffee
2026-09-18,11:33:27,Central Time (US & Canada),Teas,Tea,1.0,Regular,,Iced,$3.75,$0.00,$3.75,$0.00,iPad,Payment,Cor Coffee,,ea,1,Physical Good,Cor Coffee
2026-09-18,11:32:02,Central Time (US & Canada),Teas,Matcha Latte,1.0,Regular,,"To go, Iced, Whole",$5.50,$0.00,$5.50,$0.00,iPad,Payment,Cor Coffee,,ea,1,Physical Good,Cor Coffee
2026-09-18,11:31:11,Central Time (US & Canada),Other Drinks,Lemonade,1.0,Regular,,To go,$3.00,$0.00,$3.00,$0.00,iPad,Payment,Cor Coffee,,ea,1,Physical Good,Cor Coffee
2026-09-18,11:30:23,Central Time (US & Canada),Espresso Drinks,Latte,1.0,Regular,,"Regular, To go, Iced, Whole, Vanilla",$5.25,$0.00,$5.25,$0.00,iPad,Payment,Cor Coffee,,ea,1,Physical Good,Cor Coffee
2026-09-18,11:24:51,Central Time (US & Canada),Espresso Drinks,Latte,1.0,Regular,,"Regular, To go, Iced, Whole, Cinnamon Roll",$5.50,$0.00,$5.50,$0.00,iPad,Payment,Cor Coffee,,ea,1,Physical Good,Cor Coffee
2026-09-18,11:23:31,Central Time (US & Canada),Coffee Drinks,Coffee,2.0,Regular,,Here,$6.00,$0.00,$6.00,$0.00,iPad,Payment,Cor Coffee,,ea,2,Physical Good,Cor Coffee
2026-09-18,11:20:48,Central Time (US & Canada),Coffee Drinks,Cold Brew,1.0,Regular,,"Cinnamon Roll, Oat",$6.05,$0.00,$6.05,$0.00,iPad,Payment,Cor Coffee,,ea,1,Physical Good,Cor Coffee
2026-09-18,11:18:36,Central Time (US & Canada),Espresso Drinks,Latte,1.0,Regular,,"Regular, To go, Iced, Almond, Cinnamon Roll",$6.30,$0.00,$6.30,$0.00,iPad,Payment,Cor Coffee,,ea,1,Physical Good,Cor Coffee
2026-09-18,11:17:54,Central Time (US & Canada),Teas,Matcha Latte,1.0,Regular,,"Cinnamon Roll, Cold Foam, To go, Iced, Regular",$7.00,$0.00,$7.00,$0.00,iPad,Payment,Cor Coffee,,ea,1,Physical Good,Cor Coffee
2026-09-18,11:17:01,Central Time (US & Canada),Espresso Drinks,Mocha,1.0,Regular,,"Regular, To go, Iced, Whole",$5.25,$0.00,$5.25,$0.00,iPad,Payment,Cor Coffee,,ea,1,Physical Good,Cor Coffee
2026-09-18,11:16:31,Central Time (US & Canada),Teas,Chai Latte,1.0,Regular,,"To go, Iced, Whole",$5.25,$0.00,$5.25,$0.00,iPad,Payment,Cor Coffee,,ea,1,Physical Good,Cor Coffee
2026-09-18,11:15:58,Central Time (US & Canada),Teas,Matcha Latte,1.0,Regular,,"Lavender, To go, Whole, Regular",$6.00,$0.00,$6.00,$0.00,iPad,Payment,Cor Coffee,,ea,1,Physical Good,Cor Coffee
2026-09-18,11:15:03,Central Time (US & Canada),Espresso Drinks,Latte,1.0,Regular,,"Regular, To go, Iced, Whole, Vanilla",$5.25,$0.00,$5.25,$0.00,iPad,Payment,Cor Coffee,,ea,1,Physical Good,Cor Coffee
2026-09-18,11:06:55,Central Time (US & Canada),Espresso Drinks,Latte,1.0,Regular,,"Regular, To go, Iced, Cinnamon Roll",$5.50,$0.00,$5.50,$0.00,iPad,Payment,Cor Coffee,,ea,1,Physical Good,Cor Coffee
2026-09-18,11:06:55,Central Time (US & Canada),Espresso Drinks,Latte,1.0,Regular,,"Regular, To go, Iced",$4.75,$0.00,$4.75,$0.00,iPad,Payment,Cor Coffee,,ea,1,Physical Good,Cor Coffee
2026-09-18,11:05:08,Central Time (US & Canada),Espresso Drinks,Flat White,1.0,Regular,,Regular,$4.25,$0.00,$4.25,$0.00,iPad,Payment,Cor Coffee,,ea,1,Physical Good,Cor Coffee
2026-09-18,11:03:40,Central Time (US & Canada),Espresso Drinks,Latte,1.0,Regular,,"Regular, To go, Iced, Oat, Lavender",$6.05,$0.00,$6.05,$0.00,iPad,Payment,Cor Coffee,,ea,1,Physical Good,Cor Coffee
2026-09-18,11:02:28,Central Time (US & Canada),Coffee Drinks,Coffee,1.0,Regular,,,$3.00,$0.00,$3.00,$0.00,iPad,Payment,Cor Coffee,,ea,1,Physical Good,Cor Coffee
2026-09-18,11:01:56,Central Time (US & Canada),Espresso Drinks,Latte,1.0,Regular,,"Regular, To go, Iced, Whole, Cinnamon Roll, Cold Foam",$6.25,$0.00,$6.25,$0.00,iPad,Payment,Cor Coffee,,ea,1,Physical Good,Cor Coffee
2026-09-18,11:01:06,Central Time (US & Canada),Espresso Drinks,Latte,1.0,Regular,,"Regular, To go, Iced, Whole, Cinnamon Roll",$5.50,$0.00,$5.50,$0.00,iPad,Payment,Cor Coffee,,ea,1,Physical Good,Cor Coffee
2026-09-18,11:00:10,Central Time (US & Canada),Teas,Matcha Latte,1.0,Regular,,"To go, Iced, Whole, Regular",$5.50,$0.00,$5.50,$0.00,iPad,Payment,Cor Coffee,,ea,1,Physical Good,Cor Coffee
2026-09-18,10:59:24,Central Time (US & Canada),Teas,London Fog,2.0,Regular,,To go,$9.50,$0.00,$9.50,$0.00,iPad,Payment,Cor Coffee,,ea,2,Physical Good,Cor Coffee
2026-09-18,10:58:08,Central Time (US & Canada),Coffee Drinks,Coffee,1.0,Regular,,,$3.00,$0.00,$3.00,$0.00,iPad,Payment,Cor Coffee,,ea,1,Physical Good,Cor Coffee
2026-09-18,10:55:25,Central Time (US & Canada),Espresso Drinks,Latte,1.0,Regular,,"Regular, To go, Iced, Whole, Vanilla",$5.25,$0.00,$5.25,$0.00,iPad,Payment,Cor Coffee,,ea,1,Physical Good,Cor Coffee
2026-09-18,10:52:42,Central Time (US & Canada),Espresso Drinks,Latte,1.0,Regular,,"Regular, To go, Iced, Whole, Lavender",$5.25,$0.00,$5.25,$0.00,iPad,Payment,Cor Coffee,,ea,1,Physical Good,Cor Coffee
2026-09-18,10:51:25,Central Time (US & Canada),Coffee Drinks,Cold Brew,1.0,Regular,,Cold Foam,$5.25,$0.00,$5.25,$0.00,iPad,Payment,Cor Coffee,,ea,1,Physical Good,Cor Coffee
2026-09-18,10:50:29,Central Time (US & Canada),Espresso Drinks,Latte,1.0,Regular,,"Regular, To go, Iced, Oat",$5.55,$0.00,$5.55,$0.00,iPad,Payment,Cor Coffee,,ea,1,Physical Good,Cor Coffee
2026-09-18,10:49:42,Central Time (US & Canada),Espresso Drinks,Latte,1.0,Regular,,"Regular, Iced",$4.75,$0.00,$4.75,$0.00,iPad,Payment,Cor Coffee,,ea,1,Physical Good,Cor Coffee
2026-09-18,10:46:53,Central Time (US & Canada),Espresso Drinks,Latte,1.0,Regular,,"Regular, Here, Hot, Half&Half (breve)",$5.50,$0.00,$5.50,$0.00,iPad,Payment,Cor Coffee,,ea,1,Physical Good,Cor Coffee
2026-09-18,10:44:29,Central Time (US & Canada),Coffee Drinks,Cold Brew,1.0,Regular,,,$4.50,$0.00,$4.50,$0.00,iPad,Payment,Cor Coffee,,ea,1,Physical Good,Cor Coffee
2026-09-18,10:43:48,Central Time (US & Canada),Espresso Drinks,Latte,1.0,Regular,,"Regular, Here, Iced, Oat",$5.55,$0.00,$5.55,$0.00,iPad,Payment,Cor Coffee,,ea,1,Physical Good,Cor Coffee
2026-09-18,10:41:59,Central Time (US & Canada),Espresso Drinks,Latte,1.0,Regular,,"Regular, To go, Iced, Whole, Vanilla",$5.25,$0.00,$5.25,$0.00,iPad,Payment,Cor Coffee,,ea,1,Physical Good,Cor Coffee
2026-09-18,10:41:17,Central Time (US & Canada),Espresso Drinks,Mocha,1.0,Regular,,"Regular, Here, Hot",$5.25,$0.00,$5.25,$0.00,iPad,Payment,Cor Coffee,,ea,1,Physical Good,Cor Coffee
2026-09-18,10:39:47,Central Time (US & Canada),Espresso Drinks,Latte,1.0,Regular,,"Regular, To go, Iced, Whole, Cinnamon Roll",$5.50,-$5.50,$0.00,$0.00,iPad,Payment,Cor Coffee,,ea,1,Physical Good,Cor Coffee
2026-09-18,10:26:25,Central Time (US & Canada),Teas,Chai Latte,1.0,Regular,,"To go, Iced, Whole, Blueberry",$6.00,$0.00,$6.00,$0.00,iPad,Payment,Cor Coffee,,ea,1,Physical Good,Cor Coffee
2026-09-18,10:25:50,Central Time (US & Canada),Coffee Drinks,Cold Brew,1.0,Regular,,,$4.50,$0.00,$4.50,$0.00,iPad,Payment,Cor Coffee,,ea,1,Physical Good,Cor Coffee
2026-09-18,10:21:46,Central Time (US & Canada),Espresso Drinks,Latte,1.0,Regular,,"Regular, To go, Hot, Whole, Cinnamon Roll",$5.50,$0.00,$5.50,$0.00,iPad,Payment,Cor Coffee,,ea,1,Physical Good,Cor Coffee
2026-09-18,10:20:49,Central Time (US & Canada),Espresso Drinks,Latte,1.0,Regular,,"Regular, To go, Iced, Almond, Vanilla, Cinnamon Roll",$6.80,$0.00,$6.80,$0.00,iPad,Payment,Cor Coffee,,ea,1,Physical Good,Cor Coffee
2026-09-18,10:19:46,Central Time (US & Canada),Espresso Drinks,Latte,1.0,Regular,,"Regular, To go, Iced, Whole, Almond, Cinnamon Roll, Cold Foam",$7.05,$0.00,$7.05,$0.00,iPad,Payment,Cor Coffee,,ea,1,Physical Good,Cor Coffee
2026-09-18,10:17:54,Central Time (US & Canada),Teas,Matcha Latte,1.0,Regular,,"To go, Iced, Oat",$6.30,$0.00,$6.30,$0.00,iPad,Payment,Cor Coffee,,ea,1,Physical Good,Cor Coffee
2026-09-18,10:17:11,Central Time (US & Canada),Espresso Drinks,Latte,1.0,Regular,,"Regular, To go, Iced, Whole, Cinnamon Roll",$5.50,$0.00,$5.50,$0.00,iPad,Payment,Cor Coffee,,ea,1,Physical Good,Cor Coffee
2026-09-18,10:15:00,Central Time (US & Canada),Espresso Drinks,Latte,1.0,Regular,,"Regular, To go, Iced, Whole, Cinnamon Roll",$5.50,$0.00,$5.50,$0.00,iPad,Payment,Cor Coffee,,ea,1,Physical Good,Cor Coffee
2026-09-18,10:15:00,Central Time (US & Canada),Espresso Drinks,Latte,1.0,Regular,,"Regular, To go, Iced, Whole",$4.75,$0.00,$4.75,$0.00,iPad,Payment,Cor Coffee,,ea,1,Physical Good,Cor Coffee
2026-09-18,10:12:13,Central Time (US & Canada),Espresso Drinks,Latte,1.0,Regular,,"Regular, To go, Iced, Whole, Vanilla",$5.25,-$5.00,$0.25,$0.00,iPad,Payment,Cor Coffee,,ea,1,Physical Good,Cor Coffee
2026-09-18,10:10:05,Central Time (US & Canada),Espresso Drinks,Latte,1.0,Regular,,"Regular, To go, Iced, Whole, Cinnamon Roll",$5.50,$0.00,$5.50,$0.00,iPad,Payment,Cor Coffee,,ea,1,Physical Good,Cor Coffee
2026-09-18,10:09:15,Central Time (US & Canada),Espresso Drinks,Latte,1.0,Regular,,"Regular, To go, Iced, Whole, Cinnamon Roll",$5.50,$0.00,$5.50,$0.00,iPad,Payment,Cor Coffee,,ea,1,Physical Good,Cor Coffee
2026-09-18,10:05:37,Central Time (US & Canada),Teas,Matcha Latte,1.0,Regular,,"Cinnamon Roll, Cold Foam, To go, Iced, Whole, Regular",$7.00,$0.00,$7.00,$0.00,iPad,Payment,Cor Coffee,,ea,1,Physical Good,Cor Coffee
2026-09-18,10:04:09,Central Time (US & Canada),Espresso Drinks,Flat White,1.0,Regular,,"Regular, Here, Whole",$4.25,$0.00,$4.25,$0.00,iPad,Payment,Cor Coffee,,ea,1,Physical Good,Cor Coffee
2026-09-18,10:02:50,Central Time (US & Canada),Coffee Drinks,Cold Brew,1.0,Regular,,"Cinnamon Roll, Cold Foam",$6.00,$0.00,$6.00,$0.00,iPad,Payment,Cor Coffee,,ea,1,Physical Good,Cor Coffee
2026-09-18,10:01:59,Central Time (US & Canada),Coffee Drinks,Cold Brew,1.0,Regular,,"Cinnamon Roll, Cold Foam",$6.00,$0.00,$6.00,$0.00,iPad,Payment,Cor Coffee,,ea,1,Physical Good,Cor Coffee
2026-09-18,09:59:03,Central Time (US & Canada),Espresso Drinks,Espresso,1.0,Regular,,"Add shot, Regular",$4.25,$0.00,$4.25,$0.00,iPad,Payment,Cor Coffee,,ea,1,Physical Good,Cor Coffee
2026-09-18,09:58:11,Central Time (US & Canada),Espresso Drinks,Latte,1.0,Regular,,"Regular, Here, Hot, Whole, Cinnamon Roll",$5.50,$0.00,$5.50,$0.00,iPad,Payment,Cor Coffee,,ea,1,Physical Good,Cor Coffee
2026-09-18,09:57:09,Central Time (US & Canada),Espresso Drinks,Latte,1.0,Regular,,"Regular, To go, Hot, Whole",$4.75,$0.00,$4.75,$0.00,iPad,Payment,Cor Coffee,,ea,1,Physical Good,Cor Coffee
2026-09-18,09:56:15,Central Time (US & Canada),Espresso Drinks,Latte,1.0,Regular,,"Regular, To go, Iced, Whole, Lavender",$5.25,$0.00,$5.25,$0.00,iPad,Payment,Cor Coffee,,ea,1,Physical Good,Cor Coffee
2026-09-18,09:55:28,Central Time (US & Canada),Coffee Drinks,Cafe Au Lait,1.0,Regular,,,$3.25,$0.00,$3.25,$0.00,iPad,Payment,Cor Coffee,,ea,1,Physical Good,Cor Coffee
2026-09-18,09:52:06,Central Time (US & Canada),Coffee Drinks,Coffee,1.0,Regular,,Here,$3.00,$0.00,$3.00,$0.00,iPad,Payment,Cor Coffee,,ea,1,Physical Good,Cor Coffee
2026-09-18,09:52:06,Central Time (US & Canada),Espresso Drinks,Cortado,1.0,Regular,,Regular,$4.00,$0.00,$4.00,$0.00,iPad,Payment,Cor Coffee,,ea,1,Physical Good,Cor Coffee
2026-09-18,09:49:36,Central Time (US & Canada),Espresso Drinks,Latte,1.0,Regular,,"Regular, To go, Iced, Whole, Vanilla",$5.25,$0.00,$5.25,$0.00,iPad,Payment,Cor Coffee,,ea,1,Physical Good,Cor Coffee
2026-09-18,09:49:05,Central Time (US & Canada),Food,Taos Bar,1.0,Regular,,Blueberry Lemon (yellow),$2.00,$0.00,$2.00,$0.00,iPad,Payment,Cor Coffee,,ea,1,Physical Good,Cor Coffee
2026-09-18,09:49:05,Central Time (US & Canada),Espresso Drinks,Cappuccino,1.0,Regular,,Regular,$4.50,$0.00,$4.50,$0.00,iPad,Payment,Cor Coffee,,ea,1,Physical Good,Cor Coffee
2026-09-18,09:48:06,Central Time (US & Canada),Teas,Matcha Latte,1.0,Regular,,"Cinnamon Roll, To go, Iced, Soy, Sweet",$7.05,$0.00,$7.05,$0.00,iPad,Payment,Cor Coffee,,ea,1,Physical Good,Cor Coffee
2026-09-18,09:45:05,Central Time (US & Canada),Teas,London Fog,1.0,Regular,,"To go, Soy",$5.55,$0.00,$5.55,$0.00,iPad,Payment,Cor Coffee,,ea,1,Physical Good,Cor Coffee
2026-09-18,09:44:03,Central Time (US & Canada),Espresso Drinks,Latte,1.0,Regular,,"Regular, Here, Iced, Whole, Cinnamon Roll",$5.50,$0.00,$5.50,$0.00,iPad,Payment,Cor Coffee,,ea,1,Physical Good,Cor Coffee
2026-09-18,09:33:00,Central Time (US & Canada),Espresso Drinks,Cortado,1.0,Regular,,"Regular, Here",$4.00,$0.00,$4.00,$0.00,iPad,Payment,Cor Coffee,,ea,1,Physical Good,Cor Coffee
2026-09-18,09:28:17,Central Time (US & Canada),Espresso Drinks,Latte,1.0,Regular,,"Regular, Here, Iced, Whole, Vanilla",$5.25,$0.00,$5.25,$0.00,iPad,Payment,Cor Coffee,,ea,1,Physical Good,Cor Coffee
2026-09-18,09:24:00,Central Time (US & Canada),Espresso Drinks,Latte,1.0,Regular,,"Regular, Whole, Cinnamon Roll",$5.50,$0.00,$5.50,$0.00,iPad,Payment,Cor Coffee,,ea,1,Physical Good,Cor Coffee
2026-09-18,09:24:00,Central Time (US & Canada),Teas,Tea,1.0,Regular,,Hot,$3.75,$0.00,$3.75,$0.00,iPad,Payment,Cor Coffee,,ea,1,Physical Good,Cor Coffee
2026-09-18,09:19:18,Central Time (US & Canada),Espresso Drinks,Latte,1.0,Regular,,"Regular, Iced, Cinnamon Roll",$5.50,$0.00,$5.50,$0.00,iPad,Payment,Cor Coffee,,ea,1,Physical Good,Cor Coffee
2026-09-18,09:19:18,Central Time (US & Canada),Espresso Drinks,Latte,1.0,Regular,,"Regular, To go, Iced, Oat, Cinnamon Roll",$6.30,$0.00,$6.30,$0.00,iPad,Payment,Cor Coffee,,ea,1,Physical Good,Cor Coffee
2026-09-18,09:16:24,Central Time (US & Canada),Espresso Drinks,Latte,1.0,Regular,,"Regular, Iced, Soy, Vanilla",$6.05,$0.00,$6.05,$0.00,iPad,Payment,Cor Coffee,,ea,1,Physical Good,Cor Coffee
2026-09-18,09:15:49,Central Time (US & Canada),Teas,Tea,1.0,Regular,,Hot,$3.75,$0.00,$3.75,$0.00,iPad,Payment,Cor Coffee,,ea,1,Physical Good,Cor Coffee
2026-09-18,09:15:08,Central Time (US & Canada),Espresso Drinks,Latte,1.0,Regular,,"Regular, To go, Iced, Almond, Cinnamon Roll",$6.30,$0.00,$6.30,$0.00,iPad,Payment,Cor Coffee,,ea,1,Physical Good,Cor Coffee
2026-09-18,09:13:27,Central Time (US & Canada),Espresso Drinks,Latte,1.0,Regular,,"Regular, To go, Hot, Whole",$4.75,$0.00,$4.75,$0.00,iPad,Payment,Cor Coffee,,ea,1,Physical Good,Cor Coffee
2026-09-18,09:11:48,Central Time (US & Canada),Espresso Drinks,Latte,1.0,Regular,,"Regular, To go, Iced, Almond, Cinnamon Roll, Cold Foam",$7.05,-$7.05,$0.00,$0.00,iPad,Payment,Cor Coffee,,ea,1,Physical Good,Cor Coffee
2026-09-18,09:10:24,Central Time (US & Canada),Espresso Drinks,Latte,1.0,Regular,,"Regular, To go, Iced, Cinnamon Roll, Cold Foam",$6.25,-$6.25,$0.00,$0.00,iPad,Payment,Cor Coffee,,ea,1,Physical Good,Cor Coffee
2026-09-18,09:07:51,Central Time (US & Canada),Espresso Drinks,Cappuccino,1.0,Regular,,"Regular, To go, Oat",$5.30,$0.00,$5.30,$0.00,iPad,Payment,Cor Coffee,,ea,1,Physical Good,Cor Coffee
2026-09-18,09:06:52,Central Time (US & Canada),Teas,Chai Latte,1.0,Regular,,"To go, Iced, Oat, Vanilla",$6.55,$0.00,$6.55,$0.00,iPad,Payment,Cor Coffee,,ea,1,Physical Good,Cor Coffee
2026-09-18,09:04:47,Central Time (US & Canada),Espresso Drinks,Cappuccino,1.0,Regular,,"Regular, Here",$4.50,$0.00,$4.50,$0.00,iPad,Payment,Cor Coffee,,ea,1,Physical Good,Cor Coffee
2026-09-17,15:58:05,Central Time (US & Canada),Teas,Chai Latte,1.0,Regular,,"To go, Iced, Whole",$5.25,$0.00,$5.25,$0.00,iPad,Payment,Cor Coffee,,ea,1,Physical Good,Cor Coffee
2026-09-17,15:46:48,Central Time (US & Canada),Teas,Tea,2.0,Regular,,Hot,$7.50,$0.00,$7.50,$0.00,iPad,Payment,Cor Coffee,,ea,2,Physical Good,Cor Coffee
2026-09-17,15:46:48,Central Time (US & Canada),Food,Taos Bar,2.0,Regular,,Caramel (orange),$4.00,$0.00,$4.00,$0.00,iPad,Payment,Cor Coffee,,ea,2,Physical Good,Cor Coffee
2026-09-17,15:36:58,Central Time (US & Canada),Espresso Drinks,Mocha,1.0,Regular,,"Regular, To go, Hot, Whole",$5.25,$0.00,$5.25,$0.00,iPad,Payment,Cor Coffee,,ea,1,Physical Good,Cor Coffee
2026-09-17,15:34:00,Central Time (US & Canada),Espresso Drinks,Latte,1.0,Regular,,"Regular, To go, Hot, Half&Half (breve)",$5.50,$0.00,$5.50,$0.00,iPad,Payment,Cor Coffee,,ea,1,Physical Good,Cor Coffee
2026-09-17,15:25:13,Central Time (US & Canada),Food,Taos Bar,1.0,Regular,,Toasted Coconut (blue),$2.00,$0.00,$2.00,$0.00,iPad,Payment,Cor Coffee,,ea,1,Physical Good,Cor Coffee
2026-09-17,15:23:59,Central Time (US & Canada),Espresso Drinks,Cortado,1.0,Regular,,Regular,$4.00,$0.00,$4.00,$0.00,iPad,Payment,Cor Coffee,,ea,1,Physical Good,Cor Coffee
2026-09-17,15:17:07,Central Time (US & Canada),Teas,Matcha Latte,1.0,Regular,,"Vanilla, To go, Iced, Whole",$6.00,$0.00,$6.00,$0.00,iPad,Payment,Cor Coffee,,ea,1,Physical Good,Cor Coffee
2026-09-17,15:16:12,Central Time (US & Canada),Espresso Drinks,Latte,1.0,Regular,,"Regular, To go, Iced, Oat",$5.55,$0.00,$5.55,$0.00,iPad,Payment,Cor Coffee,,ea,1,Physical Good,Cor Coffee
2026-09-17,15:15:49,Central Time (US & Canada),Teas,Matcha Latte,1.0,Regular,,"To go, Iced, Oat, Regular",$6.30,$0.00,$6.30,$0.00,iPad,Payment,Cor Coffee,,ea,1,Physical Good,Cor Coffee
2026-09-17,15:14:23,Central Time (US & Canada),Teas,Tea,1.0,Regular,,,$3.75,$0.00,$3.75,$0.00,iPad,Payment,Cor Coffee,,ea,1,Physical Good,Cor Coffee
2026-09-17,15:13:56,Central Time (US & Canada),Espresso Drinks,Latte,3.0,Regular,,"Regular, To go, Iced, Whole",$14.25,-$7.12,$7.13,$0.00,iPad,Payment,Cor Coffee,,ea,3,Physical Good,Cor Coffee
2026-09-17,15:09:09,Central Time (US & Canada),Teas,Tea,1.0,Regular,,"Hot, To go",$3.75,$0.00,$3.75,$0.00,iPad,Payment,Cor Coffee,,ea,1,Physical Good,Cor Coffee
2026-09-17,15:02:40,Central Time (US & Canada),Espresso Drinks,Mocha,1.0,Regular,,"Regular, To go, Iced, Whole",$5.25,$0.00,$5.25,$0.00,iPad,Payment,Cor Coffee,,ea,1,Physical Good,Cor Coffee
2026-09-17,15:00:36,Central Time (US & Canada),Coffee Drinks,Cold Brew,1.0,Regular,,,$4.50,$0.00,$4.50,$0.00,iPad,Payment,Cor Coffee,,ea,1,Physical Good,Cor Coffee
2026-09-17,14:58:24,Central Time (US & Canada),Espresso Drinks,Americano,1.0,Regular,,Regular,$3.75,$0.00,$3.75,$0.00,iPad,Payment,Cor Coffee,,ea,1,Physical Good,Cor Coffee
2026-09-17,14:49:09,Central Time (US & Canada),Coffee Drinks,Cafe Au Lait,1.0,Regular,,"Here, Whole",$3.25,$0.00,$3.25,$0.00,iPad,Payment,Cor Coffee,,ea,1,Physical Good,Cor Coffee
2026-09-17,14:24:50,Central Time (US & Canada),Teas,Matcha Latte,1.0,Regular,,"To go, Iced, Whole, Regular",$5.50,-$5.50,$0.00,$0.00,iPad,Payment,Cor Coffee,,ea,1,Physical Good,Cor Coffee
2026-09-17,14:18:23,Central Time (US & Canada),Espresso Drinks,Flat White,1.0,Regular,,"Regular, To go, Whole",$4.25,$0.00,$4.25,$0.00,iPad,Payment,Cor Coffee,,ea,1,Physical Good,Cor Coffee
2026-09-17,14:17:16,Central Time (US & Canada),Espresso Drinks,Latte,1.0,Regular,,"Regular, To go, Iced, Almond, Vanilla",$6.05,$0.00,$6.05,$0.00,iPad,Payment,Cor Coffee,,ea,1,Physical Good,Cor Coffee
2026-09-17,14:05:18,Central Time (US & Canada),Espresso Drinks,Latte,1.0,Regular,,"Regular, Here, Hot, Oat, Cinnamon Roll",$6.30,$0.00,$6.30,$0.00,iPad,Payment,Cor Coffee,,ea,1,Physical Good,Cor Coffee
2026-09-17,14:00:55,Central Time (US & Canada),Espresso Drinks,Americano,1.0,Regular,,"Regular, To go, Iced",$3.75,$0.00,$3.75,$0.00,iPad,Payment,Cor Coffee,,ea,1,Physical Good,Cor Coffee
2026-09-17,13:55:20,Central Time (US & Canada),Espresso Drinks,Latte,1.0,Regular,,"Regular, To go, Iced, Whole",$4.75,$0.00,$4.75,$0.00,iPad,Payment,Cor Coffee,,ea,1,Physical Good,Cor Coffee
2026-09-17,13:55:20,Central Time (US & Canada),Espresso Drinks,Americano,1.0,Regular,,Regular,$3.75,$0.00,$3.75,$0.00,iPad,Payment,Cor Coffee,,ea,1,Physical Good,Cor Coffee
2026-09-17,13:53:02,Central Time (US & Canada),Teas,Chai Latte,1.0,Regular,,"Here, Iced, Oat",$6.05,-$6.05,$0.00,$0.00,iPad,Payment,Cor Coffee,,ea,1,Physical Good,Cor Coffee
2026-09-17,13:52:26,Central Time (US & Canada),Teas,Matcha Latte,1.0,Regular,,"To go, Iced, Whole",$5.50,$0.00,$5.50,$0.00,iPad,Payment,Cor Coffee,,ea,1,Physical Good,Cor Coffee
2026-09-17,13:47:21,Central Time (US & Canada),Coffee Drinks,Cold Brew,1.0,Regular,,,$4.50,$0.00,$4.50,$0.00,iPad,Payment,Cor Coffee,,ea,1,Physical Good,Cor Coffee
2026-09-17,13:44:27,Central Time (US & Canada),Teas,Matcha Latte,1.0,Regular,,"Lavender, To go, Iced, Whole",$6.00,$0.00,$6.00,$0.00,iPad,Payment,Cor Coffee,,ea,1,Physical Good,Cor Coffee
2026-09-17,13:43:44,Central Time (US & Canada),Espresso Drinks,Latte,1.0,Regular,,"Regular, To go, Iced, Whole, Cinnamon Roll",$5.50,$0.00,$5.50,$0.00,iPad,Payment,Cor Coffee,,ea,1,Physical Good,Cor Coffee
2026-09-17,13:38:41,Central Time (US & Canada),Teas,Tea,1.0,Regular,,,$3.75,$0.00,$3.75,$0.00,iPad,Payment,Cor Coffee,,ea,1,Physical Good,Cor Coffee
2026-09-17,13:33:57,Central Time (US & Canada),Espresso Drinks,Latte,1.0,Regular,,"Decaf, To go, Iced, Almond, Cinnamon Roll",$6.30,-$6.30,$0.00,$0.00,iPad,Payment,Cor Coffee,,ea,1,Physical Good,Cor Coffee
2026-09-17,13:31:42,Central Time (US & Canada),Espresso Drinks,Latte,1.0,Regular,,"Regular, To go, Hot, Whole",$4.75,$0.00,$4.75,$0.00,iPad,Payment,Cor Coffee,,ea,1,Physical Good,Cor Coffee
2026-09-17,13:31:11,Central Time (US & Canada),Espresso Drinks,Latte,1.0,Regular,,"Regular, Hot, Whole, Vanilla",$5.25,$0.00,$5.25,$0.00,iPad,Payment,Cor Coffee,,ea,1,Physical Good,Cor Coffee
2026-09-17,13:30:08,Central Time (US & Canada),Coffee Drinks,Coffee,1.0,Regular,,,$3.00,$0.00,$3.00,$0.00,iPad,Payment,Cor Coffee,,ea,1,Physical Good,Cor Coffee
2026-09-17,13:26:48,Central Time (US & Canada),Espresso Drinks,Latte,1.0,Regular,,Regular,$4.75,$0.00,$4.75,$0.00,iPad,Payment,Cor Coffee,,ea,1,Physical Good,Cor Coffee
2026-09-17,13:25:47,Central Time (US & Canada),Espresso Drinks,Espresso,1.0,Regular,,Regular,$3.25,$0.00,$3.25,$0.00,iPad,Payment,Cor Coffee,,ea,1,Physical Good,Cor Coffee
2026-09-17,13:18:29,Central Time (US & Canada),Other Drinks,Lemonade,1.0,Regular,,"To go, Blueberry",$3.75,$0.00,$3.75,$0.00,iPad,Payment,Cor Coffee,,ea,1,Physical Good,Cor Coffee
2026-09-17,13:15:43,Central Time (US & Canada),Espresso Drinks,Espresso,1.0,Regular,,Regular,$3.25,$0.00,$3.25,$0.00,iPad,Payment,Cor Coffee,,ea,1,Physical Good,Cor Coffee
2026-09-17,13:12:07,Central Time (US & Canada),Teas,Matcha Latte,1.0,Regular,,"Cinnamon Roll, To go, Iced, Whole",$6.25,$0.00,$6.25,$0.00,iPad,Payment,Cor Coffee,,ea,1,Physical Good,Cor Coffee
2026-09-17,13:10:33,Central Time (US & Canada),Espresso Drinks,Latte,1.0,Regular,,"Regular, To go, Iced, Whole, Cinnamon Roll, Cold Foam",$6.25,$0.00,$6.25,$0.00,iPad,Payment,Cor Coffee,,ea,1,Physical Good,Cor Coffee
2026-09-17,13:04:37,Central Time (US & Canada),Espresso Drinks,Cappuccino,1.0,Regular,,"Regular, To go, Whole",$4.50,$0.00,$4.50,$0.00,iPad,Payment,Cor Coffee,,ea,1,Physical Good,Cor Coffee
2026-09-17,13:02:16,Central Time (US & Canada),Espresso Drinks,Latte,1.0,Regular,,"Regular, To go, Iced, Oat",$5.55,$0.00,$5.55,$0.00,iPad,Payment,Cor Coffee,,ea,1,Physical Good,Cor Coffee
2026-09-17,12:58:53,Central Time (US & Canada),Espresso Drinks,Latte,1.0,Regular,,"Regular, To go, Iced, Half&Half (breve)",$5.50,$0.00,$5.50,$0.00,iPad,Payment,Cor Coffee,,ea,1,Physical Good,Cor Coffee
2026-09-17,12:56:54,Central Time (US & Canada),Coffee Drinks,Coffee,1.0,Regular,,,$3.00,$0.00,$3.00,$0.00,iPad,Payment,Cor Coffee,,ea,1,Physical Good,Cor Coffee
2026-09-17,12:49:14,Central Time (US & Canada),Teas,Matcha Latte,1.0,Regular,,"Here, Iced",$5.50,$0.00,$5.50,$0.00,iPad,Payment,Cor Coffee,,ea,1,Physical Good,Cor Coffee
2026-09-17,12:48:24,Central Time (US & Canada),Espresso Drinks,Latte,1.0,Regular,,"Regular, To go, Iced",$4.75,$0.00,$4.75,$0.00,iPad,Payment,Cor Coffee,,ea,1,Physical Good,Cor Coffee
2026-09-17,12:44:51,Central Time (US & Canada),Espresso Drinks,Latte,1.0,Regular,,"Regular, To go, Iced",$4.75,$0.00,$4.75,$0.00,iPad,Payment,Cor Coffee,,ea,1,Physical Good,Cor Coffee
2026-09-17,12:43:05,Central Time (US & Canada),Teas,Matcha Latte,1.0,Regular,,"Iced, Almond",$6.30,$0.00,$6.30,$0.00,iPad,Payment,Cor Coffee,,ea,1,Physical Good,Cor Coffee
2026-09-17,12:41:41,Central Time (US & Canada),Espresso Drinks,Cappuccino,1.0,Regular,,"Regular, Coconut",$5.30,$0.00,$5.30,$0.00,iPad,Payment,Cor Coffee,,ea,1,Physical Good,Cor Coffee
2026-09-17,12:37:26,Central Time (US & Canada),Espresso Drinks,Latte,1.0,Regular,,"Regular, Iced, Cinnamon Roll",$5.50,$0.00,$5.50,$0.00,iPad,Payment,Cor Coffee,,ea,1,Physical Good,Cor Coffee
2026-09-17,12:35:30,Central Time (US & Canada),Teas,Chai Latte,1.0,Regular,,"To go, Iced",$5.25,-$5.25,$0.00,$0.00,iPad,Payment,Cor Coffee,,ea,1,Physical Good,Cor Coffee
2026-09-17,12:33:12,Central Time (US & Canada),Espresso Drinks,Cortado,1.0,Regular,,"Regular, To go, Coconut",$4.80,$0.00,$4.80,$0.00,iPad,Payment,Cor Coffee,,ea,1,Physical Good,Cor Coffee
2026-09-17,12:31:33,Central Time (US & Canada),Espresso Drinks,Americano,1.0,Regular,,"Regular, Iced",$3.75,$0.00,$3.75,$0.00,iPad,Payment,Cor Coffee,,ea,1,Physical Good,Cor Coffee
2026-09-17,12:30:47,Central Time (US & Canada),Espresso Drinks,Latte,1.0,Regular,,"Regular, Iced, Coconut",$5.55,$0.00,$5.55,$0.00,iPad,Payment,Cor Coffee,,ea,1,Physical Good,Cor Coffee
2026-09-17,12:28:57,Central Time (US & Canada),Teas,Matcha Latte,1.0,Regular,,"To go, Iced",$5.50,$0.00,$5.50,$0.00,iPad,Payment,Cor Coffee,,ea,1,Physical Good,Cor Coffee
2026-09-17,12:26:31,Central Time (US & Canada),Teas,Tea,1.0,Regular,,,$3.75,$0.00,$3.75,$0.00,iPad,Payment,Cor Coffee,,ea,1,Physical Good,Cor Coffee
2026-09-17,12:25:33,Central Time (US & Canada),Teas,Matcha Latte,1.0,Regular,,"Blueberry, To go, Iced, Oat, Regular",$7.05,$0.00,$7.05,$0.00,iPad,Payment,Cor Coffee,,ea,1,Physical Good,Cor Coffee
2026-09-17,12:23:36,Central Time (US & Canada),Espresso Drinks,Latte,1.0,Regular,,"Regular, To go, Iced, Whole",$4.75,$0.00,$4.75,$0.00,iPad,Payment,Cor Coffee,,ea,1,Physical Good,Cor Coffee
2026-09-17,12:22:11,Central Time (US & Canada),Espresso Drinks,Latte,1.0,Regular,,"Regular, To go, Iced, Whole, Cinnamon Roll",$5.50,$0.00,$5.50,$0.00,iPad,Payment,Cor Coffee,,ea,1,Physical Good,Cor Coffee
2026-09-17,12:21:03,Central Time (US & Canada),Coffee Drinks,Cold Brew,1.0,Regular,,,$4.50,$0.00,$4.50,$0.00,iPad,Payment,Cor Coffee,,ea,1,Physical Good,Cor Coffee
2026-09-17,12:15:32,Central Time (US & Canada),Espresso Drinks,Latte,1.0,Regular,,"Regular, To go, Iced, Oat, Cinnamon Roll, Cold Foam",$7.05,$0.00,$7.05,$0.00,iPad,Payment,Cor Coffee,,ea,1,Physical Good,Cor Coffee
2026-09-17,12:05:46,Central Time (US & Canada),Espresso Drinks,Latte,1.0,Regular,,"Regular, To go, Iced, Oat, Cinnamon Roll, Cold Foam",$7.05,$0.00,$7.05,$0.00,iPad,Payment,Cor Coffee,,ea,1,Physical Good,Cor Coffee
2026-09-17,12:05:00,Central Time (US & Canada),Espresso Drinks,Latte,1.0,Regular,,"Regular, To go, Iced, Oat, Vanilla",$6.05,$0.00,$6.05,$0.00,iPad,Payment,Cor Coffee,,ea,1,Physical Good,Cor Coffee
2026-09-17,12:03:35,Central Time (US & Canada),Espresso Drinks,Latte,1.0,Regular,,"Regular, To go, Iced, Whole, Cinnamon Roll",$5.50,$0.00,$5.50,$0.00,iPad,Payment,Cor Coffee,,ea,1,Physical Good,Cor Coffee
2026-09-17,12:00:32,Central Time (US & Canada),Teas,London Fog,1.0,Regular,,,$4.75,$0.00,$4.75,$0.00,iPad,Payment,Cor Coffee,,ea,1,Physical Good,Cor Coffee
2026-09-17,11:59:38,Central Time (US & Canada),Other Drinks,Lemonade,1.0,Regular,,,$3.00,$0.00,$3.00,$0.00,iPad,Payment,Cor Coffee,,ea,1,Physical Good,Cor Coffee
2026-09-17,11:59:08,Central Time (US & Canada),Espresso Drinks,Latte,1.0,Regular,,"Regular, Iced, Oat, Cinnamon Roll",$6.30,$0.00,$6.30,$0.00,iPad,Payment,Cor Coffee,,ea,1,Physical Good,Cor Coffee
2026-09-17,11:53:04,Central Time (US & Canada),Espresso Drinks,Mocha,1.0,Regular,,"Decaf, To go, Iced, Whole",$5.25,$0.00,$5.25,$0.00,iPad,Payment,Cor Coffee,,ea,1,Physical Good,Cor Coffee
2026-09-17,11:48:20,Central Time (US & Canada),Teas,Matcha Latte,1.0,Regular,,"Cinnamon Roll, Cold Foam, To go, Iced, Whole, Regular",$7.00,$0.00,$7.00,$0.00,iPad,Payment,Cor Coffee,,ea,1,Physical Good,Cor Coffee
2026-09-17,11:39:38,Central Time (US & Canada),Teas,Matcha Latte,1.0,Regular,,"Vanilla, Cold Foam, To go, Iced, Almond, Regular",$7.55,$0.00,$7.55,$0.00,iPad,Payment,Cor Coffee,,ea,1,Physical Good,Cor Coffee
2026-09-17,11:35:23,Central Time (US & Canada),Teas,Matcha Latte,1.0,Regular,,"Lavender, To go, Iced, Coconut, Regular",$6.80,$0.00,$6.80,$0.00,iPad,Payment,Cor Coffee,,ea,1,Physical Good,Cor Coffee
2026-09-17,11:31:41,Central Time (US & Canada),Espresso Drinks,Latte,1.0,Regular,,"Regular, To go, Iced, Oat, Vanilla",$6.05,$0.00,$6.05,$0.00,iPad,Payment,Cor Coffee,,ea,1,Physical Good,Cor Coffee
2026-09-17,11:18:20,Central Time (US & Canada),Espresso Drinks,Latte,1.0,Regular,,"Regular, Oat, Cinnamon Roll",$6.30,$0.00,$6.30,$0.00,iPad,Payment,Cor Coffee,,ea,1,Physical Good,Cor Coffee
2026-09-17,11:15:10,Central Time (US & Canada),Espresso Drinks,Mocha,1.0,Regular,,"Regular, To go, Iced, Whole, Vanilla, Cold Foam",$6.50,$0.00,$6.50,$0.00,iPad,Payment,Cor Coffee,,ea,1,Physical Good,Cor Coffee
2026-09-17,11:14:15,Central Time (US & Canada),Espresso Drinks,Latte,1.0,Regular,,"Regular, To go, Iced, Oat, Vanilla, Cold Foam",$6.80,$0.00,$6.80,$0.00,iPad,Payment,Cor Coffee,,ea,1,Physical Good,Cor Coffee
2026-09-17,11:11:23,Central Time (US & Canada),Espresso Drinks,Americano,1.0,Regular,,"Regular, Vanilla, Oat",$5.05,$0.00,$5.05,$0.00,iPad,Payment,Cor Coffee,,ea,1,Physical Good,Cor Coffee
2026-09-17,11:10:22,Central Time (US & Canada),Espresso Drinks,Flat White,1.0,Regular,,"Regular, Whole",$4.25,$0.00,$4.25,$0.00,iPad,Payment,Cor Coffee,,ea,1,Physical Good,Cor Coffee
2026-09-17,11:09:44,Central Time (US & Canada),Teas,Tea,1.0,Regular,,,$3.75,$0.00,$3.75,$0.00,iPad,Payment,Cor Coffee,,ea,1,Physical Good,Cor Coffee
2026-09-17,11:08:39,Central Time (US & Canada),Espresso Drinks,Latte,1.0,Regular,,"Regular, Hot, Half&Half (breve), Vanilla",$6.00,$0.00,$6.00,$0.00,iPad,Payment,Cor Coffee,,ea,1,Physical Good,Cor Coffee
2026-09-17,11:07:54,Central Time (US & Canada),Espresso Drinks,Latte,1.0,Regular,,"Regular, Blueberry",$5.50,$0.00,$5.50,$0.00,iPad,Payment,Cor Coffee,,ea,1,Physical Good,Cor Coffee
2026-09-17,11:06:41,Central Time (US & Canada),Espresso Drinks,Mocha,1.0,Regular,,"Regular, Cold Foam",$6.00,$0.00,$6.00,$0.00,iPad,Payment,Cor Coffee,,ea,1,Physical Good,Cor Coffee
2026-09-17,11:04:45,Central Time (US & Canada),Coffee Drinks,Cold Brew,1.0,Regular,,"Vanilla, Cold Foam",$5.75,$0.00,$5.75,$0.00,iPad,Payment,Cor Coffee,,ea,1,Physical Good,Cor Coffee
2026-09-17,11:00:44,Central Time (US & Canada),Espresso Drinks,Latte,1.0,Regular,,"Regular, To go, Iced, Whole, Add shot, Cinnamon Roll",$6.50,$0.00,$6.50,$0.00,iPad,Payment,Cor Coffee,,ea,1,Physical Good,Cor Coffee
2026-09-17,10:59:37,Central Time (US & Canada),Coffee Drinks,Cold Brew,1.0,Regular,,"To go, Vanilla, Blueberry, Cold Foam",$6.50,$0.00,$6.50,$0.00,iPad,Payment,Cor Coffee,,ea,1,Physical Good,Cor Coffee
2026-09-17,10:59:02,Central Time (US & Canada),Espresso Drinks,Latte,1.0,Regular,,"Regular, To go, Iced, Oat",$5.55,$0.00,$5.55,$0.00,iPad,Payment,Cor Coffee,,ea,1,Physical Good,Cor Coffee
2026-09-17,10:58:38,Central Time (US & Canada),Teas,Matcha Latte,1.0,Regular,,"Lavender, To go, Iced, Whole, Regular",$6.00,$0.00,$6.00,$0.00,iPad,Payment,Cor Coffee,,ea,1,Physical Good,Cor Coffee
2026-09-17,10:58:05,Central Time (US & Canada),Espresso Drinks,Latte,1.0,Regular,,"Regular, To go, Iced, Whole, Cinnamon Roll",$5.50,$0.00,$5.50,$0.00,iPad,Payment,Cor Coffee,,ea,1,Physical Good,Cor Coffee
2026-09-17,10:56:53,Central Time (US & Canada),Espresso Drinks,Latte,1.0,Regular,,"Regular, To go, Iced, Almond, Vanilla",$6.05,-$6.05,$0.00,$0.00,iPad,Payment,Cor Coffee,,ea,1,Physical Good,Cor Coffee
2026-09-17,10:56:13,Central Time (US & Canada),Espresso Drinks,Cortado,1.0,Regular,,"Regular, To go",$4.00,$0.00,$4.00,$0.00,iPad,Payment,Cor Coffee,,ea,1,Physical Good,Cor Coffee
2026-09-17,10:55:06,Central Time (US & Canada),Teas,Matcha Latte,1.0,Regular,,"To go, Iced, Whole",$5.50,$0.00,$5.50,$0.00,iPad,Payment,Cor Coffee,,ea,1,Physical Good,Cor Coffee
2026-09-17,10:53:01,Central Time (US & Canada),Coffee Drinks,Cafe Au Lait,1.0,Regular,,"To go, Soy",$4.05,$0.00,$4.05,$0.00,iPad,Payment,Cor Coffee,,ea,1,Physical Good,Cor Coffee
2026-09-17,10:51:46,Central Time (US & Canada),Coffee Drinks,Cold Brew,1.0,Regular,,,$4.50,$0.00,$4.50,$0.00,iPad,Payment,Cor Coffee,,ea,1,Physical Good,Cor Coffee
2026-09-17,10:51:12,Central Time (US & Canada),Espresso Drinks,Cappuccino,1.0,Regular,,"Regular, Cinnamon Roll",$5.25,$0.00,$5.25,$0.00,iPad,Payment,Cor Coffee,,ea,1,Physical Good,Cor Coffee
2026-09-17,10:49:42,Central Time (US & Canada),Espresso Drinks,Cappuccino,1.0,Regular,,"Regular, Cinnamon Roll",$5.25,$0.00,$5.25,$0.00,iPad,Payment,Cor Coffee,,ea,1,Physical Good,Cor Coffee
2026-09-17,10:45:34,Central Time (US & Canada),Teas,Chai Latte,1.0,Regular,,Oat,$6.05,$0.00,$6.05,$0.00,iPad,Payment,Cor Coffee,,ea,1,Physical Good,Cor Coffee
2026-09-17,10:44:32,Central Time (US & Canada),Espresso Drinks,Latte,1.0,Regular,,"Regular, Oat, Lavender",$6.05,$0.00,$6.05,$0.00,iPad,Payment,Cor Coffee,,ea,1,Physical Good,Cor Coffee
2026-09-17,10:43:03,Central Time (US & Canada),Coffee Drinks,Cold Brew,1.0,Regular,,"To go, Cinnamon Roll",$5.25,$0.00,$5.25,$0.00,iPad,Payment,Cor Coffee,,ea,1,Physical Good,Cor Coffee
2026-09-17,10:41:32,Central Time (US & Canada),Espresso Drinks,Latte,1.0,Regular,,"Regular, To go, Iced, Whole, Cinnamon Roll",$5.50,$0.00,$5.50,$0.00,iPad,Payment,Cor Coffee,,ea,1,Physical Good,Cor Coffee
2026-09-17,10:39:14,Central Time (US & Canada),Espresso Drinks,Latte,1.0,Regular,,"Regular, To go, Iced, Whole, Cinnamon Roll",$5.50,$0.00,$5.50,$0.00,iPad,Payment,Cor Coffee,,ea,1,Physical Good,Cor Coffee
2026-09-17,10:38:14,Central Time (US & Canada),Teas,Matcha Latte,1.0,Regular,,"To go, Iced, Whole, Regular",$5.50,-$2.75,$2.75,$0.00,iPad,Payment,Cor Coffee,,ea,1,Physical Good,Cor Coffee
2026-09-17,10:31:39,Central Time (US & Canada),Teas,Chai Latte,1.0,Regular,,"Iced, Whole, Cinnamon Roll",$6.00,$0.00,$6.00,$0.00,iPad,Payment,Cor Coffee,,ea,1,Physical Good,Cor Coffee
2026-09-17,10:30:29,Central Time (US & Canada),Espresso Drinks,Latte,1.0,Regular,,"Regular, To go, Iced, Soy, Vanilla",$6.05,$0.00,$6.05,$0.00,iPad,Payment,Cor Coffee,,ea,1,Physical Good,Cor Coffee
2026-09-17,10:18:12,Central Time (US & Canada),Espresso Drinks,Latte,1.0,Regular,,"Regular, Oat, Lavender",$6.05,$0.00,$6.05,$0.00,iPad,Payment,Cor Coffee,,ea,1,Physical Good,Cor Coffee
2026-09-17,10:10:37,Central Time (US & Canada),Espresso Drinks,Latte,1.0,Regular,,"Regular, Whole, Blueberry, Cold Foam",$6.25,$0.00,$6.25,$0.00,iPad,Payment,Cor Coffee,,ea,1,Physical Good,Cor Coffee
2026-09-17,10:09:07,Central Time (US & Canada),Espresso Drinks,Cortado,1.0,Regular,,Regular,$4.00,$0.00,$4.00,$0.00,iPad,Payment,Cor Coffee,,ea,1,Physical Good,Cor Coffee
2026-09-17,10:06:09,Central Time (US & Canada),Espresso Drinks,Latte,1.0,Regular,,"Regular, Whole, Cinnamon Roll",$5.50,$0.00,$5.50,$0.00,iPad,Payment,Cor Coffee,,ea,1,Physical Good,Cor Coffee
2026-09-17,09:56:07,Central Time (US & Canada),Espresso Drinks,Latte,1.0,Regular,,"Regular, To go, Iced, Whole, Cinnamon Roll, Cold Foam",$6.25,$0.00,$6.25,$0.00,iPad,Payment,Cor Coffee,,ea,1,Physical Good,Cor Coffee
2026-09-17,09:52:37,Central Time (US & Canada),Espresso Drinks,Latte,1.0,Regular,,"Regular, To go, Iced, Whole, Vanilla",$5.25,$0.00,$5.25,$0.00,iPad,Payment,Cor Coffee,,ea,1,Physical Good,Cor Coffee
2026-09-17,09:50:07,Central Time (US & Canada),Espresso Drinks,Latte,1.0,Regular,,"Regular, To go, Iced, Whole, Cinnamon Roll",$5.50,$0.00,$5.50,$0.00,iPad,Payment,Cor Coffee,,ea,1,Physical Good,Cor Coffee
2026-09-17,09:44:36,Central Time (US & Canada),Espresso Drinks,Latte,1.0,Regular,,"Regular, To go, Iced, Whole, Vanilla",$5.25,$0.00,$5.25,$0.00,iPad,Payment,Cor Coffee,,ea,1,Physical Good,Cor Coffee
2026-09-17,09:42:40,Central Time (US & Canada),Espresso Drinks,Americano,1.0,Regular,,"Regular, To go, Iced, Add shot, Cinnamon Roll, Cold Foam",$6.25,$0.00,$6.25,$0.00,iPad,Payment,Cor Coffee,,ea,1,Physical Good,Cor Coffee
2026-09-17,09:36:03,Central Time (US & Canada),Espresso Drinks,Latte,1.0,Regular,,"Regular, Cinnamon Roll",$5.50,$0.00,$5.50,$0.00,iPad,Payment,Cor Coffee,,ea,1,Physical Good,Cor Coffee
2026-09-17,09:28:58,Central Time (US & Canada),Espresso Drinks,Americano,1.0,Regular,,Half-Caf,$3.75,$0.00,$3.75,$0.00,iPad,Payment,Cor Coffee,,ea,1,Physical Good,Cor Coffee
2026-09-17,09:21:58,Central Time (US & Canada),Espresso Drinks,Mocha,1.0,Regular,,Regular,$5.25,$0.00,$5.25,$0.00,iPad,Payment,Cor Coffee,,ea,1,Physical Good,Cor Coffee
2026-09-17,09:20:40,Central Time (US & Canada),Teas,Matcha Latte,2.0,Regular,,Cinnamon Roll,$12.50,$0.00,$12.50,$0.00,iPad,Payment,Cor Coffee,,ea,2,Physical Good,Cor Coffee
2026-09-17,09:19:58,Central Time (US & Canada),Teas,Matcha Latte,1.0,Regular,,"Cinnamon Roll, Whole",$6.25,$0.00,$6.25,$0.00,iPad,Payment,Cor Coffee,,ea,1,Physical Good,Cor Coffee
2026-09-17,09:13:51,Central Time (US & Canada),Coffee Drinks,Coffee,1.0,Regular,,,$3.00,$0.00,$3.00,$0.00,iPad,Payment,Cor Coffee,,ea,1,Physical Good,Cor Coffee
2026-09-17,09:12:11,Central Time (US & Canada),Espresso Drinks,Latte,1.0,Regular,,"Regular, Vanilla",$5.25,$0.00,$5.25,$0.00,iPad,Payment,Cor Coffee,,ea,1,Physical Good,Cor Coffee
2026-09-17,09:06:02,Central Time (US & Canada),Coffee Drinks,Coffee,1.0,Regular,,,$3.00,$0.00,$3.00,$0.00,iPad,Payment,Cor Coffee,,ea,1,Physical Good,Cor Coffee
2026-09-17,09:04:40,Central Time (US & Canada),Teas,Chai Latte,1.0,Regular,,"Iced, Oat, Vanilla",$6.55,$0.00,$6.55,$0.00,iPad,Payment,Cor Coffee,,ea,1,Physical Good,Cor Coffee
2026-09-16,15:55:57,Central Time (US & Canada),Coffee Drinks,Coffee,1.0,Regular,,To go,$3.00,$0.00,$3.00,$0.00,iPad,Payment,Cor Coffee,,ea,1,Physical Good,Cor Coffee
2026-09-16,15:55:57,Central Time (US & Canada),Espresso Drinks,Latte,1.0,Regular,,"Regular, To go, Iced, Oat, Lavender",$6.05,$0.00,$6.05,$0.00,iPad,Payment,Cor Coffee,,ea,1,Physical Good,Cor Coffee
2026-09-16,15:40:41,Central Time (US & Canada),Teas,Chai Latte,1.0,Regular,,"To go, Iced, Whole, Vanilla, Cold Foam",$6.50,$0.00,$6.50,$0.00,iPad,Payment,Cor Coffee,,ea,1,Physical Good,Cor Coffee
2026-09-16,15:39:34,Central Time (US & Canada),Espresso Drinks,Latte,1.0,Regular,,"Regular, To go, Iced, Oat, Cinnamon Roll",$6.30,$0.00,$6.30,$0.00,iPad,Payment,Cor Coffee,,ea,1,Physical Good,Cor Coffee
2026-09-16,15:38:13,Central Time (US & Canada),Espresso Drinks,Americano,1.0,Regular,,"Regular, To go, Iced",$3.75,$0.00,$3.75,$0.00,iPad,Payment,Cor Coffee,,ea,1,Physical Good,Cor Coffee
2026-09-16,15:25:28,Central Time (US & Canada),Espresso Drinks,Latte,1.0,Regular,,"Regular, To go, Iced, Oat, Cinnamon Roll",$6.30,$0.00,$6.30,$0.00,iPad,Payment,Cor Coffee,,ea,1,Physical Good,Cor Coffee
2026-09-16,15:24:32,Central Time (US & Canada),Espresso Drinks,Latte,1.0,Regular,,"Regular, Here, Iced, Oat, Cinnamon Roll",$6.30,$0.00,$6.30,$0.00,iPad,Payment,Cor Coffee,,ea,1,Physical Good,Cor Coffee
2026-09-16,15:22:38,Central Time (US & Canada),Espresso Drinks,Latte,1.0,Regular,,"Regular, To go, Iced, Oat, Cinnamon Roll",$6.30,-$3.15,$3.15,$0.00,iPad,Payment,Cor Coffee,,ea,1,Physical Good,Cor Coffee
2026-09-16,15:18:41,Central Time (US & Canada),Espresso Drinks,Latte,1.0,Regular,,"Regular, To go, Iced, Whole, Cinnamon Roll",$5.50,$0.00,$5.50,$0.00,iPad,Payment,Cor Coffee,,ea,1,Physical Good,Cor Coffee
2026-09-16,15:18:02,Central Time (US & Canada),Espresso Drinks,Latte,1.0,Regular,,"Regular, To go, Iced, Whole, Vanilla, Cinnamon Roll",$6.00,$0.00,$6.00,$0.00,iPad,Payment,Cor Coffee,,ea,1,Physical Good,Cor Coffee
2026-09-16,15:16:18,Central Time (US & Canada),Teas,Chai Latte,1.0,Regular,,"Iced, Whole, Cold Foam",$6.00,$0.00,$6.00,$0.00,iPad,Payment,Cor Coffee,,ea,1,Physical Good,Cor Coffee
2026-09-16,15:08:13,Central Time (US & Canada),Teas,Tea,1.0,Regular,,,$3.75,$0.00,$3.75,$0.00,iPad,Payment,Cor Coffee,,ea,1,Physical Good,Cor Coffee
2026-09-16,15:06:52,Central Time (US & Canada),Espresso Drinks,Cortado,1.0,Regular,,"Regular, To go, Whole",$4.00,$0.00,$4.00,$0.00,iPad,Payment,Cor Coffee,,ea,1,Physical Good,Cor Coffee
2026-09-16,15:01:49,Central Time (US & Canada),Espresso Drinks,Latte,1.0,Regular,,"Regular, To go, Iced, Whole, Cinnamon Roll",$5.50,$0.00,$5.50,$0.00,iPad,Payment,Cor Coffee,,ea,1,Physical Good,Cor Coffee
2026-09-16,14:58:52,Central Time (US & Canada),Other Drinks,Lemonade,1.0,Regular,,To go,$3.00,$0.00,$3.00,$0.00,iPad,Payment,Cor Coffee,,ea,1,Physical Good,Cor Coffee
2026-09-16,14:57:26,Central Time (US & Canada),Teas,Matcha Latte,1.0,Regular,,"Here, Iced, Whole, Regular",$5.50,$0.00,$5.50,$0.00,iPad,Payment,Cor Coffee,,ea,1,Physical Good,Cor Coffee
2026-09-16,14:55:56,Central Time (US & Canada),Espresso Drinks,Mocha,1.0,Regular,,"Regular, Iced, Whole",$5.25,$0.00,$5.25,$0.00,iPad,Payment,Cor Coffee,,ea,1,Physical Good,Cor Coffee
2026-09-16,14:55:14,Central Time (US & Canada),Espresso Drinks,Latte,1.0,Regular,,"Regular, To go, Hot, Whole, Vanilla",$5.25,$0.00,$5.25,$0.00,iPad,Payment,Cor Coffee,,ea,1,Physical Good,Cor Coffee
2026-09-16,14:54:30,Central Time (US & Canada),Espresso Drinks,Latte,1.0,Regular,,"Regular, To go, Iced, Whole, Vanilla, Cold Foam",$6.00,$0.00,$6.00,$0.00,iPad,Payment,Cor Coffee,,ea,1,Physical Good,Cor Coffee
2026-09-16,14:53:54,Central Time (US & Canada),Espresso Drinks,Latte,1.0,Regular,,"Regular, To go, Iced, Soy, Vanilla",$6.05,$0.00,$6.05,$0.00,iPad,Payment,Cor Coffee,,ea,1,Physical Good,Cor Coffee
2026-09-16,14:52:52,Central Time (US & Canada),Coffee Drinks,Coffee,1.0,Regular,,To go,$3.00,$0.00,$3.00,$0.00,iPad,Payment,Cor Coffee,,ea,1,Physical Good,Cor Coffee
2026-09-16,14:47:24,Central Time (US & Canada),Coffee Drinks,Cold Brew,1.0,Regular,,Here,$4.50,$0.00,$4.50,$0.00,iPad,Payment,Cor Coffee,,ea,1,Physical Good,Cor Coffee
2026-09-16,14:46:37,Central Time (US & Canada),Teas,Chai Latte,1.0,Regular,,"To go, Iced, Whole",$5.25,$0.00,$5.25,$0.00,iPad,Payment,Cor Coffee,,ea,1,Physical Good,Cor Coffee
2026-09-16,14:40:30,Central Time (US & Canada),Espresso Drinks,Latte,1.0,Regular,,"Regular, To go, Hot, Coconut, Cinnamon Roll",$6.30,$0.00,$6.30,$0.00,iPad,Payment,Cor Coffee,,ea,1,Physical Good,Cor Coffee
2026-09-16,14:33:51,Central Time (US & Canada),Espresso Drinks,Latte,2.0,Regular,,"Regular, To go, Iced, Oat, Cinnamon Roll, Cold Foam",$14.10,$0.00,$14.10,$0.00,iPad,Payment,Cor Coffee,,ea,2,Physical Good,Cor Coffee
2026-09-16,14:30:56,Central Time (US & Canada),Espresso Drinks,Cappuccino,1.0,Regular,,"Regular, To go, Whole, Cinnamon Roll",$5.25,$0.00,$5.25,$0.00,iPad,Payment,Cor Coffee,,ea,1,Physical Good,Cor Coffee
2026-09-16,14:22:04,Central Time (US & Canada),Teas,Tea,1.0,Regular,,"Iced, Blueberry",$4.50,-$2.25,$2.25,$0.00,iPad,Payment,Cor Coffee,,ea,1,Physical Good,Cor Coffee
2026-09-16,14:12:38,Central Time (US & Canada),Teas,Matcha Latte,1.0,Regular,,"Lavender, Cold Foam, To go, Iced, Oat, Sweet",$7.55,$0.00,$7.55,$0.00,iPad,Payment,Cor Coffee,,ea,1,Physical Good,Cor Coffee
2026-09-16,14:10:41,Central Time (US & Canada),Teas,Chai Latte,1.0,Regular,,"To go, Iced, Whole",$5.25,$0.00,$5.25,$0.00,iPad,Payment,Cor Coffee,,ea,1,Physical Good,Cor Coffee
2026-09-16,14:09:16,Central Time (US & Canada),Espresso Drinks,Latte,1.0,Regular,,"Regular, To go, Iced, Whole, Cinnamon Roll, Cold Foam",$6.25,$0.00,$6.25,$0.00,iPad,Payment,Cor Coffee,,ea,1,Physical Good,Cor Coffee
2026-09-16,14:08:08,Central Time (US & Canada),Espresso Drinks,Latte,1.0,Regular,,"Regular, To go, Iced, Whole, Cinnamon Roll, Cold Foam",$6.25,$0.00,$6.25,$0.00,iPad,Payment,Cor Coffee,,ea,1,Physical Good,Cor Coffee
2026-09-16,14:07:04,Central Time (US & Canada),Espresso Drinks,Latte,1.0,Regular,,"Regular, To go, Iced, Whole, Vanilla",$5.25,$0.00,$5.25,$0.00,iPad,Payment,Cor Coffee,,ea,1,Physical Good,Cor Coffee
2026-09-16,14:06:29,Central Time (US & Canada),Coffee Drinks,Cold Brew,2.0,Regular,,"To go, Cold Foam",$10.50,$0.00,$10.50,$0.00,iPad,Payment,Cor Coffee,,ea,2,Physical Good,Cor Coffee
2026-09-16,14:03:36,Central Time (US & Canada),Teas,Matcha Latte,1.0,Regular,,"Lavender, To go, Iced, Oat, Sweet",$6.80,$0.00,$6.80,$0.00,iPad,Payment,Cor Coffee,,ea,1,Physical Good,Cor Coffee
2026-09-16,14:01:44,Central Time (US & Canada),Coffee Drinks,Cold Brew,1.0,Regular,,"To go, Cold Foam, Whole",$5.25,$0.00,$5.25,$0.00,iPad,Payment,Cor Coffee,,ea,1,Physical Good,Cor Coffee
2026-09-16,14:00:45,Central Time (US & Canada),Espresso Drinks,Latte,1.0,Regular,,"Regular, To go, Iced, Oat, Blueberry",$6.30,$0.00,$6.30,$0.00,iPad,Payment,Cor Coffee,,ea,1,Physical Good,Cor Coffee
2026-09-16,13:59:45,Central Time (US & Canada),Espresso Drinks,Cortado,1.0,Regular,,"Regular, To go, Almond",$4.80,$0.00,$4.80,$0.00,iPad,Payment,Cor Coffee,,ea,1,Physical Good,Cor Coffee
2026-09-16,13:55:57,Central Time (US & Canada),Espresso Drinks,Mocha,1.0,Regular,,"Regular, To go, Iced, Oat",$6.05,$0.00,$6.05,$0.00,iPad,Payment,Cor Coffee,,ea,1,Physical Good,Cor Coffee
2026-09-16,13:55:25,Central Time (US & Canada),Espresso Drinks,Cortado,1.0,Regular,,"Regular, Here, Whole",$4.00,-$4.00,$0.00,$0.00,iPad,Payment,Cor Coffee,,ea,1,Physical Good,Cor Coffee
2026-09-16,13:53:33,Central Time (US & Canada),Espresso Drinks,Americano,1.0,Regular,,"Regular, To go, Iced",$3.75,$0.00,$3.75,$0.00,iPad,Payment,Cor Coffee,,ea,1,Physical Good,Cor Coffee
2026-09-16,13:45:31,Central Time (US & Canada),Espresso Drinks,Latte,1.0,Regular,,"Regular, To go, Hot, Whole, Cinnamon Roll",$5.50,-$5.50,$0.00,$0.00,iPad,Payment,Cor Coffee,,ea,1,Physical Good,Cor Coffee
2026-09-16,13:42:10,Central Time (US & Canada),Teas,Matcha Latte,1.0,Regular,,"Cold Foam, To go, Iced, Whole, Regular",$6.25,$0.00,$6.25,$0.00,iPad,Payment,Cor Coffee,,ea,1,Physical Good,Cor Coffee
2026-09-16,13:37:40,Central Time (US & Canada),Teas,Matcha Latte,1.0,Regular,,"Vanilla, To go, Iced, Whole, Regular",$6.00,$0.00,$6.00,$0.00,iPad,Payment,Cor Coffee,,ea,1,Physical Good,Cor Coffee
2026-09-16,13:31:01,Central Time (US & Canada),Teas,Matcha Latte,1.0,Regular,,"Blueberry, Cold Foam, To go, Iced, Almond",$7.80,$0.00,$7.80,$0.00,iPad,Payment,Cor Coffee,,ea,1,Physical Good,Cor Coffee
2026-09-16,13:29:58,Central Time (US & Canada),Espresso Drinks,Latte,1.0,Regular,,"Regular, To go, Iced, Oat, Blueberry, Cold Foam",$7.05,$0.00,$7.05,$0.00,iPad,Payment,Cor Coffee,,ea,1,Physical Good,Cor Coffee
2026-09-16,13:28:40,Central Time (US & Canada),Teas,Chai Latte,1.0,Regular,,"To go, Hot, Whole",$5.25,$0.00,$5.25,$0.00,iPad,Payment,Cor Coffee,,ea,1,Physical Good,Cor Coffee
2026-09-16,13:28:40,Central Time (US & Canada),Espresso Drinks,Latte,1.0,Regular,,"Regular, To go, Hot, Whole",$4.75,$0.00,$4.75,$0.00,iPad,Payment,Cor Coffee,,ea,1,Physical Good,Cor Coffee
2026-09-16,13:26:21,Central Time (US & Canada),Espresso Drinks,Latte,1.0,Regular,,"Regular, To go, Iced, Almond, Vanilla",$6.05,$0.00,$6.05,$0.00,iPad,Payment,Cor Coffee,,ea,1,Physical Good,Cor Coffee
2026-09-16,13:25:31,Central Time (US & Canada),Teas,Matcha Latte,1.0,Regular,,"Vanilla, Cold Foam, To go, Iced, Whole",$6.75,$0.00,$6.75,$0.00,iPad,Payment,Cor Coffee,,ea,1,Physical Good,Cor Coffee
2026-09-16,13:23:37,Central Time (US & Canada),Teas,Matcha Latte,1.0,Regular,,"Vanilla, To go, Iced, Whole",$6.00,$0.00,$6.00,$0.00,iPad,Payment,Cor Coffee,,ea,1,Physical Good,Cor Coffee
2026-09-16,13:21:32,Central Time (US & Canada),Coffee Drinks,Cafe Au Lait,1.0,Regular,,"To go, Whole, Vanilla",$3.75,$0.00,$3.75,$0.00,iPad,Payment,Cor Coffee,,ea,1,Physical Good,Cor Coffee
2026-09-16,13:21:32,Central Time (US & Canada),Food,Taos Bar,1.0,Regular,,Toasted Coconut (blue),$2.00,$0.00,$2.00,$0.00,iPad,Payment,Cor Coffee,,ea,1,Physical Good,Cor Coffee
2026-09-16,13:19:27,Central Time (US & Canada),Teas,Tea,1.0,Regular,,"Hot, Here",$3.75,$0.00,$3.75,$0.00,iPad,Payment,Cor Coffee,,ea,1,Physical Good,Cor Coffee
2026-09-16,13:16:59,Central Time (US & Canada),Espresso Drinks,Americano,1.0,Regular,,"Decaf, Hot",$3.75,$0.00,$3.75,$0.00,iPad,Payment,Cor Coffee,,ea,1,Physical Good,Cor Coffee
2026-09-16,13:16:25,Central Time (US & Canada),Espresso Drinks,Americano,1.0,Regular,,"Decaf, To go, Hot",$3.75,$0.00,$3.75,$0.00,iPad,Payment,Cor Coffee,,ea,1,Physical Good,Cor Coffee
2026-09-16,13:12:17,Central Time (US & Canada),Espresso Drinks,Latte,1.0,Regular,,"Regular, To go, Iced, Oat, Cinnamon Roll",$6.30,$0.00,$6.30,$0.00,iPad,Payment,Cor Coffee,,ea,1,Physical Good,Cor Coffee
2026-09-16,13:11:25,Central Time (US & Canada),Teas,Matcha Latte,1.0,Regular,,"Blueberry, Cold Foam, To go, Iced, Whole, Oat",$7.80,$0.00,$7.80,$0.00,iPad,Payment,Cor Coffee,,ea,1,Physical Good,Cor Coffee
2026-09-16,13:10:21,Central Time (US & Canada),Teas,Chai Latte,1.0,Regular,,"To go, Iced, Whole, Blueberry",$6.00,$0.00,$6.00,$0.00,iPad,Payment,Cor Coffee,,ea,1,Physical Good,Cor Coffee
2026-09-16,13:09:37,Central Time (US & Canada),Teas,Matcha Latte,1.0,Regular,,"Blueberry, To go, Whole, Regular",$6.25,$0.00,$6.25,$0.00,iPad,Payment,Cor Coffee,,ea,1,Physical Good,Cor Coffee
2026-09-16,13:08:48,Central Time (US & Canada),Espresso Drinks,Latte,1.0,Regular,,"Regular, To go, Iced, Oat, Cinnamon Roll",$6.30,$0.00,$6.30,$0.00,iPad,Payment,Cor Coffee,,ea,1,Physical Good,Cor Coffee
2026-09-16,13:07:02,Central Time (US & Canada),Espresso Drinks,Latte,1.0,Regular,,"Regular, To go, Iced, Whole, Cinnamon Roll",$5.50,$0.00,$5.50,$0.00,iPad,Payment,Cor Coffee,,ea,1,Physical Good,Cor Coffee
2026-09-16,13:05:44,Central Time (US & Canada),Teas,Chai Latte,1.0,Regular,,"To go, Iced, Whole",$5.25,-$5.25,$0.00,$0.00,iPad,Payment,Cor Coffee,,ea,1,Physical Good,Cor Coffee
2026-09-16,13:04:41,Central Time (US & Canada),Espresso Drinks,Latte,1.0,Regular,,"Regular, Iced, Whole, Cinnamon Roll, Cold Foam",$6.25,$0.00,$6.25,$0.00,iPad,Payment,Cor Coffee,,ea,1,Physical Good,Cor Coffee
2026-09-16,13:03:00,Central Time (US & Canada),Coffee Drinks,Cafe Au Lait,1.0,Regular,,"To go, Whole",$3.25,$0.00,$3.25,$0.00,iPad,Payment,Cor Coffee,,ea,1,Physical Good,Cor Coffee
2026-09-16,13:03:00,Central Time (US & Canada),Food,Taos Bar,1.0,Regular,,Caramel (orange),$2.00,$0.00,$2.00,$0.00,iPad,Payment,Cor Coffee,,ea,1,Physical Good,Cor Coffee
2026-09-16,13:02:09,Central Time (US & Canada),Espresso Drinks,Latte,1.0,Regular,,"Regular, To go, Iced, Whole, Cinnamon Roll",$5.50,$0.00,$5.50,$0.00,iPad,Payment,Cor Coffee,,ea,1,Physical Good,Cor Coffee
2026-09-16,13:02:09,Central Time (US & Canada),Teas,Chai Latte,1.0,Regular,,"To go, Iced, Whole, Cold Foam",$6.00,$0.00,$6.00,$0.00,iPad,Payment,Cor Coffee,,ea,1,Physical Good,Cor Coffee
2026-09-16,12:59:48,Central Time (US & Canada),Teas,Matcha Latte,1.0,Regular,,"To go, Hot, Oat, Regular",$6.30,$0.00,$6.30,$0.00,iPad,Payment,Cor Coffee,,ea,1,Physical Good,Cor Coffee
2026-09-16,12:59:48,Central Time (US & Canada),Food,Taos Bar,1.0,Regular,,Blueberry Lemon (yellow),$2.00,$0.00,$2.00,$0.00,iPad,Payment,Cor Coffee,,ea,1,Physical Good,Cor Coffee
2026-09-16,12:58:47,Central Time (US & Canada),Espresso Drinks,Latte,1.0,Regular,,"Regular, To go, Iced, Whole, Blueberry, Cold Foam",$6.25,$0.00,$6.25,$0.00,iPad,Payment,Cor Coffee,,ea,1,Physical Good,Cor Coffee
2026-09-16,12:57:51,Central Time (US & Canada),Food,Taos Bar,1.0,Regular,,Peanut butter (green),$2.00,$0.00,$2.00,$0.00,iPad,Payment,Cor Coffee,,ea,1,Physical Good,Cor Coffee
2026-09-16,12:57:31,Central Time (US & Canada),Teas,Tea,1.0,Regular,,"Hot, Blueberry, To go",$4.50,$0.00,$4.50,$0.00,iPad,Payment,Cor Coffee,,ea,1,Physical Good,Cor Coffee
2026-09-16,12:56:31,Central Time (US & Canada),Espresso Drinks,Latte,1.0,Regular,,"Regular, To go, Iced, Whole, Cinnamon Roll",$5.50,$0.00,$5.50,$0.00,iPad,Payment,Cor Coffee,,ea,1,Physical Good,Cor Coffee
2026-09-16,12:53:20,Central Time (US & Canada),Espresso Drinks,Mocha,1.0,Regular,,"Regular, To go, Iced, Oat",$6.05,$0.00,$6.05,$0.00,iPad,Payment,Cor Coffee,,ea,1,Physical Good,Cor Coffee
2026-09-16,12:52:15,Central Time (US & Canada),Coffee Drinks,Coffee,1.0,Regular,,To go,$3.00,$0.00,$3.00,$0.00,iPad,Payment,Cor Coffee,,ea,1,Physical Good,Cor Coffee
2026-09-16,12:47:18,Central Time (US & Canada),Teas,London Fog,1.0,Regular,,"To go, Vanilla",$5.25,-$5.25,$0.00,$0.00,iPad,Payment,Cor Coffee,,ea,1,Physical Good,Cor Coffee
2026-09-16,12:46:22,Central Time (US & Canada),Other Drinks,Lemonade,1.0,Regular,,"To go, Blueberry",$3.75,$0.00,$3.75,$0.00,iPad,Payment,Cor Coffee,,ea,1,Physical Good,Cor Coffee
2026-09-16,12:44:40,Central Time (US & Canada),Teas,Matcha Latte,1.0,Regular,,"Cinnamon Roll, To go, Iced, Almond, Regular",$7.05,$0.00,$7.05,$0.00,iPad,Payment,Cor Coffee,,ea,1,Physical Good,Cor Coffee
2026-09-16,12:43:13,Central Time (US & Canada),Espresso Drinks,Cappuccino,1.0,Regular,,"Regular, To go, Whole",$4.50,$0.00,$4.50,$0.00,iPad,Payment,Cor Coffee,,ea,1,Physical Good,Cor Coffee
2026-09-16,12:43:13,Central Time (US & Canada),Espresso Drinks,Mocha,1.0,Regular,,"Regular, To go, Iced, Whole",$5.25,$0.00,$5.25,$0.00,iPad,Payment,Cor Coffee,,ea,1,Physical Good,Cor Coffee
2026-09-16,12:42:14,Central Time (US & Canada),Teas,Matcha Latte,1.0,Regular,,"Blueberry, Cold Foam, To go, Iced, Almond, Regular",$7.80,-$3.90,$3.90,$0.00,iPad,Payment,Cor Coffee,,ea,1,Physical Good,Cor Coffee
2026-09-16,12:41:06,Central Time (US & Canada),Espresso Drinks,Latte,1.0,Regular,,"Regular, To go, Iced, Whole, Cinnamon Roll",$5.50,$0.00,$5.50,$0.00,iPad,Payment,Cor Coffee,,ea,1,Physical Good,Cor Coffee
2026-09-16,12:38:48,Central Time (US & Canada),Espresso Drinks,Espresso,1.0,Regular,,"Regular, To go",$3.25,$0.00,$3.25,$0.00,iPad,Payment,Cor Coffee,,ea,1,Physical Good,Cor Coffee
2026-09-16,12:38:09,Central Time (US & Canada),Teas,Matcha Latte,1.0,Regular,,"Blueberry, Cold Foam, To go, Iced, Whole",$7.00,$0.00,$7.00,$0.00,iPad,Payment,Cor Coffee,,ea,1,Physical Good,Cor Coffee
2026-09-16,12:37:08,Central Time (US & Canada),Espresso Drinks,Flat White,1.0,Regular,,"Regular, To go, Whole",$4.25,$0.00,$4.25,$0.00,iPad,Payment,Cor Coffee,,ea,1,Physical Good,Cor Coffee
2026-09-16,12:35:35,Central Time (US & Canada),Teas,Matcha Latte,1.0,Regular,,"To go, Iced, Whole, Regular",$5.50,$0.00,$5.50,$0.00,iPad,Payment,Cor Coffee,,ea,1,Physical Good,Cor Coffee
2026-09-16,11:44:19,Central Time (US & Canada),Food,Taos Bar,1.0,Regular,,Peanut butter (green),$2.00,$0.00,$2.00,$0.00,iPad,Payment,Cor Coffee,,ea,1,Physical Good,Cor Coffee
2026-09-16,11:44:19,Central Time (US & Canada),Espresso Drinks,Cappuccino,1.0,Regular,,"Regular, To go, Oat",$5.30,$0.00,$5.30,$0.00,iPad,Payment,Cor Coffee,,ea,1,Physical Good,Cor Coffee
2026-09-16,11:41:03,Central Time (US & Canada),Coffee Drinks,Coffee,1.0,Regular,,To go,$3.00,$0.00,$3.00,$0.00,iPad,Payment,Cor Coffee,,ea,1,Physical Good,Cor Coffee
2026-09-16,11:39:05,Central Time (US & Canada),Espresso Drinks,Latte,1.0,Regular,,"Regular, To go, Hot, Half&Half (drip splash), Vanilla",$5.25,-$5.25,$0.00,$0.00,iPad,Payment,Cor Coffee,,ea,1,Physical Good,Cor Coffee
2026-09-16,11:37:42,Central Time (US & Canada),Espresso Drinks,Latte,1.0,Regular,,"Regular, To go, Iced, Almond, Cinnamon Roll",$6.30,-$3.15,$3.15,$0.00,iPad,Payment,Cor Coffee,,ea,1,Physical Good,Cor Coffee
2026-09-16,11:37:42,Central Time (US & Canada),Espresso Drinks,Latte,1.0,Regular,,"Regular, To go, Iced, Oat, Cinnamon Roll, Cold Foam",$7.05,-$3.53,$3.52,$0.00,iPad,Payment,Cor Coffee,,ea,1,Physical Good,Cor Coffee
2026-09-16,11:34:48,Central Time (US & Canada),Coffee Drinks,Coffee,1.0,Regular,,Here,$3.00,$0.00,$3.00,$0.00,iPad,Payment,Cor Coffee,,ea,1,Physical Good,Cor Coffee
2026-09-16,11:34:09,Central Time (US & Canada),Teas,London Fog,1.0,Regular,,"To go, Oat",$5.55,$0.00,$5.55,$0.00,iPad,Payment,Cor Coffee,,ea,1,Physical Good,Cor Coffee
2026-09-16,11:31:52,Central Time (US & Canada),Teas,Matcha Latte,1.0,Regular,,"Vanilla, Cold Foam, To go, Iced, Whole, Regular",$6.75,$0.00,$6.75,$0.00,iPad,Payment,Cor Coffee,,ea,1,Physical Good,Cor Coffee
2026-09-16,11:25:44,Central Time (US & Canada),Coffee Drinks,Cold Brew,1.0,Regular,,"To go, Oat",$5.30,$0.00,$5.30,$0.00,iPad,Payment,Cor Coffee,,ea,1,Physical Good,Cor Coffee
2026-09-16,11:22:22,Central Time (US & Canada),Coffee Drinks,Cold Brew,1.0,Regular,,To go,$4.50,$0.00,$4.50,$0.00,iPad,Payment,Cor Coffee,,ea,1,Physical Good,Cor Coffee
2026-09-16,11:20:20,Central Time (US & Canada),Teas,Matcha Latte,1.0,Regular,,"Vanilla, To go, Iced, Oat, Regular",$6.80,$0.00,$6.80,$0.00,iPad,Payment,Cor Coffee,,ea,1,Physical Good,Cor Coffee
2026-09-16,11:13:28,Central Time (US & Canada),Espresso Drinks,Mocha,1.0,Regular,,"Regular, Here, Hot, Whole",$5.25,$0.00,$5.25,$0.00,iPad,Payment,Cor Coffee,,ea,1,Physical Good,Cor Coffee
2026-09-16,11:12:54,Central Time (US & Canada),Teas,Tea,1.0,Regular,,Hot,$3.75,$0.00,$3.75,$0.00,iPad,Payment,Cor Coffee,,ea,1,Physical Good,Cor Coffee
2026-09-16,11:04:29,Central Time (US & Canada),Teas,Matcha Latte,1.0,Regular,,"Lavender, Cold Foam, To go, Iced, Whole, Regular",$6.75,$0.00,$6.75,$0.00,iPad,Payment,Cor Coffee,,ea,1,Physical Good,Cor Coffee
2026-09-16,11:03:21,Central Time (US & Canada),Teas,Matcha Latte,1.0,Regular,,"Cinnamon Roll, To go, Iced, Whole, Regular",$6.25,-$6.25,$0.00,$0.00,iPad,Payment,Cor Coffee,,ea,1,Physical Good,Cor Coffee
2026-09-16,11:02:18,Central Time (US & Canada),Espresso Drinks,Mocha,1.0,Regular,,"Regular, To go, Iced, Whole, Vanilla",$5.75,$0.00,$5.75,$0.00,iPad,Payment,Cor Coffee,,ea,1,Physical Good,Cor Coffee
2026-09-16,11:01:26,Central Time (US & Canada),Espresso Drinks,Americano,1.0,Regular,,"Regular, To go, Iced",$3.75,$0.00,$3.75,$0.00,iPad,Payment,Cor Coffee,,ea,1,Physical Good,Cor Coffee
2026-09-16,11:00:48,Central Time (US & Canada),Espresso Drinks,Latte,1.0,Regular,,"Regular, Iced, Oat",$5.55,$0.00,$5.55,$0.00,iPad,Payment,Cor Coffee,,ea,1,Physical Good,Cor Coffee
2026-09-16,11:00:13,Central Time (US & Canada),Teas,Matcha Latte,1.0,Regular,,"Blueberry, Cinnamon Roll, Cold Foam, Iced, Soy",$8.55,-$8.55,$0.00,$0.00,iPad,Payment,Cor Coffee,,ea,1,Physical Good,Cor Coffee
2026-09-16,10:59:03,Central Time (US & Canada),Coffee Drinks,Coffee,1.0,Regular,,To go,$3.00,$0.00,$3.00,$0.00,iPad,Payment,Cor Coffee,,ea,1,Physical Good,Cor Coffee
2026-09-16,10:58:03,Central Time (US & Canada),Espresso Drinks,Latte,1.0,Regular,,"Regular, Hot, Whole, Cinnamon Roll",$5.50,$0.00,$5.50,$0.00,iPad,Payment,Cor Coffee,,ea,1,Physical Good,Cor Coffee
2026-09-16,10:57:21,Central Time (US & Canada),Espresso Drinks,Latte,1.0,Regular,,"Regular, Iced, Whole, Vanilla",$5.25,$0.00,$5.25,$0.00,iPad,Payment,Cor Coffee,,ea,1,Physical Good,Cor Coffee
2026-09-16,10:53:26,Central Time (US & Canada),Coffee Drinks,Cold Brew,1.0,Regular,,To go,$4.50,$0.00,$4.50,$0.00,iPad,Payment,Cor Coffee,,ea,1,Physical Good,Cor Coffee
2026-09-16,10:45:57,Central Time (US & Canada),Espresso Drinks,Americano,1.0,Regular,,"Regular, Iced",$3.75,$0.00,$3.75,$0.00,iPad,Payment,Cor Coffee,,ea,1,Physical Good,Cor Coffee
2026-09-16,10:45:25,Central Time (US & Canada),Espresso Drinks,Latte,1.0,Regular,,"Regular, Iced, Whole",$4.75,$0.00,$4.75,$0.00,iPad,Payment,Cor Coffee,,ea,1,Physical Good,Cor Coffee
2026-09-16,10:44:56,Central Time (US & Canada),Coffee Drinks,Coffee,1.0,Regular,,To go,$3.00,$0.00,$3.00,$0.00,iPad,Payment,Cor Coffee,,ea,1,Physical Good,Cor Coffee
2026-09-16,10:43:59,Central Time (US & Canada),Espresso Drinks,Americano,1.0,Regular,,"Regular, Hot, Half&Half (drip splash)",$3.75,$0.00,$3.75,$0.00,iPad,Payment,Cor Coffee,,ea,1,Physical Good,Cor Coffee
2026-09-16,10:43:12,Central Time (US & Canada),Teas,Matcha Latte,1.0,Regular,,"Iced, Whole, Sweet",$5.50,$0.00,$5.50,$0.00,iPad,Payment,Cor Coffee,,ea,1,Physical Good,Cor Coffee
2026-09-16,10:42:08,Central Time (US & Canada),Espresso Drinks,Latte,1.0,Regular,,"Regular, Cinnamon Roll, Cold Foam",$6.25,-$6.25,$0.00,$0.00,iPad,Payment,Cor Coffee,,ea,1,Physical Good,Cor Coffee
2026-09-16,10:37:10,Central Time (US & Canada),Teas,Matcha Latte,1.0,Regular,,"Blueberry, Cinnamon Roll, Cold Foam, To go, Iced, Oat, Regular",$8.55,$0.00,$8.55,$0.00,iPad,Payment,Cor Coffee,,ea,1,Physical Good,Cor Coffee
2026-09-16,10:33:31,Central Time (US & Canada),Espresso Drinks,Latte,1.0,Regular,,"Decaf, Iced, Whole, Vanilla, Cinnamon Roll, Cold Foam",$6.75,$0.00,$6.75,$0.00,iPad,Payment,Cor Coffee,,ea,1,Physical Good,Cor Coffee
2026-09-16,10:32:04,Central Time (US & Canada),Teas,Matcha Latte,1.0,Regular,,"Blueberry, Cold Foam, Iced, Whole",$7.00,$0.00,$7.00,$0.00,iPad,Payment,Cor Coffee,,ea,1,Physical Good,Cor Coffee
2026-09-16,10:30:49,Central Time (US & Canada),Teas,Matcha Latte,1.0,Regular,,"Here, Iced, Whole",$5.50,$0.00,$5.50,$0.00,iPad,Payment,Cor Coffee,,ea,1,Physical Good,Cor Coffee
2026-09-16,10:22:59,Central Time (US & Canada),Teas,Chai Latte,1.0,Regular,,"To go, Hot, Whole",$5.25,$0.00,$5.25,$0.00,iPad,Payment,Cor Coffee,,ea,1,Physical Good,Cor Coffee
2026-09-16,10:22:59,Central Time (US & Canada),Espresso Drinks,Latte,1.0,Regular,,"Regular, To go, Hot, Whole",$4.75,$0.00,$4.75,$0.00,iPad,Payment,Cor Coffee,,ea,1,Physical Good,Cor Coffee
2026-09-16,10:21:25,Central Time (US & Canada),Espresso Drinks,Latte,1.0,Regular,,"Regular, To go, Iced, Almond, Blueberry",$6.30,$0.00,$6.30,$0.00,iPad,Payment,Cor Coffee,,ea,1,Physical Good,Cor Coffee
2026-09-16,10:18:29,Central Time (US & Canada),Espresso Drinks,Latte,1.0,Regular,,"Regular, To go, Iced, Whole, Blueberry, Cold Foam",$6.25,$0.00,$6.25,$0.00,iPad,Payment,Cor Coffee,,ea,1,Physical Good,Cor Coffee
2026-09-16,10:17:24,Central Time (US & Canada),Teas,Matcha Latte,1.0,Regular,,"Cinnamon Roll, To go, Iced, Whole, Regular",$6.25,$0.00,$6.25,$0.00,iPad,Payment,Cor Coffee,,ea,1,Physical Good,Cor Coffee
2026-09-16,10:15:49,Central Time (US & Canada),Teas,Matcha Latte,1.0,Regular,,"Vanilla, To go, Iced, Whole, Regular",$6.00,$0.00,$6.00,$0.00,iPad,Payment,Cor Coffee,,ea,1,Physical Good,Cor Coffee
2026-09-16,10:15:03,Central Time (US & Canada),Coffee Drinks,Cold Brew,1.0,Regular,,"To go, Vanilla",$5.00,$0.00,$5.00,$0.00,iPad,Payment,Cor Coffee,,ea,1,Physical Good,Cor Coffee
2026-09-16,10:11:55,Central Time (US & Canada),Espresso Drinks,Latte,1.0,Regular,,"Regular, To go, Iced, Whole",$4.75,$0.00,$4.75,$0.00,iPad,Payment,Cor Coffee,,ea,1,Physical Good,Cor Coffee
2026-09-16,10:05:57,Central Time (US & Canada),Espresso Drinks,Latte,1.0,Regular,,"Regular, To go, Iced, Whole, Cinnamon Roll",$5.50,-$2.75,$2.75,$0.00,iPad,Payment,Cor Coffee,,ea,1,Physical Good,Cor Coffee
2026-09-16,09:56:59,Central Time (US & Canada),Espresso Drinks,Latte,1.0,Regular,,"Regular, To go, Hot, Whole, Vanilla",$5.25,$0.00,$5.25,$0.00,iPad,Payment,Cor Coffee,,ea,1,Physical Good,Cor Coffee
2026-09-16,09:55:59,Central Time (US & Canada),Espresso Drinks,Latte,1.0,Regular,,"Regular, Iced, Whole, Cinnamon Roll, Cold Foam",$6.25,$0.00,$6.25,$0.00,iPad,Payment,Cor Coffee,,ea,1,Physical Good,Cor Coffee
2026-09-16,09:54:29,Central Time (US & Canada),Espresso Drinks,Latte,1.0,Regular,,"Regular, To go, Iced, Whole, Vanilla",$5.25,$0.00,$5.25,$0.00,iPad,Payment,Cor Coffee,,ea,1,Physical Good,Cor Coffee
2026-09-16,09:53:41,Central Time (US & Canada),Espresso Drinks,Latte,1.0,Regular,,"Regular, Here, Hot, Whole",$4.75,$0.00,$4.75,$0.00,iPad,Payment,Cor Coffee,,ea,1,Physical Good,Cor Coffee
2026-09-16,09:50:36,Central Time (US & Canada),Espresso Drinks,Latte,1.0,Regular,,"Regular, To go, Iced, Almond, Blueberry, Cold Foam",$7.05,$0.00,$7.05,$0.00,iPad,Payment,Cor Coffee,,ea,1,Physical Good,Cor Coffee
2026-09-16,09:36:10,Central Time (US & Canada),Espresso Drinks,Latte,1.0,Regular,,"Regular, To go, Iced, Whole, Vanilla",$5.25,$0.00,$5.25,$0.00,iPad,Payment,Cor Coffee,,ea,1,Physical Good,Cor Coffee
2026-09-16,09:30:58,Central Time (US & Canada),Espresso Drinks,Latte,1.0,Regular,,"Regular, To go, Iced, Whole, Vanilla",$5.25,$0.00,$5.25,$0.00,iPad,Payment,Cor Coffee,,ea,1,Physical Good,Cor Coffee
2026-09-16,09:21:19,Central Time (US & Canada),Espresso Drinks,Latte,1.0,Regular,,"Regular, To go, Hot, Almond, Vanilla",$6.05,$0.00,$6.05,$0.00,iPad,Payment,Cor Coffee,,ea,1,Physical Good,Cor Coffee
2026-09-16,09:20:44,Central Time (US & Canada),Espresso Drinks,Latte,1.0,Regular,,"Regular, Here, Iced, Whole, Cinnamon Roll",$5.50,$0.00,$5.50,$0.00,iPad,Payment,Cor Coffee,,ea,1,Physical Good,Cor Coffee
2026-09-16,09:19:43,Central Time (US & Canada),Teas,Chai Latte,1.0,Regular,,"Iced, Whole",$5.25,$0.00,$5.25,$0.00,iPad,Payment,Cor Coffee,,ea,1,Physical Good,Cor Coffee
2026-09-16,09:15:48,Central Time (US & Canada),Espresso Drinks,Latte,1.0,Regular,,"Regular, To go, Iced, Whole, Vanilla",$5.25,$0.00,$5.25,$0.00,iPad,Payment,Cor Coffee,,ea,1,Physical Good,Cor Coffee
2026-09-16,09:13:32,Central Time (US & Canada),Espresso Drinks,Cappuccino,1.0,Regular,,"Regular, To go, Oat",$5.30,$0.00,$5.30,$0.00,iPad,Payment,Cor Coffee,,ea,1,Physical Good,Cor Coffee
2026-09-16,09:07:11,Central Time (US & Canada),Espresso Drinks,Americano,1.0,Regular,,"Regular, Here, Iced",$3.75,$0.00,$3.75,$0.00,iPad,Payment,Cor Coffee,,ea,1,Physical Good,Cor Coffee
2026-09-16,09:06:30,Central Time (US & Canada),Espresso Drinks,Latte,1.0,Regular,,"Regular, To go, Hot, Whole, Lavender",$5.25,$0.00,$5.25,$0.00,iPad,Payment,Cor Coffee,,ea,1,Physical Good,Cor Coffee
2026-09-16,09:04:59,Central Time (US & Canada),Teas,Chai Latte,1.0,Regular,,"Here, Iced, Oat, Vanilla",$6.55,$0.00,$6.55,$0.00,iPad,Payment,Cor Coffee,,ea,1,Physical Good,Cor Coffee
2026-09-16,09:04:29,Central Time (US & Canada),Espresso Drinks,Latte,1.0,Regular,,"Regular, To go, Iced, Vanilla",$5.25,$0.00,$5.25,$0.00,iPad,Payment,Cor Coffee,,ea,1,Physical Good,Cor Coffee
2026-09-15,15:53:27,Central Time (US & Canada),Teas,Matcha Latte,1.0,Regular,,"Iced, Whole, Regular",$5.50,$0.00,$5.50,$0.00,iPad,Payment,Cor Coffee,,ea,1,Physical Good,Cor Coffee
2026-09-15,15:51:09,Central Time (US & Canada),Espresso Drinks,Latte,1.0,Regular,,"Regular, Iced, Whole",$4.75,$0.00,$4.75,$0.00,iPad,Payment,Cor Coffee,,ea,1,Physical Good,Cor Coffee
2026-09-15,15:49:26,Central Time (US & Canada),Teas,Matcha Latte,1.0,Regular,,"Iced, Whole, Regular",$5.50,$0.00,$5.50,$0.00,iPad,Payment,Cor Coffee,,ea,1,Physical Good,Cor Coffee
2026-09-15,15:34:36,Central Time (US & Canada),Espresso Drinks,Americano,1.0,Regular,,"Regular, To go, Hot",$3.75,$0.00,$3.75,$0.00,iPad,Payment,Cor Coffee,,ea,1,Physical Good,Cor Coffee
2026-09-15,15:34:36,Central Time (US & Canada),Teas,Matcha Latte,1.0,Regular,,"Iced, Oat, Sweet",$6.30,$0.00,$6.30,$0.00,iPad,Payment,Cor Coffee,,ea,1,Physical Good,Cor Coffee
2026-09-15,15:25:59,Central Time (US & Canada),Espresso Drinks,Latte,1.0,Regular,,"Regular, To go, Iced, Whole, Cinnamon Roll, Cold Foam",$6.25,$0.00,$6.25,$0.00,iPad,Payment,Cor Coffee,,ea,1,Physical Good,Cor Coffee
2026-09-15,15:25:06,Central Time (US & Canada),Espresso Drinks,Latte,2.0,Regular,,"Regular, Here, Iced, Whole, Vanilla",$10.50,$0.00,$10.50,$0.00,iPad,Payment,Cor Coffee,,ea,2,Physical Good,Cor Coffee
2026-09-15,15:21:35,Central Time (US & Canada),Teas,Matcha Latte,1.0,Regular,,"Lavender, To go, Iced, Whole, Sweet",$6.00,$0.00,$6.00,$0.00,iPad,Payment,Cor Coffee,,ea,1,Physical Good,Cor Coffee
2026-09-15,15:20:55,Central Time (US & Canada),Teas,Chai Latte,1.0,Regular,,"To go, Iced, Whole, Vanilla, Cinnamon Roll, Cold Foam",$7.25,-$7.25,$0.00,$0.00,iPad,Payment,Cor Coffee,,ea,1,Physical Good,Cor Coffee
2026-09-15,15:19:23,Central Time (US & Canada),Espresso Drinks,Latte,1.0,Regular,,"Regular, To go, Iced, Whole, Vanilla",$5.25,-$2.62,$2.63,$0.00,iPad,Payment,Cor Coffee,,ea,1,Physical Good,Cor Coffee
2026-09-15,15:18:26,Central Time (US & Canada),Espresso Drinks,Latte,1.0,Regular,,"Regular, To go, Iced, Almond, Cinnamon Roll, Cold Foam",$7.05,$0.00,$7.05,$0.00,iPad,Payment,Cor Coffee,,ea,1,Physical Good,Cor Coffee
2026-09-15,15:15:08,Central Time (US & Canada),Coffee Drinks,Cold Brew,1.0,Regular,,To go,$4.50,$0.00,$4.50,$0.00,iPad,Payment,Cor Coffee,,ea,1,Physical Good,Cor Coffee
2026-09-15,15:12:13,Central Time (US & Canada),Espresso Drinks,Latte,1.0,Regular,,"Regular, To go, Iced, Oat",$5.55,$0.00,$5.55,$0.00,iPad,Payment,Cor Coffee,,ea,1,Physical Good,Cor Coffee
2026-09-15,15:08:10,Central Time (US & Canada),Espresso Drinks,Latte,1.0,Regular,,"Regular, To go, Hot, Whole, Cinnamon Roll, Cold Foam",$6.25,$0.00,$6.25,$0.00,iPad,Payment,Cor Coffee,,ea,1,Physical Good,Cor Coffee
2026-09-15,15:01:23,Central Time (US & Canada),Espresso Drinks,Mocha,1.0,Regular,,"Regular, To go, Iced, Whole",$5.25,$0.00,$5.25,$0.00,iPad,Payment,Cor Coffee,,ea,1,Physical Good,Cor Coffee
2026-09-15,14:44:27,Central Time (US & Canada),Espresso Drinks,Latte,1.0,Regular,,"Regular, To go, Iced, Whole, Cinnamon Roll, Cold Foam",$6.25,$0.00,$6.25,$0.00,iPad,Payment,Cor Coffee,,ea,1,Physical Good,Cor Coffee
2026-09-15,14:27:00,Central Time (US & Canada),Teas,Matcha Latte,1.0,Regular,,"Vanilla, Iced, Whole, Regular",$6.00,$0.00,$6.00,$0.00,iPad,Payment,Cor Coffee,,ea,1,Physical Good,Cor Coffee
2026-09-15,14:25:18,Central Time (US & Canada),Teas,Matcha Latte,1.0,Regular,,"Iced, Whole, Sweet",$5.50,$0.00,$5.50,$0.00,iPad,Payment,Cor Coffee,,ea,1,Physical Good,Cor Coffee
2026-09-15,14:25:18,Central Time (US & Canada),Espresso Drinks,Latte,1.0,Regular,,"Regular, Here, Iced, Oat, Vanilla",$6.05,$0.00,$6.05,$0.00,iPad,Payment,Cor Coffee,,ea,1,Physical Good,Cor Coffee
2026-09-15,14:22:53,Central Time (US & Canada),Teas,Chai Latte,1.0,Regular,,"Here, Hot, Whole",$5.25,$0.00,$5.25,$0.00,iPad,Payment,Cor Coffee,,ea,1,Physical Good,Cor Coffee
2026-09-15,14:22:12,Central Time (US & Canada),Espresso Drinks,Latte,1.0,Regular,,"Decaf, Here, Iced, Whole, Blueberry, Cinnamon Roll, Cold Foam",$7.00,$0.00,$7.00,$0.00,iPad,Payment,Cor Coffee,,ea,1,Physical Good,Cor Coffee
2026-09-15,14:20:43,Central Time (US & Canada),Teas,Chai Latte,1.0,Regular,,"To go, Iced, Whole",$5.25,$0.00,$5.25,$0.00,iPad,Payment,Cor Coffee,,ea,1,Physical Good,Cor Coffee
2026-09-15,14:20:19,Central Time (US & Canada),Teas,Matcha Latte,1.0,Regular,,"Here, Iced, Whole, Regular",$5.50,-$5.50,$0.00,$0.00,iPad,Payment,Cor Coffee,,ea,1,Physical Good,Cor Coffee
2026-09-15,14:19:14,Central Time (US & Canada),Espresso Drinks,Cappuccino,1.0,Regular,,"Regular, To go, Whole",$4.50,$0.00,$4.50,$0.00,iPad,Payment,Cor Coffee,,ea,1,Physical Good,Cor Coffee
2026-09-15,14:18:31,Central Time (US & Canada),Espresso Drinks,Latte,1.0,Regular,,"Regular, To go, Iced, Oat, Vanilla",$6.05,$0.00,$6.05,$0.00,iPad,Payment,Cor Coffee,,ea,1,Physical Good,Cor Coffee
2026-09-15,14:17:49,Central Time (US & Canada),Espresso Drinks,Latte,1.0,Regular,,"Regular, Here, Hot, Whole, Lavender",$5.25,$0.00,$5.25,$0.00,iPad,Payment,Cor Coffee,,ea,1,Physical Good,Cor Coffee
2026-09-15,14:11:44,Central Time (US & Canada),Espresso Drinks,Latte,1.0,Regular,,"Regular, To go, Iced, Whole, Lavender",$5.25,$0.00,$5.25,$0.00,iPad,Payment,Cor Coffee,,ea,1,Physical Good,Cor Coffee
2026-09-15,14:10:38,Central Time (US & Canada),Coffee Drinks,Coffee,1.0,Regular,,Here,$3.00,$0.00,$3.00,$0.00,iPad,Payment,Cor Coffee,,ea,1,Physical Good,Cor Coffee
2026-09-15,14:05:30,Central Time (US & Canada),Teas,Chai Latte,2.0,Regular,,"Here, Iced, Whole, Cinnamon Roll, Cold Foam",$13.50,$0.00,$13.50,$0.00,iPad,Payment,Cor Coffee,,ea,2,Physical Good,Cor Coffee
2026-09-15,14:00:44,Central Time (US & Canada),Other Drinks,Lemonade,1.0,Regular,,"To go, Lavender",$3.50,$0.00,$3.50,$0.00,iPad,Payment,Cor Coffee,,ea,1,Physical Good,Cor Coffee
2026-09-15,14:00:44,Central Time (US & Canada),Teas,Matcha Latte,1.0,Regular,,"Lavender, To go, Iced, Oat, Regular",$6.80,$0.00,$6.80,$0.00,iPad,Payment,Cor Coffee,,ea,1,Physical Good,Cor Coffee
2026-09-15,13:57:50,Central Time (US & Canada),Teas,Chai Latte,1.0,Regular,,"To go, Hot, Whole",$5.25,$0.00,$5.25,$0.00,iPad,Payment,Cor Coffee,,ea,1,Physical Good,Cor Coffee
2026-09-15,13:57:05,Central Time (US & Canada),Espresso Drinks,Cortado,1.0,Regular,,"Regular, Whole",$4.00,$0.00,$4.00,$0.00,iPad,Payment,Cor Coffee,,ea,1,Physical Good,Cor Coffee
2026-09-15,13:56:40,Central Time (US & Canada),Coffee Drinks,Cold Brew,1.0,Regular,,"To go, Cold Foam",$5.25,$0.00,$5.25,$0.00,iPad,Payment,Cor Coffee,,ea,1,Physical Good,Cor Coffee
2026-09-15,13:56:04,Central Time (US & Canada),Espresso Drinks,Cappuccino,1.0,Regular,,"Regular, To go, Almond, Vanilla",$5.80,$0.00,$5.80,$0.00,iPad,Payment,Cor Coffee,,ea,1,Physical Good,Cor Coffee
2026-09-15,13:54:56,Central Time (US & Canada),Espresso Drinks,Latte,1.0,Regular,,"Regular, To go, Iced, Whole",$4.75,$0.00,$4.75,$0.00,iPad,Payment,Cor Coffee,,ea,1,Physical Good,Cor Coffee
2026-09-15,13:53:08,Central Time (US & Canada),Espresso Drinks,Latte,1.0,Regular,,"Regular, To go, Hot, Oat, Cinnamon Roll",$6.30,$0.00,$6.30,$0.00,iPad,Payment,Cor Coffee,,ea,1,Physical Good,Cor Coffee
2026-09-15,13:52:07,Central Time (US & Canada),Teas,Matcha Latte,1.0,Regular,,"Vanilla, To go, Iced, Oat, Sweet",$6.80,$0.00,$6.80,$0.00,iPad,Payment,Cor Coffee,,ea,1,Physical Good,Cor Coffee
2026-09-15,13:44:33,Central Time (US & Canada),Teas,Matcha Latte,1.0,Regular,,"To go, Iced, Whole, Sweet",$5.50,$0.00,$5.50,$0.00,iPad,Payment,Cor Coffee,,ea,1,Physical Good,Cor Coffee
2026-09-15,13:42:38,Central Time (US & Canada),Espresso Drinks,Flat White,1.0,Regular,,"Regular, To go, Whole",$4.25,$0.00,$4.25,$0.00,iPad,Payment,Cor Coffee,,ea,1,Physical Good,Cor Coffee
2026-09-15,13:42:15,Central Time (US & Canada),Espresso Drinks,Latte,1.0,Regular,,"Regular, To go, Iced, Oat, Vanilla",$6.05,$0.00,$6.05,$0.00,iPad,Payment,Cor Coffee,,ea,1,Physical Good,Cor Coffee
2026-09-15,13:41:49,Central Time (US & Canada),Espresso Drinks,Cappuccino,1.0,Regular,,"Regular, To go, Whole, Cinnamon Roll",$5.25,-$5.25,$0.00,$0.00,iPad,Payment,Cor Coffee,,ea,1,Physical Good,Cor Coffee
2026-09-15,13:36:37,Central Time (US & Canada),Coffee Drinks,Cold Brew,1.0,Regular,,"To go, Cinnamon Roll, Cold Foam",$6.00,$0.00,$6.00,$0.00,iPad,Payment,Cor Coffee,,ea,1,Physical Good,Cor Coffee
2026-09-15,13:29:40,Central Time (US & Canada),Espresso Drinks,Latte,1.0,Regular,,"Regular, To go, Hot, Oat, Vanilla",$6.05,$0.00,$6.05,$0.00,iPad,Payment,Cor Coffee,,ea,1,Physical Good,Cor Coffee
2026-09-15,13:25:03,Central Time (US & Canada),Espresso Drinks,Latte,1.0,Regular,,"Regular, To go, Hot, Oat",$5.55,$0.00,$5.55,$0.00,iPad,Payment,Cor Coffee,,ea,1,Physical Good,Cor Coffee
2026-09-15,13:22:59,Central Time (US & Canada),Teas,Tea,1.0,Regular,,Hot,$3.75,$0.00,$3.75,$0.00,iPad,Payment,Cor Coffee,,ea,1,Physical Good,Cor Coffee
2026-09-15,13:22:34,Central Time (US & Canada),Espresso Drinks,Latte,1.0,Regular,,"Regular, To go, Iced, Oat, Cinnamon Roll, Cold Foam",$7.05,$0.00,$7.05,$0.00,iPad,Payment,Cor Coffee,,ea,1,Physical Good,Cor Coffee
2026-09-15,13:21:50,Central Time (US & Canada),Teas,Matcha Latte,1.0,Regular,,"Blueberry, Cold Foam, To go, Iced, Oat, Regular",$7.80,$0.00,$7.80,$0.00,iPad,Payment,Cor Coffee,,ea,1,Physical Good,Cor Coffee
2026-09-15,13:11:07,Central Time (US & Canada),Espresso Drinks,Espresso,1.0,Regular,,"Regular, Here",$3.25,$0.00,$3.25,$0.00,iPad,Payment,Cor Coffee,,ea,1,Physical Good,Cor Coffee
2026-09-15,13:11:07,Central Time (US & Canada),Espresso Drinks,Latte,1.0,Regular,,"Regular, Here, Hot, Whole, Vanilla",$5.25,$0.00,$5.25,$0.00,iPad,Payment,Cor Coffee,,ea,1,Physical Good,Cor Coffee
2026-09-15,13:02:50,Central Time (US & Canada),Teas,Matcha Latte,1.0,Regular,,"Cinnamon Roll, To go, Hot",$6.25,$0.00,$6.25,$0.00,iPad,Payment,Cor Coffee,,ea,1,Physical Good,Cor Coffee
2026-09-15,13:02:50,Central Time (US & Canada),Food,LiaP Cookie,1.0,Regular,,,$2.00,$0.00,$2.00,$0.00,iPad,Payment,Cor Coffee,,ea,1,Physical Good,Cor Coffee
2026-09-15,12:59:12,Central Time (US & Canada),Teas,Matcha Latte,1.0,Regular,,"To go, Iced, Oat, Sweet",$6.30,$0.00,$6.30,$0.00,iPad,Payment,Cor Coffee,,ea,1,Physical Good,Cor Coffee
2026-09-15,12:59:12,Central Time (US & Canada),Coffee Drinks,Coffee,1.0,Regular,,To go,$3.00,$0.00,$3.00,$0.00,iPad,Payment,Cor Coffee,,ea,1,Physical Good,Cor Coffee
2026-09-15,12:54:01,Central Time (US & Canada),Espresso Drinks,Latte,1.0,Regular,,"Regular, To go, Iced, Whole, Vanilla",$5.25,$0.00,$5.25,$0.00,iPad,Payment,Cor Coffee,,ea,1,Physical Good,Cor Coffee
2026-09-15,12:53:41,Central Time (US & Canada),Espresso Drinks,Latte,1.0,Regular,,"Regular, To go, Iced, Whole, Cinnamon Roll",$5.50,$0.00,$5.50,$0.00,iPad,Payment,Cor Coffee,,ea,1,Physical Good,Cor Coffee
2026-09-15,12:52:18,Central Time (US & Canada),Espresso Drinks,Latte,1.0,Regular,,"Regular, Iced, Oat",$5.55,$0.00,$5.55,$0.00,iPad,Payment,Cor Coffee,,ea,1,Physical Good,Cor Coffee
2026-09-15,12:48:51,Central Time (US & Canada),Espresso Drinks,Latte,1.0,Regular,,"Regular, To go, Iced, Whole",$4.75,$0.00,$4.75,$0.00,iPad,Payment,Cor Coffee,,ea,1,Physical Good,Cor Coffee
2026-09-15,12:47:34,Central Time (US & Canada),Espresso Drinks,Latte,1.0,Regular,,"Regular, To go, Iced, Almond, Cinnamon Roll",$6.30,$0.00,$6.30,$0.00,iPad,Payment,Cor Coffee,,ea,1,Physical Good,Cor Coffee
2026-09-15,12:41:48,Central Time (US & Canada),Teas,Chai Latte,1.0,Regular,,"To go, Iced, Oat, Blueberry, Cold Foam",$7.55,-$7.55,$0.00,$0.00,iPad,Payment,Cor Coffee,,ea,1,Physical Good,Cor Coffee
2026-09-15,12:39:50,Central Time (US & Canada),Espresso Drinks,Latte,1.0,Regular,,"Regular, To go, Iced, Almond, Blueberry",$6.30,$0.00,$6.30,$0.00,iPad,Payment,Cor Coffee,,ea,1,Physical Good,Cor Coffee
2026-09-15,12:39:05,Central Time (US & Canada),Espresso Drinks,Latte,1.0,Regular,,"Regular, To go, Iced, Whole, Cinnamon Roll, Cold Foam",$6.25,$0.00,$6.25,$0.00,iPad,Payment,Cor Coffee,,ea,1,Physical Good,Cor Coffee
2026-09-15,12:38:24,Central Time (US & Canada),Espresso Drinks,Latte,1.0,Regular,,"Regular, To go, Iced, Oat, Cinnamon Roll",$6.30,$0.00,$6.30,$0.00,iPad,Payment,Cor Coffee,,ea,1,Physical Good,Cor Coffee
2026-09-15,12:36:38,Central Time (US & Canada),Teas,Matcha Latte,1.0,Regular,,"Cinnamon Roll, Cold Foam, To go, Iced, Whole",$7.00,-$7.00,$0.00,$0.00,iPad,Payment,Cor Coffee,,ea,1,Physical Good,Cor Coffee
2026-09-15,12:34:57,Central Time (US & Canada),Espresso Drinks,Latte,1.0,Regular,,"Regular, To go, Iced, Whole, Vanilla",$5.25,$0.00,$5.25,$0.00,iPad,Payment,Cor Coffee,,ea,1,Physical Good,Cor Coffee
2026-09-15,12:34:28,Central Time (US & Canada),Teas,Chai Latte,2.0,Regular,,"To go, Iced, Whole, Cinnamon Roll, Cold Foam",$13.50,$0.00,$13.50,$0.00,iPad,Payment,Cor Coffee,,ea,2,Physical Good,Cor Coffee
2026-09-15,12:33:06,Central Time (US & Canada),Teas,Matcha Latte,1.0,Regular,,"Iced, Oat",$6.30,$0.00,$6.30,$0.00,iPad,Payment,Cor Coffee,,ea,1,Physical Good,Cor Coffee
2026-09-15,12:32:46,Central Time (US & Canada),Teas,Chai Latte,1.0,Regular,,"To go, Iced, Oat, Cinnamon Roll, Cold Foam",$7.55,-$7.55,$0.00,$0.00,iPad,Payment,Cor Coffee,,ea,1,Physical Good,Cor Coffee
2026-09-15,12:32:46,Central Time (US & Canada),Teas,Matcha Latte,1.0,Regular,,"Cinnamon Roll, To go, Iced, Whole, Regular",$6.25,-$6.25,$0.00,$0.00,iPad,Payment,Cor Coffee,,ea,1,Physical Good,Cor Coffee
2026-09-15,12:30:04,Central Time (US & Canada),Espresso Drinks,Latte,1.0,Regular,,"Regular, To go, Iced, Oat, Cinnamon Roll",$6.30,$0.00,$6.30,$0.00,iPad,Payment,Cor Coffee,,ea,1,Physical Good,Cor Coffee
2026-09-15,12:28:01,Central Time (US & Canada),Espresso Drinks,Latte,1.0,Regular,,"Regular, Iced, Oat",$5.55,$0.00,$5.55,$0.00,iPad,Payment,Cor Coffee,,ea,1,Physical Good,Cor Coffee
2026-09-15,12:26:53,Central Time (US & Canada),Other Drinks,Lemonade,1.0,Regular,,"To go, Blueberry",$3.75,-$1.88,$1.87,$0.00,iPad,Payment,Cor Coffee,,ea,1,Physical Good,Cor Coffee
2026-09-15,12:23:21,Central Time (US & Canada),Espresso Drinks,Latte,1.0,Regular,,"Regular, Iced, Whole, Cinnamon Roll",$5.50,$0.00,$5.50,$0.00,iPad,Payment,Cor Coffee,,ea,1,Physical Good,Cor Coffee
2026-09-15,12:22:43,Central Time (US & Canada),Espresso Drinks,Latte,1.0,Regular,,"Regular, Iced, Oat, Vanilla, Cold Foam",$6.80,$0.00,$6.80,$0.00,iPad,Payment,Cor Coffee,,ea,1,Physical Good,Cor Coffee
2026-09-15,12:21:15,Central Time (US & Canada),Other Drinks,Lemonade,1.0,Regular,,To go,$3.00,$0.00,$3.00,$0.00,iPad,Payment,Cor Coffee,,ea,1,Physical Good,Cor Coffee
2026-09-15,12:20:37,Central Time (US & Canada),Espresso Drinks,Latte,1.0,Regular,,"Regular, To go, Iced, Whole, Cinnamon Roll",$5.50,$0.00,$5.50,$0.00,iPad,Payment,Cor Coffee,,ea,1,Physical Good,Cor Coffee
2026-09-15,12:18:46,Central Time (US & Canada),Espresso Drinks,Latte,1.0,Regular,,"Regular, Here, Iced, Whole",$4.75,$0.00,$4.75,$0.00,iPad,Payment,Cor Coffee,,ea,1,Physical Good,Cor Coffee
2026-09-15,12:18:46,Central Time (US & Canada),Teas,Chai Latte,1.0,Regular,,Hot,$5.25,$0.00,$5.25,$0.00,iPad,Payment,Cor Coffee,,ea,1,Physical Good,Cor Coffee
2026-09-15,12:14:10,Central Time (US & Canada),Other Drinks,Lemonade,1.0,Regular,,,$3.00,$0.00,$3.00,$0.00,iPad,Payment,Cor Coffee,,ea,1,Physical Good,Cor Coffee
2026-09-15,12:12:08,Central Time (US & Canada),Espresso Drinks,Latte,1.0,Regular,,"Regular, To go, Iced, Whole, Vanilla",$5.25,$0.00,$5.25,$0.00,iPad,Payment,Cor Coffee,,ea,1,Physical Good,Cor Coffee
2026-09-15,12:06:35,Central Time (US & Canada),Espresso Drinks,Latte,1.0,Regular,,"Regular, To go, Iced, Oat, Lavender",$6.05,$0.00,$6.05,$0.00,iPad,Payment,Cor Coffee,,ea,1,Physical Good,Cor Coffee
2026-09-15,12:04:52,Central Time (US & Canada),Espresso Drinks,Latte,1.0,Regular,,"Regular, Here, Iced, Oat, Vanilla",$6.05,$0.00,$6.05,$0.00,iPad,Payment,Cor Coffee,,ea,1,Physical Good,Cor Coffee
2026-09-15,12:03:43,Central Time (US & Canada),Food,Taos Bar,1.0,Regular,,Almond (pink),$2.00,$0.00,$2.00,$0.00,iPad,Payment,Cor Coffee,,ea,1,Physical Good,Cor Coffee
2026-09-15,12:03:16,Central Time (US & Canada),Teas,Tea,1.0,Regular,,"Hot, Blueberry, To go",$4.50,$0.00,$4.50,$0.00,iPad,Payment,Cor Coffee,,ea,1,Physical Good,Cor Coffee
2026-09-15,12:01:46,Central Time (US & Canada),Teas,Matcha Latte,1.0,Regular,,"Vanilla, To go, Iced, Whole, Regular",$6.00,$0.00,$6.00,$0.00,iPad,Payment,Cor Coffee,,ea,1,Physical Good,Cor Coffee
2026-09-15,12:00:04,Central Time (US & Canada),Espresso Drinks,Cappuccino,1.0,Regular,,"Regular, To go, Whole, Vanilla",$5.00,$0.00,$5.00,$0.00,iPad,Payment,Cor Coffee,,ea,1,Physical Good,Cor Coffee
2026-09-15,11:58:33,Central Time (US & Canada),Teas,London Fog,1.0,Regular,,"Here, Whole",$4.75,$0.00,$4.75,$0.00,iPad,Payment,Cor Coffee,,ea,1,Physical Good,Cor Coffee
2026-09-15,11:52:59,Central Time (US & Canada),Espresso Drinks,Latte,1.0,Regular,,"Regular, Iced, Whole, Cinnamon Roll, Cold Foam",$6.25,$0.00,$6.25,$0.00,iPad,Payment,Cor Coffee,,ea,1,Physical Good,Cor Coffee
2026-09-15,11:50:19,Central Time (US & Canada),Espresso Drinks,Latte,1.0,Regular,,"Regular, To go, Iced, Whole, Cinnamon Roll",$5.50,$0.00,$5.50,$0.00,iPad,Payment,Cor Coffee,,ea,1,Physical Good,Cor Coffee
2026-09-15,11:35:10,Central Time (US & Canada),Coffee Drinks,Cold Brew,1.0,Regular,,,$4.50,$0.00,$4.50,$0.00,iPad,Payment,Cor Coffee,,ea,1,Physical Good,Cor Coffee
2026-09-15,11:34:22,Central Time (US & Canada),Espresso Drinks,Latte,1.0,Regular,,"Regular, To go, Iced, Whole, Cinnamon Roll",$5.50,$0.00,$5.50,$0.00,iPad,Payment,Cor Coffee,,ea,1,Physical Good,Cor Coffee
2026-09-15,11:34:22,Central Time (US & Canada),Food,LiaP Cookie,2.0,Regular,,,$4.00,$0.00,$4.00,$0.00,iPad,Payment,Cor Coffee,,ea,2,Physical Good,Cor Coffee
2026-09-15,11:32:19,Central Time (US & Canada),Espresso Drinks,Espresso,1.0,Regular,,"Regular, Here",$3.25,$0.00,$3.25,$0.00,iPad,Payment,Cor Coffee,,ea,1,Physical Good,Cor Coffee
2026-09-15,11:31:50,Central Time (US & Canada),Espresso Drinks,Latte,1.0,Regular,,"Regular, To go, Hot, Whole, Cinnamon Roll",$5.50,$0.00,$5.50,$0.00,iPad,Payment,Cor Coffee,,ea,1,Physical Good,Cor Coffee
2026-09-15,11:25:59,Central Time (US & Canada),Teas,Tea,1.0,Regular,,Hot,$3.75,$0.00,$3.75,$0.00,iPad,Payment,Cor Coffee,,ea,1,Physical Good,Cor Coffee
2026-09-15,11:15:45,Central Time (US & Canada),Teas,Matcha Latte,1.0,Regular,,"Vanilla, Cold Foam, To go, Iced, Oat, Sweet",$7.55,$0.00,$7.55,$0.00,iPad,Payment,Cor Coffee,,ea,1,Physical Good,Cor Coffee
2026-09-15,11:09:23,Central Time (US & Canada),Espresso Drinks,Latte,1.0,Regular,,"Regular, To go, Iced, Whole, Vanilla, Lavender",$5.75,$0.00,$5.75,$0.00,iPad,Payment,Cor Coffee,,ea,1,Physical Good,Cor Coffee
2026-09-15,11:08:01,Central Time (US & Canada),Espresso Drinks,Latte,1.0,Regular,,"Regular, To go, Iced, Oat, Cinnamon Roll",$6.30,$0.00,$6.30,$0.00,iPad,Payment,Cor Coffee,,ea,1,Physical Good,Cor Coffee
2026-09-15,11:06:00,Central Time (US & Canada),Espresso Drinks,Latte,2.0,Regular,,"Regular, To go, Iced, Oat, Vanilla, Cinnamon Roll, Cold Foam",$15.10,$0.00,$15.10,$0.00,iPad,Payment,Cor Coffee,,ea,2,Physical Good,Cor Coffee
2026-09-15,10:58:26,Central Time (US & Canada),Teas,Matcha Latte,1.0,Regular,,"Cinnamon Roll, To go, Iced, Oat",$7.05,$0.00,$7.05,$0.00,iPad,Payment,Cor Coffee,,ea,1,Physical Good,Cor Coffee
2026-09-15,10:56:30,Central Time (US & Canada),Teas,Matcha Latte,1.0,Regular,,"Cold Foam, To go, Iced, Whole, Regular",$6.25,$0.00,$6.25,$0.00,iPad,Payment,Cor Coffee,,ea,1,Physical Good,Cor Coffee
2026-09-15,10:55:41,Central Time (US & Canada),Teas,London Fog,1.0,Regular,,,$4.75,$0.00,$4.75,$0.00,iPad,Payment,Cor Coffee,,ea,1,Physical Good,Cor Coffee
2026-09-15,10:55:16,Central Time (US & Canada),Espresso Drinks,Latte,1.0,Regular,,"Regular, To go, Iced, Oat, Vanilla, Cold Foam",$6.80,$0.00,$6.80,$0.00,iPad,Payment,Cor Coffee,,ea,1,Physical Good,Cor Coffee
2026-09-15,10:54:16,Central Time (US & Canada),Coffee Drinks,Cafe Au Lait,1.0,Regular,,,$3.25,$0.00,$3.25,$0.00,iPad,Payment,Cor Coffee,,ea,1,Physical Good,Cor Coffee
2026-09-15,10:53:38,Central Time (US & Canada),Teas,Matcha Latte,1.0,Regular,,"Vanilla, To go, Iced, Oat, Regular",$6.80,$0.00,$6.80,$0.00,iPad,Payment,Cor Coffee,,ea,1,Physical Good,Cor Coffee
2026-09-15,10:52:51,Central Time (US & Canada),Coffee Drinks,Cold Brew,1.0,Regular,,To go,$4.50,$0.00,$4.50,$0.00,iPad,Payment,Cor Coffee,,ea,1,Physical Good,Cor Coffee
2026-09-15,10:52:14,Central Time (US & Canada),Teas,Matcha Latte,1.0,Regular,,"To go, Iced, Whole, Sweet",$5.50,$0.00,$5.50,$0.00,iPad,Payment,Cor Coffee,,ea,1,Physical Good,Cor Coffee
2026-09-15,10:51:44,Central Time (US & Canada),Espresso Drinks,Latte,1.0,Regular,,"Regular, To go, Iced, Whole",$4.75,$0.00,$4.75,$0.00,iPad,Payment,Cor Coffee,,ea,1,Physical Good,Cor Coffee
2026-09-15,10:51:04,Central Time (US & Canada),Espresso Drinks,Latte,1.0,Regular,,"Regular, To go, Iced, Oat, Vanilla, Cinnamon Roll, Cold Foam",$7.55,$0.00,$7.55,$0.00,iPad,Payment,Cor Coffee,,ea,1,Physical Good,Cor Coffee
2026-09-15,10:48:39,Central Time (US & Canada),Espresso Drinks,Latte,1.0,Regular,,"Regular, To go, Iced, Whole",$4.75,$0.00,$4.75,$0.00,iPad,Payment,Cor Coffee,,ea,1,Physical Good,Cor Coffee
2026-09-15,10:47:25,Central Time (US & Canada),Espresso Drinks,Latte,1.0,Regular,,"Regular, To go, Iced, Whole, Vanilla",$5.25,$0.00,$5.25,$0.00,iPad,Payment,Cor Coffee,,ea,1,Physical Good,Cor Coffee
2026-09-15,10:46:20,Central Time (US & Canada),Espresso Drinks,Latte,1.0,Regular,,"Regular, To go, Iced, Whole, Cinnamon Roll",$5.50,$0.00,$5.50,$0.00,iPad,Payment,Cor Coffee,,ea,1,Physical Good,Cor Coffee
2026-09-15,10:45:34,Central Time (US & Canada),Teas,Matcha Latte,1.0,Regular,,"Lavender, To go, Iced, Whole, Regular",$6.00,$0.00,$6.00,$0.00,iPad,Payment,Cor Coffee,,ea,1,Physical Good,Cor Coffee
2026-09-15,10:44:19,Central Time (US & Canada),Espresso Drinks,Latte,1.0,Regular,,"Regular, To go, Iced, Oat, Cinnamon Roll, Cold Foam",$7.05,$0.00,$7.05,$0.00,iPad,Payment,Cor Coffee,,ea,1,Physical Good,Cor Coffee
2026-09-15,10:40:02,Central Time (US & Canada),Espresso Drinks,Latte,1.0,Regular,,"Regular, To go, Iced, Oat, Cinnamon Roll",$6.30,$0.00,$6.30,$0.00,iPad,Payment,Cor Coffee,,ea,1,Physical Good,Cor Coffee
2026-09-15,10:38:49,Central Time (US & Canada),Espresso Drinks,Espresso,1.0,Regular,,Regular,$3.25,$0.00,$3.25,$0.00,iPad,Payment,Cor Coffee,,ea,1,Physical Good,Cor Coffee
2026-09-15,10:38:49,Central Time (US & Canada),Teas,Matcha Latte,1.0,Regular,,"Blueberry, Cold Foam, To go, Iced, Oat",$7.80,$0.00,$7.80,$0.00,iPad,Payment,Cor Coffee,,ea,1,Physical Good,Cor Coffee
2026-09-15,10:35:34,Central Time (US & Canada),Espresso Drinks,Latte,1.0,Regular,,"Regular, To go, Iced, Almond, Cinnamon Roll, Cold Foam",$7.05,$0.00,$7.05,$0.00,iPad,Payment,Cor Coffee,,ea,1,Physical Good,Cor Coffee
2026-09-15,10:35:34,Central Time (US & Canada),Other Drinks,Lemonade,1.0,Regular,,To go,$3.00,$0.00,$3.00,$0.00,iPad,Payment,Cor Coffee,,ea,1,Physical Good,Cor Coffee
2026-09-15,10:34:12,Central Time (US & Canada),Espresso Drinks,Cortado,1.0,Regular,,"Regular, Here, Oat",$4.80,$0.00,$4.80,$0.00,iPad,Payment,Cor Coffee,,ea,1,Physical Good,Cor Coffee
2026-09-15,10:34:12,Central Time (US & Canada),Espresso Drinks,Cortado,1.0,Regular,,"Regular, Here, Whole",$4.00,$0.00,$4.00,$0.00,iPad,Payment,Cor Coffee,,ea,1,Physical Good,Cor Coffee
2026-09-15,10:32:33,Central Time (US & Canada),Espresso Drinks,Latte,1.0,Regular,,"Decaf, To go, Iced, Whole, Vanilla",$5.25,$0.00,$5.25,$0.00,iPad,Payment,Cor Coffee,,ea,1,Physical Good,Cor Coffee
2026-09-15,10:30:11,Central Time (US & Canada),Coffee Drinks,Coffee,1.0,Regular,,,$3.00,$0.00,$3.00,$0.00,iPad,Payment,Cor Coffee,,ea,1,Physical Good,Cor Coffee
2026-09-15,10:18:10,Central Time (US & Canada),Espresso Drinks,Latte,1.0,Regular,,"Regular, To go, Iced, Whole",$4.75,$0.00,$4.75,$0.00,iPad,Payment,Cor Coffee,,ea,1,Physical Good,Cor Coffee
2026-09-15,10:16:18,Central Time (US & Canada),Coffee Drinks,Coffee,1.0,Regular,,,$3.00,-$3.00,$0.00,$0.00,iPad,Payment,Cor Coffee,,ea,1,Physical Good,Cor Coffee
2026-09-15,10:08:39,Central Time (US & Canada),Food,Taos Bar,1.0,Regular,,Caramel (orange),$2.00,$0.00,$2.00,$0.00,iPad,Payment,Cor Coffee,,ea,1,Physical Good,Cor Coffee
2026-09-15,10:08:39,Central Time (US & Canada),Coffee Drinks,Cafe Au Lait,1.0,Regular,,"To go, Whole",$3.25,$0.00,$3.25,$0.00,iPad,Payment,Cor Coffee,,ea,1,Physical Good,Cor Coffee
2026-09-15,10:06:45,Central Time (US & Canada),Espresso Drinks,Latte,1.0,Regular,,"Regular, Iced, Whole, Cinnamon Roll, Cold Foam",$6.25,$0.00,$6.25,$0.00,iPad,Payment,Cor Coffee,,ea,1,Physical Good,Cor Coffee
2026-09-15,10:05:20,Central Time (US & Canada),Espresso Drinks,Latte,1.0,Regular,,"Regular, Iced, Oat, Cinnamon Roll, Cold Foam",$7.05,$0.00,$7.05,$0.00,iPad,Payment,Cor Coffee,,ea,1,Physical Good,Cor Coffee
2026-09-15,10:01:07,Central Time (US & Canada),Espresso Drinks,Latte,1.0,Regular,,"Regular, Iced, Whole, Vanilla",$5.25,$0.00,$5.25,$0.00,iPad,Payment,Cor Coffee,,ea,1,Physical Good,Cor Coffee
2026-09-15,09:58:12,Central Time (US & Canada),Espresso Drinks,Latte,1.0,Regular,,"Regular, Hot, Oat, Cinnamon Roll",$6.30,$0.00,$6.30,$0.00,iPad,Payment,Cor Coffee,,ea,1,Physical Good,Cor Coffee
2026-09-15,09:56:42,Central Time (US & Canada),Teas,Matcha Latte,1.0,Regular,,"Ganache, Cold Foam, Whole, Sweet",$6.75,$0.00,$6.75,$0.00,iPad,Payment,Cor Coffee,,ea,1,Physical Good,Cor Coffee
2026-09-15,09:55:20,Central Time (US & Canada),Teas,Matcha Latte,1.0,Regular,,"Iced, Whole, Sweet",$5.50,$0.00,$5.50,$0.00,iPad,Payment,Cor Coffee,,ea,1,Physical Good,Cor Coffee
2026-09-15,09:51:50,Central Time (US & Canada),Food,Taos Bar,1.0,Regular,,,$2.00,$0.00,$2.00,$0.00,iPad,Payment,Cor Coffee,,ea,1,Physical Good,Cor Coffee
2026-09-15,09:50:58,Central Time (US & Canada),Espresso Drinks,Cappuccino,1.0,Regular,,"Regular, To go, Whole",$4.50,$0.00,$4.50,$0.00,iPad,Payment,Cor Coffee,,ea,1,Physical Good,Cor Coffee
2026-09-15,09:40:05,Central Time (US & Canada),Teas,Chai Latte,1.0,Regular,,"To go, Hot, Whole",$5.25,$0.00,$5.25,$0.00,iPad,Payment,Cor Coffee,,ea,1,Physical Good,Cor Coffee
2026-09-15,09:30:25,Central Time (US & Canada),Espresso Drinks,Latte,1.0,Regular,,"Regular, To go, Iced, Oat, Cinnamon Roll",$6.30,-$3.15,$3.15,$0.00,iPad,Payment,Cor Coffee,,ea,1,Physical Good,Cor Coffee
2026-09-15,09:25:53,Central Time (US & Canada),Coffee Drinks,Cold Brew,1.0,Regular,,,$4.50,-$4.50,$0.00,$0.00,iPad,Payment,Cor Coffee,,ea,1,Physical Good,Cor Coffee
2026-09-15,09:22:50,Central Time (US & Canada),Espresso Drinks,Latte,1.0,Regular,,"Regular, Oat, Vanilla, Cinnamon Roll, Cold Foam",$7.55,$0.00,$7.55,$0.00,iPad,Payment,Cor Coffee,,ea,1,Physical Good,Cor Coffee
2026-09-15,09:20:57,Central Time (US & Canada),Espresso Drinks,Latte,1.0,Regular,,"Regular, Iced, Whole, Cinnamon Roll",$5.50,$0.00,$5.50,$0.00,iPad,Payment,Cor Coffee,,ea,1,Physical Good,Cor Coffee
2026-09-15,09:16:39,Central Time (US & Canada),Espresso Drinks,Latte,1.0,Regular,,"Regular, Iced, Oat, Vanilla",$6.05,$0.00,$6.05,$0.00,iPad,Payment,Cor Coffee,,ea,1,Physical Good,Cor Coffee
2026-09-15,09:15:50,Central Time (US & Canada),Espresso Drinks,Latte,1.0,Regular,,"Regular, To go, Hot, Whole",$4.75,$0.00,$4.75,$0.00,iPad,Payment,Cor Coffee,,ea,1,Physical Good,Cor Coffee
2026-09-15,09:11:13,Central Time (US & Canada),Teas,Chai Latte,1.0,Regular,,"To go, Iced, Oat, Vanilla",$6.55,$0.00,$6.55,$0.00,iPad,Payment,Cor Coffee,,ea,1,Physical Good,Cor Coffee
2026-09-15,08:59:16,Central Time (US & Canada),Espresso Drinks,Flat White,1.0,Regular,,"Regular, Whole, Vanilla",$4.75,-$4.75,$0.00,$0.00,iPad,Payment,Cor Coffee,,ea,1,Physical Good,Cor Coffee
2026-09-14,15:58:14,Central Time (US & Canada),Teas,Matcha Latte,1.0,Regular,,"To go, Iced, Whole, Sweet",$5.50,-$5.50,$0.00,$0.00,iPad,Payment,Cor Coffee,,ea,1,Physical Good,Cor Coffee
2026-09-14,15:57:14,Central Time (US & Canada),Teas,London Fog,1.0,Regular,,"To go, Whole",$4.75,$0.00,$4.75,$0.00,iPad,Payment,Cor Coffee,,ea,1,Physical Good,Cor Coffee
2026-09-14,15:56:06,Central Time (US & Canada),Teas,Matcha Latte,1.0,Regular,,"Lavender, To go, Iced, Oat, Regular",$6.80,$0.00,$6.80,$0.00,iPad,Payment,Cor Coffee,,ea,1,Physical Good,Cor Coffee
2026-09-14,15:30:55,Central Time (US & Canada),Teas,Tea,1.0,Regular,,,$3.75,-$1.88,$1.87,$0.00,iPad,Payment,Cor Coffee,,ea,1,Physical Good,Cor Coffee
2026-09-14,15:28:18,Central Time (US & Canada),Food,LiaP Cookie,1.0,Regular,,,$2.00,$0.00,$2.00,$0.00,iPad,Payment,Cor Coffee,,ea,1,Physical Good,Cor Coffee
2026-09-14,15:28:18,Central Time (US & Canada),Teas,Matcha Latte,1.0,Regular,,"Cinnamon Roll, Cold Foam, To go, Iced, Almond, Regular",$7.80,$0.00,$7.80,$0.00,iPad,Payment,Cor Coffee,,ea,1,Physical Good,Cor Coffee
2026-09-14,15:26:59,Central Time (US & Canada),Other Drinks,Lemonade,1.0,Regular,,,$3.00,$0.00,$3.00,$0.00,iPad,Payment,Cor Coffee,,ea,1,Physical Good,Cor Coffee
2026-09-14,15:26:34,Central Time (US & Canada),Espresso Drinks,Latte,1.0,Regular,,"Regular, To go, Iced, Whole",$4.75,$0.00,$4.75,$0.00,iPad,Payment,Cor Coffee,,ea,1,Physical Good,Cor Coffee
2026-09-14,15:26:34,Central Time (US & Canada),Teas,Matcha Latte,1.0,Regular,,,$5.50,$0.00,$5.50,$0.00,iPad,Payment,Cor Coffee,,ea,1,Physical Good,Cor Coffee
2026-09-14,15:08:52,Central Time (US & Canada),Espresso Drinks,Cappuccino,1.0,Regular,,"Regular, Here, Whole",$4.50,$0.00,$4.50,$0.00,iPad,Payment,Cor Coffee,,ea,1,Physical Good,Cor Coffee
2026-09-14,15:00:52,Central Time (US & Canada),Espresso Drinks,Americano,1.0,Regular,,Decaf,$3.75,$0.00,$3.75,$0.00,iPad,Payment,Cor Coffee,,ea,1,Physical Good,Cor Coffee
2026-09-14,15:00:07,Central Time (US & Canada),Coffee Drinks,Coffee,1.0,Regular,,,$3.00,$0.00,$3.00,$0.00,iPad,Payment,Cor Coffee,,ea,1,Physical Good,Cor Coffee
2026-09-14,15:00:07,Central Time (US & Canada),Food,LiaP Cookie,1.0,Regular,,,$2.00,$0.00,$2.00,$0.00,iPad,Payment,Cor Coffee,,ea,1,Physical Good,Cor Coffee
2026-09-14,14:57:29,Central Time (US & Canada),Espresso Drinks,Latte,1.0,Regular,,"Regular, Iced, Soy, Cinnamon Roll",$6.30,$0.00,$6.30,$0.00,iPad,Payment,Cor Coffee,,ea,1,Physical Good,Cor Coffee
2026-09-14,14:53:06,Central Time (US & Canada),Espresso Drinks,Latte,1.0,Regular,,"Regular, To go, Iced, Whole, Vanilla, Cold Foam",$6.00,$0.00,$6.00,$0.00,iPad,Payment,Cor Coffee,,ea,1,Physical Good,Cor Coffee
2026-09-14,14:52:05,Central Time (US & Canada),Espresso Drinks,Cappuccino,1.0,Regular,,"Regular, To go, Whole, Cinnamon Roll",$5.25,$0.00,$5.25,$0.00,iPad,Payment,Cor Coffee,,ea,1,Physical Good,Cor Coffee
2026-09-14,14:50:48,Central Time (US & Canada),Espresso Drinks,Latte,1.0,Regular,,"Regular, To go, Hot, Whole, Lavender",$5.25,$0.00,$5.25,$0.00,iPad,Payment,Cor Coffee,,ea,1,Physical Good,Cor Coffee
2026-09-14,14:39:44,Central Time (US & Canada),Espresso Drinks,Latte,1.0,Regular,,"Regular, To go, Iced, Whole, Cinnamon Roll, Cold Foam",$6.25,$0.00,$6.25,$0.00,iPad,Payment,Cor Coffee,,ea,1,Physical Good,Cor Coffee
2026-09-14,14:34:21,Central Time (US & Canada),Teas,Matcha Latte,1.0,Regular,,Lavender,$6.00,$0.00,$6.00,$0.00,iPad,Payment,Cor Coffee,,ea,1,Physical Good,Cor Coffee
2026-09-14,14:21:42,Central Time (US & Canada),Espresso Drinks,Latte,1.0,Regular,,"Regular, To go, Iced, Whole, Vanilla",$5.25,$0.00,$5.25,$0.00,iPad,Payment,Cor Coffee,,ea,1,Physical Good,Cor Coffee
2026-09-14,14:20:57,Central Time (US & Canada),Espresso Drinks,Latte,2.0,Regular,,"Regular, To go, Iced, Whole, Cinnamon Roll",$11.00,$0.00,$11.00,$0.00,iPad,Payment,Cor Coffee,,ea,2,Physical Good,Cor Coffee
2026-09-14,14:19:45,Central Time (US & Canada),Teas,Matcha Latte,1.0,Regular,,"To go, Iced, Oat, Regular",$6.30,-$3.15,$3.15,$0.00,iPad,Payment,Cor Coffee,,ea,1,Physical Good,Cor Coffee
2026-09-14,14:18:31,Central Time (US & Canada),Teas,Matcha Latte,1.0,Regular,,"To go, Iced, Almond",$6.30,$0.00,$6.30,$0.00,iPad,Payment,Cor Coffee,,ea,1,Physical Good,Cor Coffee
2026-09-14,14:17:36,Central Time (US & Canada),Espresso Drinks,Latte,1.0,Regular,,"Regular, To go, Iced, Whole, Lavender",$5.25,$0.00,$5.25,$0.00,iPad,Payment,Cor Coffee,,ea,1,Physical Good,Cor Coffee
2026-09-14,14:16:38,Central Time (US & Canada),Teas,Matcha Latte,1.0,Regular,,"Here, Iced",$5.50,$0.00,$5.50,$0.00,iPad,Payment,Cor Coffee,,ea,1,Physical Good,Cor Coffee
2026-09-14,14:15:36,Central Time (US & Canada),Espresso Drinks,Latte,1.0,Regular,,"Regular, Here, Iced, Whole, Cinnamon Roll",$5.50,$0.00,$5.50,$0.00,iPad,Payment,Cor Coffee,,ea,1,Physical Good,Cor Coffee
2026-09-14,14:13:15,Central Time (US & Canada),Food,LiaP Cookie,1.0,Regular,,,$2.00,-$1.00,$1.00,$0.00,iPad,Payment,Cor Coffee,,ea,1,Physical Good,Cor Coffee
2026-09-14,14:11:41,Central Time (US & Canada),Teas,Tea,1.0,Regular,,,$3.75,$0.00,$3.75,$0.00,iPad,Payment,Cor Coffee,,ea,1,Physical Good,Cor Coffee
2026-09-14,14:05:47,Central Time (US & Canada),Espresso Drinks,Latte,1.0,Regular,,"Regular, To go, Hot, Whole, Cinnamon Roll",$5.50,$0.00,$5.50,$0.00,iPad,Payment,Cor Coffee,,ea,1,Physical Good,Cor Coffee
2026-09-14,14:04:22,Central Time (US & Canada),Espresso Drinks,Latte,1.0,Regular,,"Regular, To go, Whole",$4.75,$0.00,$4.75,$0.00,iPad,Payment,Cor Coffee,,ea,1,Physical Good,Cor Coffee
2026-09-14,14:03:38,Central Time (US & Canada),Espresso Drinks,Cappuccino,1.0,Regular,,Regular,$4.50,$0.00,$4.50,$0.00,iPad,Payment,Cor Coffee,,ea,1,Physical Good,Cor Coffee
2026-09-14,14:02:24,Central Time (US & Canada),Espresso Drinks,Latte,1.0,Regular,,"Regular, To go, Iced",$4.75,$0.00,$4.75,$0.00,iPad,Payment,Cor Coffee,,ea,1,Physical Good,Cor Coffee
2026-09-14,14:01:55,Central Time (US & Canada),Espresso Drinks,Latte,1.0,Regular,,"Regular, To go, Iced, Whole, Vanilla",$5.25,$0.00,$5.25,$0.00,iPad,Payment,Cor Coffee,,ea,1,Physical Good,Cor Coffee
2026-09-14,14:00:15,Central Time (US & Canada),Espresso Drinks,Cappuccino,1.0,Regular,,Regular,$4.50,$0.00,$4.50,$0.00,iPad,Payment,Cor Coffee,,ea,1,Physical Good,Cor Coffee
2026-09-14,13:56:46,Central Time (US & Canada),Espresso Drinks,Latte,1.0,Regular,,"Regular, To go, Iced, Whole, Vanilla",$5.25,$0.00,$5.25,$0.00,iPad,Payment,Cor Coffee,,ea,1,Physical Good,Cor Coffee
2026-09-14,13:56:02,Central Time (US & Canada),Espresso Drinks,Latte,1.0,Regular,,"Regular, To go, Hot, Whole, Cinnamon Roll",$5.50,$0.00,$5.50,$0.00,iPad,Payment,Cor Coffee,,ea,1,Physical Good,Cor Coffee
2026-09-14,13:55:18,Central Time (US & Canada),Espresso Drinks,Latte,1.0,Regular,,"Regular, To go, Hot, Oat",$5.55,$0.00,$5.55,$0.00,iPad,Payment,Cor Coffee,,ea,1,Physical Good,Cor Coffee
2026-09-14,13:44:10,Central Time (US & Canada),Espresso Drinks,Latte,1.0,Regular,,"Regular, Hot",$4.75,$0.00,$4.75,$0.00,iPad,Payment,Cor Coffee,,ea,1,Physical Good,Cor Coffee
2026-09-14,13:44:10,Central Time (US & Canada),Coffee Drinks,Cold Brew,1.0,Regular,,"Vanilla, Oat",$5.80,$0.00,$5.80,$0.00,iPad,Payment,Cor Coffee,,ea,1,Physical Good,Cor Coffee
2026-09-14,13:38:55,Central Time (US & Canada),Teas,Tea,1.0,Regular,,,$3.75,$0.00,$3.75,$0.00,iPad,Payment,Cor Coffee,,ea,1,Physical Good,Cor Coffee
2026-09-14,13:35:56,Central Time (US & Canada),Espresso Drinks,Latte,1.0,Regular,,"Regular, Here, Iced, Almond, Vanilla",$6.05,$0.00,$6.05,$0.00,iPad,Payment,Cor Coffee,,ea,1,Physical Good,Cor Coffee
2026-09-14,13:32:11,Central Time (US & Canada),Espresso Drinks,Latte,1.0,Regular,,"Regular, To go, Iced, Oat",$5.55,$0.00,$5.55,$0.00,iPad,Payment,Cor Coffee,,ea,1,Physical Good,Cor Coffee
2026-09-14,13:31:02,Central Time (US & Canada),Teas,Chai Latte,1.0,Regular,,,$5.25,$0.00,$5.25,$0.00,iPad,Payment,Cor Coffee,,ea,1,Physical Good,Cor Coffee
2026-09-14,13:29:09,Central Time (US & Canada),Teas,Matcha Latte,1.0,Regular,,"Vanilla, Here, Iced, Whole, Regular",$6.00,$0.00,$6.00,$0.00,iPad,Payment,Cor Coffee,,ea,1,Physical Good,Cor Coffee
2026-09-14,13:23:54,Central Time (US & Canada),Teas,Matcha Latte,1.0,Regular,,Vanilla,$6.00,$0.00,$6.00,$0.00,iPad,Payment,Cor Coffee,,ea,1,Physical Good,Cor Coffee
2026-09-14,13:22:46,Central Time (US & Canada),Coffee Drinks,Cafe Au Lait,1.0,Regular,,,$3.25,$0.00,$3.25,$0.00,iPad,Payment,Cor Coffee,,ea,1,Physical Good,Cor Coffee
2026-09-14,13:22:46,Central Time (US & Canada),Food,Taos Bar,1.0,Regular,,,$2.00,$0.00,$2.00,$0.00,iPad,Payment,Cor Coffee,,ea,1,Physical Good,Cor Coffee
2026-09-14,13:17:37,Central Time (US & Canada),Espresso Drinks,Latte,1.0,Regular,,"Regular, Whole",$4.75,$0.00,$4.75,$0.00,iPad,Payment,Cor Coffee,,ea,1,Physical Good,Cor Coffee
2026-09-14,13:15:47,Central Time (US & Canada),Teas,Tea,1.0,Regular,,Hot,$3.75,$0.00,$3.75,$0.00,iPad,Payment,Cor Coffee,,ea,1,Physical Good,Cor Coffee
2026-09-14,13:14:34,Central Time (US & Canada),Coffee Drinks,Coffee,1.0,Regular,,,$3.00,$0.00,$3.00,$0.00,iPad,Payment,Cor Coffee,,ea,1,Physical Good,Cor Coffee
2026-09-14,13:12:05,Central Time (US & Canada),Espresso Drinks,Latte,2.0,Regular,,"Regular, To go, Hot, Whole, Vanilla",$10.50,$0.00,$10.50,$0.00,iPad,Payment,Cor Coffee,,ea,2,Physical Good,Cor Coffee
2026-09-14,13:10:33,Central Time (US & Canada),Teas,Matcha Latte,1.0,Regular,,"Vanilla, Cold Foam, Iced, Oat",$7.55,$0.00,$7.55,$0.00,iPad,Payment,Cor Coffee,,ea,1,Physical Good,Cor Coffee
2026-09-14,13:09:08,Central Time (US & Canada),Coffee Drinks,Coffee,1.0,Regular,,,$3.00,$0.00,$3.00,$0.00,iPad,Payment,Cor Coffee,,ea,1,Physical Good,Cor Coffee
2026-09-14,13:07:41,Central Time (US & Canada),Teas,Matcha Latte,1.0,Regular,,"Cold Foam, To go, Iced, Whole",$6.25,$0.00,$6.25,$0.00,iPad,Payment,Cor Coffee,,ea,1,Physical Good,Cor Coffee
2026-09-14,13:06:26,Central Time (US & Canada),Espresso Drinks,Latte,1.0,Regular,,"Regular, To go, Iced, Cinnamon Roll, Cold Foam",$6.25,$0.00,$6.25,$0.00,iPad,Payment,Cor Coffee,,ea,1,Physical Good,Cor Coffee
2026-09-14,13:06:26,Central Time (US & Canada),Teas,Matcha Latte,1.0,Regular,,Blueberry,$6.25,$0.00,$6.25,$0.00,iPad,Payment,Cor Coffee,,ea,1,Physical Good,Cor Coffee
2026-09-14,13:04:09,Central Time (US & Canada),Espresso Drinks,Latte,1.0,Regular,,"Regular, To go, Iced, Whole, Cinnamon Roll",$5.50,$0.00,$5.50,$0.00,iPad,Payment,Cor Coffee,,ea,1,Physical Good,Cor Coffee
2026-09-14,13:03:14,Central Time (US & Canada),Coffee Drinks,Cold Brew,1.0,Regular,,,$4.50,$0.00,$4.50,$0.00,iPad,Payment,Cor Coffee,,ea,1,Physical Good,Cor Coffee
2026-09-14,13:02:22,Central Time (US & Canada),Coffee Drinks,Cold Brew,1.0,Regular,,,$4.50,$0.00,$4.50,$0.00,iPad,Payment,Cor Coffee,,ea,1,Physical Good,Cor Coffee
2026-09-14,13:02:22,Central Time (US & Canada),Espresso Drinks,Latte,1.0,Regular,,"Regular, To go, Iced, Whole, Vanilla",$5.25,$0.00,$5.25,$0.00,iPad,Payment,Cor Coffee,,ea,1,Physical Good,Cor Coffee
2026-09-14,13:00:19,Central Time (US & Canada),Food,Taos Bar,1.0,Regular,,,$2.00,$0.00,$2.00,$0.00,iPad,Payment,Cor Coffee,,ea,1,Physical Good,Cor Coffee
2026-09-14,12:59:17,Central Time (US & Canada),Coffee Drinks,Cold Brew,1.0,Regular,,Vanilla,$5.00,$0.00,$5.00,$0.00,iPad,Payment,Cor Coffee,,ea,1,Physical Good,Cor Coffee
2026-09-14,12:58:06,Central Time (US & Canada),Espresso Drinks,Latte,1.0,Regular,,"Regular, To go, Iced, Whole, Cinnamon Roll",$5.50,$0.00,$5.50,$0.00,iPad,Payment,Cor Coffee,,ea,1,Physical Good,Cor Coffee
2026-09-14,12:57:18,Central Time (US & Canada),Espresso Drinks,Latte,1.0,Regular,,"Regular, To go, Iced, Whole, Lavender",$5.25,$0.00,$5.25,$0.00,iPad,Payment,Cor Coffee,,ea,1,Physical Good,Cor Coffee
2026-09-14,12:56:41,Central Time (US & Canada),Food,LiaP Cookie,1.0,Regular,,,$2.00,$0.00,$2.00,$0.00,iPad,Payment,Cor Coffee,,ea,1,Physical Good,Cor Coffee
2026-09-14,12:56:41,Central Time (US & Canada),Espresso Drinks,Latte,1.0,Regular,,Regular,$4.75,$0.00,$4.75,$0.00,iPad,Payment,Cor Coffee,,ea,1,Physical Good,Cor Coffee
2026-09-14,12:56:04,Central Time (US & Canada),Teas,Tea,1.0,Regular,,,$3.75,$0.00,$3.75,$0.00,iPad,Payment,Cor Coffee,,ea,1,Physical Good,Cor Coffee
2026-09-14,12:54:52,Central Time (US & Canada),Espresso Drinks,Latte,1.0,Regular,,"Regular, To go, Iced, Whole, Cinnamon Roll",$5.50,$0.00,$5.50,$0.00,iPad,Payment,Cor Coffee,,ea,1,Physical Good,Cor Coffee
2026-09-14,12:53:51,Central Time (US & Canada),Espresso Drinks,Latte,1.0,Regular,,"Regular, To go, Iced, Whole, Cinnamon Roll",$5.50,$0.00,$5.50,$0.00,iPad,Payment,Cor Coffee,,ea,1,Physical Good,Cor Coffee
2026-09-14,12:53:05,Central Time (US & Canada),Espresso Drinks,Latte,1.0,Regular,,"Regular, To go, Iced, Almond, Cinnamon Roll",$6.30,$0.00,$6.30,$0.00,iPad,Payment,Cor Coffee,,ea,1,Physical Good,Cor Coffee
2026-09-14,12:52:20,Central Time (US & Canada),Espresso Drinks,Latte,1.0,Regular,,"Regular, To go, Iced, Whole, Cinnamon Roll, Cold Foam",$6.25,$0.00,$6.25,$0.00,iPad,Payment,Cor Coffee,,ea,1,Physical Good,Cor Coffee
2026-09-14,12:51:22,Central Time (US & Canada),Espresso Drinks,Latte,1.0,Regular,,"Regular, To go, Iced, Whole, Vanilla, Cold Foam",$6.00,$0.00,$6.00,$0.00,iPad,Payment,Cor Coffee,,ea,1,Physical Good,Cor Coffee
2026-09-14,12:48:59,Central Time (US & Canada),Espresso Drinks,Flat White,1.0,Regular,,Regular,$4.25,$0.00,$4.25,$0.00,iPad,Payment,Cor Coffee,,ea,1,Physical Good,Cor Coffee
2026-09-14,12:48:59,Central Time (US & Canada),Coffee Drinks,Coffee,1.0,Regular,,,$3.00,$0.00,$3.00,$0.00,iPad,Payment,Cor Coffee,,ea,1,Physical Good,Cor Coffee
2026-09-14,12:48:03,Central Time (US & Canada),Espresso Drinks,Espresso,1.0,Regular,,"Vanilla, Regular",$3.75,$0.00,$3.75,$0.00,iPad,Payment,Cor Coffee,,ea,1,Physical Good,Cor Coffee
2026-09-14,12:46:35,Central Time (US & Canada),Espresso Drinks,Mocha,1.0,Regular,,"Regular, To go, Iced, Oat",$6.05,$0.00,$6.05,$0.00,iPad,Payment,Cor Coffee,,ea,1,Physical Good,Cor Coffee
2026-09-14,12:45:47,Central Time (US & Canada),Teas,Matcha Latte,1.0,Regular,,Lavender,$6.00,$0.00,$6.00,$0.00,iPad,Payment,Cor Coffee,,ea,1,Physical Good,Cor Coffee
2026-09-14,12:44:53,Central Time (US & Canada),Teas,Matcha Latte,1.0,Regular,,Cinnamon Roll,$6.25,$0.00,$6.25,$0.00,iPad,Payment,Cor Coffee,,ea,1,Physical Good,Cor Coffee
2026-09-14,12:43:42,Central Time (US & Canada),Espresso Drinks,Latte,1.0,Regular,,"Regular, To go, Iced, Oat, Vanilla, Cold Foam",$6.80,$0.00,$6.80,$0.00,iPad,Payment,Cor Coffee,,ea,1,Physical Good,Cor Coffee
2026-09-14,12:41:48,Central Time (US & Canada),Espresso Drinks,Latte,1.0,Regular,,"Regular, To go, Iced, Whole, Vanilla, Cold Foam",$6.00,$0.00,$6.00,$0.00,iPad,Payment,Cor Coffee,,ea,1,Physical Good,Cor Coffee
2026-09-14,12:40:58,Central Time (US & Canada),Espresso Drinks,Latte,1.0,Regular,,"Regular, Here, Hot, Whole, Vanilla",$5.25,$0.00,$5.25,$0.00,iPad,Payment,Cor Coffee,,ea,1,Physical Good,Cor Coffee
2026-09-14,12:40:12,Central Time (US & Canada),Food,LiaP Cookie,1.0,Regular,,,$2.00,$0.00,$2.00,$0.00,iPad,Payment,Cor Coffee,,ea,1,Physical Good,Cor Coffee
2026-09-14,12:39:24,Central Time (US & Canada),Teas,Chai Latte,1.0,Regular,,,$5.25,-$5.25,$0.00,$0.00,iPad,Payment,Cor Coffee,,ea,1,Physical Good,Cor Coffee
2026-09-14,12:38:28,Central Time (US & Canada),Teas,Matcha Latte,1.0,Regular,,Cinnamon Roll,$6.25,$0.00,$6.25,$0.00,iPad,Payment,Cor Coffee,,ea,1,Physical Good,Cor Coffee
2026-09-14,12:37:09,Central Time (US & Canada),Espresso Drinks,Latte,1.0,Regular,,"Regular, To go, Iced, Whole, Cinnamon Roll, Cold Foam",$6.25,$0.00,$6.25,$0.00,iPad,Payment,Cor Coffee,,ea,1,Physical Good,Cor Coffee
2026-09-14,11:56:11,Central Time (US & Canada),Espresso Drinks,Latte,1.0,Regular,,"Regular, To go, Iced, Whole, Cinnamon Roll",$5.50,$0.00,$5.50,$0.00,iPad,Payment,Cor Coffee,,ea,1,Physical Good,Cor Coffee
2026-09-14,11:55:09,Central Time (US & Canada),Espresso Drinks,Latte,1.0,Regular,,"Regular, To go, Hot, Oat, Cinnamon Roll",$6.30,$0.00,$6.30,$0.00,iPad,Payment,Cor Coffee,,ea,1,Physical Good,Cor Coffee
2026-09-14,11:54:27,Central Time (US & Canada),Espresso Drinks,Latte,1.0,Regular,,"Regular, To go, Hot, Oat, Cinnamon Roll",$6.30,$0.00,$6.30,$0.00,iPad,Payment,Cor Coffee,,ea,1,Physical Good,Cor Coffee
2026-09-14,11:53:20,Central Time (US & Canada),Teas,Chai Latte,1.0,Regular,,"To go, Hot, Whole",$5.25,$0.00,$5.25,$0.00,iPad,Payment,Cor Coffee,,ea,1,Physical Good,Cor Coffee
2026-09-14,11:52:51,Central Time (US & Canada),Teas,Matcha Latte,1.0,Regular,,"To go, Hot, Oat, Regular",$6.30,$0.00,$6.30,$0.00,iPad,Payment,Cor Coffee,,ea,1,Physical Good,Cor Coffee
2026-09-14,11:52:51,Central Time (US & Canada),Food,Taos Bar,1.0,Regular,,Blueberry Lemon (yellow),$2.00,$0.00,$2.00,$0.00,iPad,Payment,Cor Coffee,,ea,1,Physical Good,Cor Coffee
2026-09-14,11:51:22,Central Time (US & Canada),Teas,Matcha Latte,1.0,Regular,,"Vanilla, To go, Iced, Whole, Regular",$6.00,-$3.00,$3.00,$0.00,iPad,Payment,Cor Coffee,,ea,1,Physical Good,Cor Coffee
2026-09-14,11:50:11,Central Time (US & Canada),Teas,Matcha Latte,1.0,Regular,,"Lavender, To go, Iced, Whole, Regular",$6.00,-$3.00,$3.00,$0.00,iPad,Payment,Cor Coffee,,ea,1,Physical Good,Cor Coffee
2026-09-14,11:49:13,Central Time (US & Canada),Espresso Drinks,Latte,1.0,Regular,,"Regular, To go, Iced, Whole, Cinnamon Roll, Cold Foam",$6.25,-$3.12,$3.13,$0.00,iPad,Payment,Cor Coffee,,ea,1,Physical Good,Cor Coffee
2026-09-14,11:47:49,Central Time (US & Canada),Espresso Drinks,Latte,1.0,Regular,,"Regular, To go, Iced, Whole, Cinnamon Roll, Cold Foam",$6.25,$0.00,$6.25,$0.00,iPad,Payment,Cor Coffee,,ea,1,Physical Good,Cor Coffee
2026-09-14,11:46:11,Central Time (US & Canada),Espresso Drinks,Latte,1.0,Regular,,"Regular, To go, Iced, Almond, Blueberry, Cold Foam",$7.05,$0.00,$7.05,$0.00,iPad,Payment,Cor Coffee,,ea,1,Physical Good,Cor Coffee
2026-09-14,11:44:45,Central Time (US & Canada),Coffee Drinks,Cold Brew,1.0,Regular,,,$4.50,$0.00,$4.50,$0.00,iPad,Payment,Cor Coffee,,ea,1,Physical Good,Cor Coffee
2026-09-14,11:44:07,Central Time (US & Canada),Teas,Matcha Latte,1.0,Regular,,"Vanilla, To go, Iced, Oat, Regular",$6.80,$0.00,$6.80,$0.00,iPad,Payment,Cor Coffee,,ea,1,Physical Good,Cor Coffee
2026-09-14,11:39:56,Central Time (US & Canada),Espresso Drinks,Latte,1.0,Regular,,"Regular, To go, Oat, Lavender",$6.05,$0.00,$6.05,$0.00,iPad,Payment,Cor Coffee,,ea,1,Physical Good,Cor Coffee
2026-09-14,11:36:38,Central Time (US & Canada),Teas,Matcha Latte,1.0,Regular,,"To go, Iced, Whole, Regular",$5.50,$0.00,$5.50,$0.00,iPad,Payment,Cor Coffee,,ea,1,Physical Good,Cor Coffee
2026-09-14,11:35:18,Central Time (US & Canada),Espresso Drinks,Latte,1.0,Regular,,"Regular, To go, Iced, Whole, Cinnamon Roll",$5.50,$0.00,$5.50,$0.00,iPad,Payment,Cor Coffee,,ea,1,Physical Good,Cor Coffee
2026-09-14,11:29:58,Central Time (US & Canada),Espresso Drinks,Latte,1.0,Regular,,"Regular, To go, Iced, Oat, Vanilla",$6.05,-$6.05,$0.00,$0.00,iPad,Payment,Cor Coffee,,ea,1,Physical Good,Cor Coffee
2026-09-14,11:20:05,Central Time (US & Canada),Espresso Drinks,Espresso,1.0,Regular,,"Regular, Here",$3.25,$0.00,$3.25,$0.00,iPad,Payment,Cor Coffee,,ea,1,Physical Good,Cor Coffee
2026-09-14,11:15:25,Central Time (US & Canada),Teas,Tea,1.0,Regular,,Hot,$3.75,$0.00,$3.75,$0.00,iPad,Payment,Cor Coffee,,ea,1,Physical Good,Cor Coffee
2026-09-14,11:10:50,Central Time (US & Canada),Espresso Drinks,Latte,1.0,Regular,,"Regular, To go, Iced, Whole, Cinnamon Roll",$5.50,$0.00,$5.50,$0.00,iPad,Payment,Cor Coffee,,ea,1,Physical Good,Cor Coffee
2026-09-14,11:10:50,Central Time (US & Canada),Teas,Tea,1.0,Regular,,"Iced, To go",$3.75,$0.00,$3.75,$0.00,iPad,Payment,Cor Coffee,,ea,1,Physical Good,Cor Coffee
2026-09-14,11:04:48,Central Time (US & Canada),Espresso Drinks,Latte,1.0,Regular,,"Regular, To go, Iced, Whole, Blueberry, Cold Foam",$6.25,$0.00,$6.25,$0.00,iPad,Payment,Cor Coffee,,ea,1,Physical Good,Cor Coffee
2026-09-14,11:03:40,Central Time (US & Canada),Espresso Drinks,Cappuccino,1.0,Regular,,"Regular, Here, Whole",$4.50,$0.00,$4.50,$0.00,iPad,Payment,Cor Coffee,,ea,1,Physical Good,Cor Coffee
2026-09-14,11:02:59,Central Time (US & Canada),Espresso Drinks,Latte,1.0,Regular,,"Regular, To go, Hot, Whole, Cinnamon Roll",$5.50,$0.00,$5.50,$0.00,iPad,Payment,Cor Coffee,,ea,1,Physical Good,Cor Coffee
2026-09-14,11:01:33,Central Time (US & Canada),Espresso Drinks,Cortado,1.0,Regular,,Regular,$4.00,$0.00,$4.00,$0.00,iPad,Payment,Cor Coffee,,ea,1,Physical Good,Cor Coffee
2026-09-14,11:00:51,Central Time (US & Canada),Espresso Drinks,Latte,1.0,Regular,,"Regular, To go, Iced, Oat, Cinnamon Roll, Cold Foam",$7.05,$0.00,$7.05,$0.00,iPad,Payment,Cor Coffee,,ea,1,Physical Good,Cor Coffee
2026-09-14,10:59:56,Central Time (US & Canada),Teas,Matcha Latte,1.0,Regular,,Cinnamon Roll,$6.25,$0.00,$6.25,$0.00,iPad,Payment,Cor Coffee,,ea,1,Physical Good,Cor Coffee
2026-09-14,10:59:11,Central Time (US & Canada),Espresso Drinks,Latte,1.0,Regular,,"Regular, To go, Iced, Whole, Vanilla",$5.25,$0.00,$5.25,$0.00,iPad,Payment,Cor Coffee,,ea,1,Physical Good,Cor Coffee
2026-09-14,10:58:27,Central Time (US & Canada),Coffee Drinks,Cold Brew,1.0,Regular,,,$4.50,$0.00,$4.50,$0.00,iPad,Payment,Cor Coffee,,ea,1,Physical Good,Cor Coffee
2026-09-14,10:58:02,Central Time (US & Canada),Teas,Matcha Latte,1.0,Regular,,"Blueberry, To go, Iced, Whole, Regular",$6.25,$0.00,$6.25,$0.00,iPad,Payment,Cor Coffee,,ea,1,Physical Good,Cor Coffee
2026-09-14,10:56:55,Central Time (US & Canada),Espresso Drinks,Latte,1.0,Regular,,"Regular, To go, Iced, Whole, Lavender",$5.25,$0.00,$5.25,$0.00,iPad,Payment,Cor Coffee,,ea,1,Physical Good,Cor Coffee
2026-09-14,10:56:55,Central Time (US & Canada),Teas,Tea,1.0,Regular,,,$3.75,$0.00,$3.75,$0.00,iPad,Payment,Cor Coffee,,ea,1,Physical Good,Cor Coffee
2026-09-14,10:54:47,Central Time (US & Canada),Espresso Drinks,Latte,1.0,Regular,,"Regular, Iced, Whole, Cinnamon Roll",$5.50,$0.00,$5.50,$0.00,iPad,Payment,Cor Coffee,,ea,1,Physical Good,Cor Coffee
2026-09-14,10:54:47,Central Time (US & Canada),Teas,Matcha Latte,1.0,Regular,,"Whole, Sweet",$5.50,$0.00,$5.50,$0.00,iPad,Payment,Cor Coffee,,ea,1,Physical Good,Cor Coffee
2026-09-14,10:53:35,Central Time (US & Canada),Coffee Drinks,Cold Brew,1.0,Regular,,,$4.50,$0.00,$4.50,$0.00,iPad,Payment,Cor Coffee,,ea,1,Physical Good,Cor Coffee
2026-09-14,10:53:01,Central Time (US & Canada),Espresso Drinks,Latte,1.0,Regular,,"Regular, To go, Iced, Whole",$4.75,$0.00,$4.75,$0.00,iPad,Payment,Cor Coffee,,ea,1,Physical Good,Cor Coffee
2026-09-14,10:52:14,Central Time (US & Canada),Teas,Chai Latte,1.0,Regular,,,$5.25,$0.00,$5.25,$0.00,iPad,Payment,Cor Coffee,,ea,1,Physical Good,Cor Coffee
2026-09-14,10:51:24,Central Time (US & Canada),Espresso Drinks,Latte,1.0,Regular,,"Regular, Iced, Whole, Cinnamon Roll, Cold Foam",$6.25,$0.00,$6.25,$0.00,iPad,Payment,Cor Coffee,,ea,1,Physical Good,Cor Coffee
2026-09-14,10:50:44,Central Time (US & Canada),Espresso Drinks,Latte,1.0,Regular,,"Regular, To go, Cinnamon Roll, Cold Foam",$6.25,$0.00,$6.25,$0.00,iPad,Payment,Cor Coffee,,ea,1,Physical Good,Cor Coffee
2026-09-14,10:48:31,Central Time (US & Canada),Coffee Drinks,Cold Brew,1.0,Regular,,"To go, Cinnamon Roll, Whole",$5.25,$0.00,$5.25,$0.00,iPad,Payment,Cor Coffee,,ea,1,Physical Good,Cor Coffee
2026-09-14,10:47:09,Central Time (US & Canada),Food,Taos Bar,1.0,Regular,,Toasted Coconut (blue),$2.00,$0.00,$2.00,$0.00,iPad,Payment,Cor Coffee,,ea,1,Physical Good,Cor Coffee
2026-09-14,10:47:09,Central Time (US & Canada),Coffee Drinks,Cold Brew,1.0,Regular,,"To go, Cinnamon Roll, Half&Half (drip splash)",$5.25,$0.00,$5.25,$0.00,iPad,Payment,Cor Coffee,,ea,1,Physical Good,Cor Coffee
2026-09-14,10:46:01,Central Time (US & Canada),Espresso Drinks,Latte,1.0,Regular,,"Regular, To go, Iced, Whole, Cinnamon Roll",$5.50,$0.00,$5.50,$0.00,iPad,Payment,Cor Coffee,,ea,1,Physical Good,Cor Coffee
2026-09-14,10:46:01,Central Time (US & Canada),Food,Taos Bar,1.0,Regular,,Blueberry Lemon (yellow),$2.00,$0.00,$2.00,$0.00,iPad,Payment,Cor Coffee,,ea,1,Physical Good,Cor Coffee
2026-09-14,10:40:29,Central Time (US & Canada),Espresso Drinks,Latte,1.0,Regular,,"Regular, To go, Iced, Whole, Cinnamon Roll, Cold Foam",$6.25,$0.00,$6.25,$0.00,iPad,Payment,Cor Coffee,,ea,1,Physical Good,Cor Coffee
2026-09-14,10:33:58,Central Time (US & Canada),Teas,Matcha Latte,1.0,Regular,,"To go, Iced, Oat, Regular",$6.30,$0.00,$6.30,$0.00,iPad,Payment,Cor Coffee,,ea,1,Physical Good,Cor Coffee
2026-09-14,10:33:58,Central Time (US & Canada),Coffee Drinks,Cold Brew,1.0,Regular,,,$4.50,$0.00,$4.50,$0.00,iPad,Payment,Cor Coffee,,ea,1,Physical Good,Cor Coffee
2026-09-14,10:32:24,Central Time (US & Canada),Espresso Drinks,Mocha,1.0,Regular,,"Regular, To go, Iced, Oat",$6.05,$0.00,$6.05,$0.00,iPad,Payment,Cor Coffee,,ea,1,Physical Good,Cor Coffee
2026-09-14,10:31:48,Central Time (US & Canada),Espresso Drinks,Latte,1.0,Regular,,"Decaf, To go, Iced, Oat, Vanilla",$6.05,$0.00,$6.05,$0.00,iPad,Payment,Cor Coffee,,ea,1,Physical Good,Cor Coffee
2026-09-14,10:29:16,Central Time (US & Canada),Teas,Matcha Latte,1.0,Regular,,To go,$5.50,$0.00,$5.50,$0.00,iPad,Payment,Cor Coffee,,ea,1,Physical Good,Cor Coffee
2026-09-14,10:22:49,Central Time (US & Canada),Espresso Drinks,Americano,1.0,Regular,,"Regular, To go, Hot",$3.75,$0.00,$3.75,$0.00,iPad,Payment,Cor Coffee,,ea,1,Physical Good,Cor Coffee
2026-09-14,10:22:14,Central Time (US & Canada),Espresso Drinks,Latte,1.0,Regular,,"Regular, Here, Iced, Whole",$4.75,$0.00,$4.75,$0.00,iPad,Payment,Cor Coffee,,ea,1,Physical Good,Cor Coffee
2026-09-14,10:20:18,Central Time (US & Canada),Espresso Drinks,Latte,1.0,Regular,,"Regular, To go, Iced, Whole",$4.75,$0.00,$4.75,$0.00,iPad,Payment,Cor Coffee,,ea,1,Physical Good,Cor Coffee
2026-09-14,10:18:22,Central Time (US & Canada),Espresso Drinks,Latte,1.0,Regular,,"Regular, To go, Iced, Whole, Vanilla",$5.25,$0.00,$5.25,$0.00,iPad,Payment,Cor Coffee,,ea,1,Physical Good,Cor Coffee
2026-09-14,10:14:43,Central Time (US & Canada),Espresso Drinks,Latte,1.0,Regular,,"Regular, To go, Iced, Whole, Cinnamon Roll",$5.50,$0.00,$5.50,$0.00,iPad,Payment,Cor Coffee,,ea,1,Physical Good,Cor Coffee
2026-09-14,10:12:10,Central Time (US & Canada),Espresso Drinks,Latte,1.0,Regular,,"Regular, To go, Iced, Oat, Vanilla",$6.05,$0.00,$6.05,$0.00,iPad,Payment,Cor Coffee,,ea,1,Physical Good,Cor Coffee
2026-09-14,10:10:31,Central Time (US & Canada),Espresso Drinks,Latte,1.0,Regular,,"Regular, To go, Hot, Oat, Cinnamon Roll",$6.30,$0.00,$6.30,$0.00,iPad,Payment,Cor Coffee,,ea,1,Physical Good,Cor Coffee
2026-09-14,10:09:21,Central Time (US & Canada),Espresso Drinks,Latte,1.0,Regular,,Regular,$4.75,$0.00,$4.75,$0.00,iPad,Payment,Cor Coffee,,ea,1,Physical Good,Cor Coffee
2026-09-14,10:08:39,Central Time (US & Canada),Teas,Chai Latte,1.0,Regular,,"To go, Iced, Whole",$5.25,$0.00,$5.25,$0.00,iPad,Payment,Cor Coffee,,ea,1,Physical Good,Cor Coffee
2026-09-14,10:05:39,Central Time (US & Canada),Other Drinks,Lemonade,1.0,Regular,,To go,$3.00,$0.00,$3.00,$0.00,iPad,Payment,Cor Coffee,,ea,1,Physical Good,Cor Coffee
2026-09-14,10:04:07,Central Time (US & Canada),Espresso Drinks,Cappuccino,1.0,Regular,,"Regular, Here, Whole",$4.50,$0.00,$4.50,$0.00,iPad,Payment,Cor Coffee,,ea,1,Physical Good,Cor Coffee
2026-09-14,10:03:14,Central Time (US & Canada),Espresso Drinks,Flat White,1.0,Regular,,"Regular, Here, Almond, Vanilla",$5.55,-$5.55,$0.00,$0.00,iPad,Payment,Cor Coffee,,ea,1,Physical Good,Cor Coffee
2026-09-14,10:00:47,Central Time (US & Canada),Espresso Drinks,Americano,1.0,Regular,,"Regular, To go, Iced",$3.75,$0.00,$3.75,$0.00,iPad,Payment,Cor Coffee,,ea,1,Physical Good,Cor Coffee
2026-09-14,09:59:58,Central Time (US & Canada),Espresso Drinks,Flat White,1.0,Regular,,"Regular, To go, Whole",$4.25,$0.00,$4.25,$0.00,iPad,Payment,Cor Coffee,,ea,1,Physical Good,Cor Coffee
2026-09-14,09:58:38,Central Time (US & Canada),Espresso Drinks,Latte,1.0,Regular,,"Regular, To go, Iced, Whole, Cinnamon Roll, Cold Foam",$6.25,$0.00,$6.25,$0.00,iPad,Payment,Cor Coffee,,ea,1,Physical Good,Cor Coffee
2026-09-14,09:56:53,Central Time (US & Canada),Espresso Drinks,Latte,1.0,Regular,,"Regular, To go, Iced, Whole, Lavender",$5.25,$0.00,$5.25,$0.00,iPad,Payment,Cor Coffee,,ea,1,Physical Good,Cor Coffee
2026-09-14,09:53:00,Central Time (US & Canada),Espresso Drinks,Latte,1.0,Regular,,"Regular, To go, Iced, Oat",$5.55,$0.00,$5.55,$0.00,iPad,Payment,Cor Coffee,,ea,1,Physical Good,Cor Coffee
2026-09-14,09:51:25,Central Time (US & Canada),Coffee Drinks,Coffee,1.0,Regular,,To go,$3.00,$0.00,$3.00,$0.00,iPad,Payment,Cor Coffee,,ea,1,Physical Good,Cor Coffee
2026-09-14,09:47:14,Central Time (US & Canada),Espresso Drinks,Latte,1.0,Regular,,"Regular, To go, Iced, Whole",$4.75,$0.00,$4.75,$0.00,iPad,Payment,Cor Coffee,,ea,1,Physical Good,Cor Coffee
2026-09-14,09:45:52,Central Time (US & Canada),Espresso Drinks,Latte,1.0,Regular,,"Regular, To go, Hot, Whole",$4.75,$0.00,$4.75,$0.00,iPad,Payment,Cor Coffee,,ea,1,Physical Good,Cor Coffee
2026-09-14,09:41:07,Central Time (US & Canada),Espresso Drinks,Latte,1.0,Regular,,"Regular, To go, Iced, Whole, Vanilla",$5.25,-$5.25,$0.00,$0.00,iPad,Payment,Cor Coffee,,ea,1,Physical Good,Cor Coffee
2026-09-14,09:40:09,Central Time (US & Canada),Espresso Drinks,Latte,1.0,Regular,,"Regular, To go, Iced, Whole, Vanilla",$5.25,$0.00,$5.25,$0.00,iPad,Payment,Cor Coffee,,ea,1,Physical Good,Cor Coffee
2026-09-14,09:38:57,Central Time (US & Canada),Espresso Drinks,Latte,1.0,Regular,,"Regular, Here, Iced, Oat, Cinnamon Roll",$6.30,-$3.15,$3.15,$0.00,iPad,Payment,Cor Coffee,,ea,1,Physical Good,Cor Coffee
2026-09-14,09:37:47,Central Time (US & Canada),Espresso Drinks,Latte,1.0,Regular,,"Regular, To go, Iced, Oat",$5.55,-$5.55,$0.00,$0.00,iPad,Payment,Cor Coffee,,ea,1,Physical Good,Cor Coffee
2026-09-14,09:34:30,Central Time (US & Canada),Espresso Drinks,Latte,1.0,Regular,,"Regular, To go, Iced, Whole, Vanilla",$5.25,$0.00,$5.25,$0.00,iPad,Payment,Cor Coffee,,ea,1,Physical Good,Cor Coffee
2026-09-14,09:30:25,Central Time (US & Canada),Espresso Drinks,Americano,1.0,Regular,,"Decaf, To go, Hot",$3.75,$0.00,$3.75,$0.00,iPad,Payment,Cor Coffee,,ea,1,Physical Good,Cor Coffee
2026-09-14,09:23:20,Central Time (US & Canada),Espresso Drinks,Cortado,1.0,Regular,,"Regular, Here, Oat",$4.80,$0.00,$4.80,$0.00,iPad,Payment,Cor Coffee,,ea,1,Physical Good,Cor Coffee
2026-09-14,09:21:49,Central Time (US & Canada),Espresso Drinks,Mocha,1.0,Regular,,"Regular, To go, Hot, Whole",$5.25,$0.00,$5.25,$0.00,iPad,Payment,Cor Coffee,,ea,1,Physical Good,Cor Coffee
2026-09-14,09:18:53,Central Time (US & Canada),Espresso Drinks,Latte,1.0,Regular,,"Regular, To go, Iced, Whole, Vanilla",$5.25,$0.00,$5.25,$0.00,iPad,Payment,Cor Coffee,,ea,1,Physical Good,Cor Coffee
2026-09-14,09:17:12,Central Time (US & Canada),Teas,Matcha Latte,1.0,Regular,,"Cinnamon Roll, To go, Iced, Whole, Sweet",$6.25,$0.00,$6.25,$0.00,iPad,Payment,Cor Coffee,,ea,1,Physical Good,Cor Coffee
2026-09-14,09:16:02,Central Time (US & Canada),Espresso Drinks,Latte,1.0,Regular,,"Regular, Iced, Oat, Vanilla, Cinnamon Roll, Cold Foam",$7.55,$0.00,$7.55,$0.00,iPad,Payment,Cor Coffee,,ea,1,Physical Good,Cor Coffee
2026-09-14,09:14:05,Central Time (US & Canada),Teas,Tea,1.0,Regular,,Hot,$3.75,$0.00,$3.75,$0.00,iPad,Payment,Cor Coffee,,ea,1,Physical Good,Cor Coffee
2026-09-14,09:09:27,Central Time (US & Canada),Espresso Drinks,Latte,1.0,Regular,,"Regular, To go, Iced, Oat, Cinnamon Roll",$6.30,$0.00,$6.30,$0.00,iPad,Payment,Cor Coffee,,ea,1,Physical Good,Cor Coffee
2026-09-14,09:07:49,Central Time (US & Canada),Teas,Tea,1.0,Regular,,Hot,$3.75,$0.00,$3.75,$0.00,iPad,Payment,Cor Coffee,,ea,1,Physical Good,Cor Coffee
2026-09-14,09:06:56,Central Time (US & Canada),Espresso Drinks,Latte,1.0,Regular,,"Regular, To go, Iced, Whole, Cinnamon Roll",$5.50,$0.00,$5.50,$0.00,iPad,Payment,Cor Coffee,,ea,1,Physical Good,Cor Coffee
2026-09-14,09:06:18,Central Time (US & Canada),Espresso Drinks,Cappuccino,1.0,Regular,,"Regular, To go, Oat",$5.30,-$5.30,$0.00,$0.00,iPad,Payment,Cor Coffee,,ea,1,Physical Good,Cor Coffee
2026-09-14,09:05:20,Central Time (US & Canada),Teas,Chai Latte,1.0,Regular,,"Hot, Whole",$5.25,$0.00,$5.25,$0.00,iPad,Payment,Cor Coffee,,ea,1,Physical Good,Cor Coffee
2026-09-14,09:02:51,Central Time (US & Canada),Coffee Drinks,Coffee,1.0,Regular,,To go,$3.00,$0.00,$3.00,$0.00,iPad,Payment,Cor Coffee,,ea,1,Physical Good,Cor Coffee
2026-09-14,09:02:07,Central Time (US & Canada),Espresso Drinks,Cappuccino,1.0,Regular,,"Regular, To go, Whole",$4.50,$0.00,$4.50,$0.00,iPad,Payment,Cor Coffee,,ea,1,Physical Good,Cor Coffee
2026-09-11,15:51:31,Central Time (US & Canada),Espresso Drinks,Latte,1.0,Regular,,"Regular, Iced, Whole, Almond, Vanilla",$6.05,$0.00,$6.05,$0.00,iPad,Payment,Cor Coffee,,ea,1,Physical Good,Cor Coffee
2026-09-11,15:23:07,Central Time (US & Canada),Teas,Matcha Latte,1.0,Regular,,"Vanilla, To go, Iced, Whole, Sweet",$6.00,$0.00,$6.00,$0.00,iPad,Payment,Cor Coffee,,ea,1,Physical Good,Cor Coffee
2026-09-11,15:20:43,Central Time (US & Canada),Teas,Matcha Latte,1.0,Regular,,"Vanilla, To go, Iced, Whole, Sweet",$6.00,$0.00,$6.00,$0.00,iPad,Payment,Cor Coffee,,ea,1,Physical Good,Cor Coffee
2026-09-11,15:18:02,Central Time (US & Canada),Espresso Drinks,Latte,1.0,Regular,,"Regular, Iced, Oat, Cinnamon Roll",$6.30,$0.00,$6.30,$0.00,iPad,Payment,Cor Coffee,,ea,1,Physical Good,Cor Coffee
2026-09-11,15:09:15,Central Time (US & Canada),Espresso Drinks,Latte,1.0,Regular,,"Regular, To go, Iced, Whole, Cinnamon Roll",$5.50,$0.00,$5.50,$0.00,iPad,Payment,Cor Coffee,,ea,1,Physical Good,Cor Coffee
2026-09-11,15:02:54,Central Time (US & Canada),Espresso Drinks,Latte,1.0,Regular,,"Regular, Iced, Oat, Cinnamon Roll",$6.30,$0.00,$6.30,$0.00,iPad,Payment,Cor Coffee,,ea,1,Physical Good,Cor Coffee
2026-09-11,14:59:11,Central Time (US & Canada),Espresso Drinks,Latte,1.0,Regular,,"Regular, Iced, Whole, Vanilla",$5.25,$0.00,$5.25,$0.00,iPad,Payment,Cor Coffee,,ea,1,Physical Good,Cor Coffee
2026-09-11,14:58:26,Central Time (US & Canada),Coffee Drinks,Cold Brew,1.0,Regular,,,$4.50,$0.00,$4.50,$0.00,iPad,Payment,Cor Coffee,,ea,1,Physical Good,Cor Coffee
2026-09-11,14:57:17,Central Time (US & Canada),Espresso Drinks,Latte,1.0,Regular,,"Regular, Iced, Soy, Cinnamon Roll",$6.30,$0.00,$6.30,$0.00,iPad,Payment,Cor Coffee,,ea,1,Physical Good,Cor Coffee
2026-09-11,14:55:44,Central Time (US & Canada),Teas,Matcha Latte,1.0,Regular,,"Iced, Whole, Sweet",$5.50,$0.00,$5.50,$0.00,iPad,Payment,Cor Coffee,,ea,1,Physical Good,Cor Coffee
2026-09-11,14:38:59,Central Time (US & Canada),Espresso Drinks,Cortado,1.0,Regular,,"Regular, To go, Whole",$4.00,$0.00,$4.00,$0.00,iPad,Payment,Cor Coffee,,ea,1,Physical Good,Cor Coffee
2026-09-11,14:33:58,Central Time (US & Canada),Espresso Drinks,Cortado,1.0,Regular,,"Regular, Whole",$4.00,$0.00,$4.00,$0.00,iPad,Payment,Cor Coffee,,ea,1,Physical Good,Cor Coffee
2026-09-11,14:21:27,Central Time (US & Canada),Teas,Matcha Latte,1.0,Regular,,"To go, Iced, Oat, Sweet",$6.30,-$6.30,$0.00,$0.00,iPad,Payment,Cor Coffee,,ea,1,Physical Good,Cor Coffee
2026-09-11,14:19:59,Central Time (US & Canada),Teas,Tea,1.0,Regular,,"Hot, To go",$3.75,$0.00,$3.75,$0.00,iPad,Payment,Cor Coffee,,ea,1,Physical Good,Cor Coffee
2026-09-11,14:19:59,Central Time (US & Canada),Espresso Drinks,Cappuccino,1.0,Regular,,"Regular, To go, Oat",$5.30,$0.00,$5.30,$0.00,iPad,Payment,Cor Coffee,,ea,1,Physical Good,Cor Coffee
2026-09-11,14:14:51,Central Time (US & Canada),Coffee Drinks,Cold Brew,1.0,Regular,,Blueberry,$5.25,$0.00,$5.25,$0.00,iPad,Payment,Cor Coffee,,ea,1,Physical Good,Cor Coffee
2026-09-11,14:09:36,Central Time (US & Canada),Coffee Drinks,Cold Brew,1.0,Regular,,Vanilla,$5.00,$0.00,$5.00,$0.00,iPad,Payment,Cor Coffee,,ea,1,Physical Good,Cor Coffee
2026-09-11,14:07:39,Central Time (US & Canada),Espresso Drinks,Latte,1.0,Regular,,"Regular, To go, Hot, Whole, Cinnamon Roll",$5.50,$0.00,$5.50,$0.00,iPad,Payment,Cor Coffee,,ea,1,Physical Good,Cor Coffee
2026-09-11,14:07:39,Central Time (US & Canada),Food,LiaP Cookie,1.0,Regular,,,$2.00,$0.00,$2.00,$0.00,iPad,Payment,Cor Coffee,,ea,1,Physical Good,Cor Coffee
2026-09-11,14:06:47,Central Time (US & Canada),Espresso Drinks,Latte,1.0,Regular,,"Regular, To go, Iced, Oat, Cinnamon Roll",$6.30,$0.00,$6.30,$0.00,iPad,Payment,Cor Coffee,,ea,1,Physical Good,Cor Coffee
2026-09-11,14:05:50,Central Time (US & Canada),Espresso Drinks,Latte,1.0,Regular,,"Regular, Hot, Oat, Cinnamon Roll",$6.30,$0.00,$6.30,$0.00,iPad,Payment,Cor Coffee,,ea,1,Physical Good,Cor Coffee
2026-09-11,14:05:09,Central Time (US & Canada),Espresso Drinks,Latte,1.0,Regular,,"Regular, To go, Iced, Whole, Lavender",$5.25,$0.00,$5.25,$0.00,iPad,Payment,Cor Coffee,,ea,1,Physical Good,Cor Coffee
2026-09-11,14:04:03,Central Time (US & Canada),Espresso Drinks,Latte,1.0,Regular,,"Regular, To go, Iced, Whole, Cinnamon Roll",$5.50,$0.00,$5.50,$0.00,iPad,Payment,Cor Coffee,,ea,1,Physical Good,Cor Coffee
2026-09-11,14:03:33,Central Time (US & Canada),Espresso Drinks,Latte,1.0,Regular,,"Regular, Iced, Whole, Cinnamon Roll",$5.50,$0.00,$5.50,$0.00,iPad,Payment,Cor Coffee,,ea,1,Physical Good,Cor Coffee
2026-09-11,14:03:33,Central Time (US & Canada),Espresso Drinks,Latte,1.0,Regular,,"Regular, To go, Iced, Whole, Cinnamon Roll",$5.50,$0.00,$5.50,$0.00,iPad,Payment,Cor Coffee,,ea,1,Physical Good,Cor Coffee
2026-09-11,13:56:53,Central Time (US & Canada),Espresso Drinks,Latte,1.0,Regular,,"Regular, Iced, Whole, Vanilla",$5.25,$0.00,$5.25,$0.00,iPad,Payment,Cor Coffee,,ea,1,Physical Good,Cor Coffee
2026-09-11,13:53:48,Central Time (US & Canada),Espresso Drinks,Latte,1.0,Regular,,"Regular, To go, Iced, Oat, Cinnamon Roll",$6.30,$0.00,$6.30,$0.00,iPad,Payment,Cor Coffee,,ea,1,Physical Good,Cor Coffee
2026-09-11,13:53:04,Central Time (US & Canada),Espresso Drinks,Cortado,1.0,Regular,,"Regular, Here, Oat",$4.80,$0.00,$4.80,$0.00,iPad,Payment,Cor Coffee,,ea,1,Physical Good,Cor Coffee
2026-09-11,13:50:39,Central Time (US & Canada),Coffee Drinks,Cold Brew,1.0,Regular,,Here,$4.50,$0.00,$4.50,$0.00,iPad,Payment,Cor Coffee,,ea,1,Physical Good,Cor Coffee
2026-09-11,13:45:34,Central Time (US & Canada),Teas,Tea,1.0,Regular,,Iced,$3.75,$0.00,$3.75,$0.00,iPad,Payment,Cor Coffee,,ea,1,Physical Good,Cor Coffee
2026-09-11,13:44:32,Central Time (US & Canada),Teas,Tea,1.0,Regular,,Iced,$3.75,$0.00,$3.75,$0.00,iPad,Payment,Cor Coffee,,ea,1,Physical Good,Cor Coffee
2026-09-11,13:28:29,Central Time (US & Canada),Espresso Drinks,Latte,1.0,Regular,,"Regular, To go, Iced, Whole, Cinnamon Roll",$5.50,$0.00,$5.50,$0.00,iPad,Payment,Cor Coffee,,ea,1,Physical Good,Cor Coffee
2026-09-11,13:21:09,Central Time (US & Canada),Espresso Drinks,Latte,1.0,Regular,,"Regular, To go, Iced, Whole, Cinnamon Roll",$5.50,$0.00,$5.50,$0.00,iPad,Payment,Cor Coffee,,ea,1,Physical Good,Cor Coffee
2026-09-11,13:20:24,Central Time (US & Canada),Espresso Drinks,Latte,1.0,Regular,,"Regular, To go, Iced, Whole, Cinnamon Roll",$5.50,$0.00,$5.50,$0.00,iPad,Payment,Cor Coffee,,ea,1,Physical Good,Cor Coffee
2026-09-11,13:18:28,Central Time (US & Canada),Espresso Drinks,Americano,1.0,Regular,,"Regular, To go, Iced",$3.75,$0.00,$3.75,$0.00,iPad,Payment,Cor Coffee,,ea,1,Physical Good,Cor Coffee
2026-09-11,13:17:44,Central Time (US & Canada),Espresso Drinks,Latte,1.0,Regular,,"Regular, To go, Iced, Oat",$5.55,$0.00,$5.55,$0.00,iPad,Payment,Cor Coffee,,ea,1,Physical Good,Cor Coffee
2026-09-11,13:17:44,Central Time (US & Canada),Other Drinks,Lemonade,1.0,Regular,,"To go, Lavender",$3.50,$0.00,$3.50,$0.00,iPad,Payment,Cor Coffee,,ea,1,Physical Good,Cor Coffee
2026-09-11,13:10:49,Central Time (US & Canada),Coffee Drinks,Coffee,1.0,Regular,,To go,$3.00,$0.00,$3.00,$0.00,iPad,Payment,Cor Coffee,,ea,1,Physical Good,Cor Coffee
2026-09-11,13:09:49,Central Time (US & Canada),Espresso Drinks,Latte,1.0,Regular,,"Regular, Hot, Whole",$4.75,$0.00,$4.75,$0.00,iPad,Payment,Cor Coffee,,ea,1,Physical Good,Cor Coffee
2026-09-11,13:08:49,Central Time (US & Canada),Teas,Matcha Latte,1.0,Regular,,"To go, Iced",$5.50,$0.00,$5.50,$0.00,iPad,Payment,Cor Coffee,,ea,1,Physical Good,Cor Coffee
2026-09-11,13:08:49,Central Time (US & Canada),Coffee Drinks,Coffee,1.0,Regular,,Blueberry,$3.75,$0.00,$3.75,$0.00,iPad,Payment,Cor Coffee,,ea,1,Physical Good,Cor Coffee
2026-09-11,13:08:49,Central Time (US & Canada),Teas,Matcha Latte,1.0,Regular,,"Lavender, To go, Iced",$6.00,$0.00,$6.00,$0.00,iPad,Payment,Cor Coffee,,ea,1,Physical Good,Cor Coffee
2026-09-11,13:07:07,Central Time (US & Canada),Espresso Drinks,Americano,1.0,Regular,,"Regular, Here",$3.75,$0.00,$3.75,$0.00,iPad,Payment,Cor Coffee,,ea,1,Physical Good,Cor Coffee
2026-09-11,13:05:57,Central Time (US & Canada),Espresso Drinks,Latte,1.0,Regular,,"Regular, To go, Hot, Half&Half (breve), Vanilla",$6.00,$0.00,$6.00,$0.00,iPad,Payment,Cor Coffee,,ea,1,Physical Good,Cor Coffee
2026-09-11,13:04:35,Central Time (US & Canada),Espresso Drinks,Cortado,1.0,Regular,,"Regular, To go, Whole",$4.00,$0.00,$4.00,$0.00,iPad,Payment,Cor Coffee,,ea,1,Physical Good,Cor Coffee
2026-09-11,13:03:14,Central Time (US & Canada),Espresso Drinks,Latte,1.0,Regular,,"Regular, To go, Iced, Whole",$4.75,$0.00,$4.75,$0.00,iPad,Payment,Cor Coffee,,ea,1,Physical Good,Cor Coffee
2026-09-11,12:59:26,Central Time (US & Canada),Espresso Drinks,Latte,1.0,Regular,,"Regular, To go, Iced, Whole",$4.75,$0.00,$4.75,$0.00,iPad,Payment,Cor Coffee,,ea,1,Physical Good,Cor Coffee
2026-09-11,12:58:01,Central Time (US & Canada),Espresso Drinks,Mocha,1.0,Regular,,"Regular, To go, Iced, Oat",$6.05,$0.00,$6.05,$0.00,iPad,Payment,Cor Coffee,,ea,1,Physical Good,Cor Coffee
2026-09-11,12:55:51,Central Time (US & Canada),Espresso Drinks,Latte,1.0,Regular,,"Regular, To go, Iced, Whole, Cinnamon Roll",$5.50,$0.00,$5.50,$0.00,iPad,Payment,Cor Coffee,,ea,1,Physical Good,Cor Coffee
2026-09-11,12:55:01,Central Time (US & Canada),Espresso Drinks,Latte,1.0,Regular,,"Regular, To go, Iced, Whole, Vanilla",$5.25,$0.00,$5.25,$0.00,iPad,Payment,Cor Coffee,,ea,1,Physical Good,Cor Coffee
2026-09-11,12:45:46,Central Time (US & Canada),Other Drinks,Lemonade,1.0,Regular,,To go,$3.00,$0.00,$3.00,$0.00,iPad,Payment,Cor Coffee,,ea,1,Physical Good,Cor Coffee
2026-09-11,12:44:59,Central Time (US & Canada),Teas,Matcha Latte,1.0,Regular,,"To go, Iced, Whole, Sweet",$5.50,$0.00,$5.50,$0.00,iPad,Payment,Cor Coffee,,ea,1,Physical Good,Cor Coffee
2026-09-11,12:44:26,Central Time (US & Canada),Teas,Chai Latte,1.0,Regular,,"To go, Hot, Whole",$5.25,$0.00,$5.25,$0.00,iPad,Payment,Cor Coffee,,ea,1,Physical Good,Cor Coffee
2026-09-11,12:43:24,Central Time (US & Canada),Teas,Matcha Latte,1.0,Regular,,"Lavender, Here, Iced, Almond, Regular",$6.80,$0.00,$6.80,$0.00,iPad,Payment,Cor Coffee,,ea,1,Physical Good,Cor Coffee
2026-09-11,12:43:24,Central Time (US & Canada),Food,LiaP Cookie,1.0,Regular,,,$2.00,$0.00,$2.00,$0.00,iPad,Payment,Cor Coffee,,ea,1,Physical Good,Cor Coffee
2026-09-11,12:42:16,Central Time (US & Canada),Espresso Drinks,Latte,1.0,Regular,,"Regular, Here, Iced, Oat",$5.55,$0.00,$5.55,$0.00,iPad,Payment,Cor Coffee,,ea,1,Physical Good,Cor Coffee
2026-09-11,12:40:57,Central Time (US & Canada),Coffee Drinks,Cold Brew,1.0,Regular,,To go,$4.50,$0.00,$4.50,$0.00,iPad,Payment,Cor Coffee,,ea,1,Physical Good,Cor Coffee
2026-09-11,12:40:57,Central Time (US & Canada),Espresso Drinks,Latte,1.0,Regular,,"Regular, To go, Iced, Whole",$4.75,-$4.75,$0.00,$0.00,iPad,Payment,Cor Coffee,,ea,1,Physical Good,Cor Coffee
2026-09-11,12:40:57,Central Time (US & Canada),Espresso Drinks,Latte,1.0,Regular,,"Regular, To go, Iced, Whole",$4.75,$0.00,$4.75,$0.00,iPad,Payment,Cor Coffee,,ea,1,Physical Good,Cor Coffee
2026-09-11,12:39:41,Central Time (US & Canada),Espresso Drinks,Latte,1.0,Regular,,"Regular, To go, Iced, Whole, Vanilla",$5.25,-$5.25,$0.00,$0.00,iPad,Payment,Cor Coffee,,ea,1,Physical Good,Cor Coffee
2026-09-11,12:39:41,Central Time (US & Canada),Espresso Drinks,Flat White,1.0,Regular,,"Regular, To go, Whole, Vanilla",$4.75,-$4.75,$0.00,$0.00,iPad,Payment,Cor Coffee,,ea,1,Physical Good,Cor Coffee
2026-09-11,11:44:49,Central Time (US & Canada),Food,Taos Bar,1.0,Regular,,Toasted Coconut (blue),$2.00,$0.00,$2.00,$0.00,iPad,Payment,Cor Coffee,,ea,1,Physical Good,Cor Coffee
2026-09-11,11:44:05,Central Time (US & Canada),Teas,Chai Latte,1.0,Regular,,"To go, Iced, Whole, Add shot",$6.25,$0.00,$6.25,$0.00,iPad,Payment,Cor Coffee,,ea,1,Physical Good,Cor Coffee
2026-09-11,11:41:09,Central Time (US & Canada),Espresso Drinks,Latte,1.0,Regular,,"Regular, To go, Iced, Whole, Vanilla",$5.25,$0.00,$5.25,$0.00,iPad,Payment,Cor Coffee,,ea,1,Physical Good,Cor Coffee
2026-09-11,11:28:09,Central Time (US & Canada),Teas,Matcha Latte,1.0,Regular,,"To go, Iced, Almond",$6.30,$0.00,$6.30,$0.00,iPad,Payment,Cor Coffee,,ea,1,Physical Good,Cor Coffee
2026-09-11,11:21:19,Central Time (US & Canada),Coffee Drinks,Coffee,1.0,Regular,,To go,$3.00,$0.00,$3.00,$0.00,iPad,Payment,Cor Coffee,,ea,1,Physical Good,Cor Coffee
2026-09-11,11:14:23,Central Time (US & Canada),Coffee Drinks,Cold Brew,1.0,Regular,,To go,$4.50,$0.00,$4.50,$0.00,iPad,Payment,Cor Coffee,,ea,1,Physical Good,Cor Coffee
2026-09-11,11:10:00,Central Time (US & Canada),Espresso Drinks,Latte,1.0,Regular,,"Regular, To go, Iced, Almond, Cinnamon Roll",$6.30,$0.00,$6.30,$0.00,iPad,Payment,Cor Coffee,,ea,1,Physical Good,Cor Coffee
2026-09-11,11:09:18,Central Time (US & Canada),Espresso Drinks,Latte,1.0,Regular,,"Regular, To go, Hot, Whole",$4.75,$0.00,$4.75,$0.00,iPad,Payment,Cor Coffee,,ea,1,Physical Good,Cor Coffee
2026-09-11,11:08:40,Central Time (US & Canada),Teas,Matcha Latte,1.0,Regular,,"Cinnamon Roll, Here, Iced, Whole, Regular",$6.25,$0.00,$6.25,$0.00,iPad,Payment,Cor Coffee,,ea,1,Physical Good,Cor Coffee
2026-09-11,11:08:08,Central Time (US & Canada),Espresso Drinks,Mocha,1.0,Regular,,"Regular, To go, Iced, Whole",$5.25,$0.00,$5.25,$0.00,iPad,Payment,Cor Coffee,,ea,1,Physical Good,Cor Coffee
2026-09-11,11:06:43,Central Time (US & Canada),Coffee Drinks,Coffee,1.0,Regular,,To go,$3.00,-$3.00,$0.00,$0.00,iPad,Payment,Cor Coffee,,ea,1,Physical Good,Cor Coffee
2026-09-11,11:03:34,Central Time (US & Canada),Espresso Drinks,Latte,1.0,Regular,,"Regular, To go, Iced, Whole, Vanilla",$5.25,$0.00,$5.25,$0.00,iPad,Payment,Cor Coffee,,ea,1,Physical Good,Cor Coffee
2026-09-11,11:02:30,Central Time (US & Canada),Other Drinks,Lemonade,1.0,Regular,,To go,$3.00,$0.00,$3.00,$0.00,iPad,Payment,Cor Coffee,,ea,1,Physical Good,Cor Coffee
2026-09-11,11:02:11,Central Time (US & Canada),Espresso Drinks,Latte,1.0,Regular,,"Regular, To go, Iced, Whole, Vanilla, Cinnamon Roll",$6.00,$0.00,$6.00,$0.00,iPad,Payment,Cor Coffee,,ea,1,Physical Good,Cor Coffee
2026-09-11,10:59:30,Central Time (US & Canada),Espresso Drinks,Latte,1.0,Regular,,"Regular, To go, Iced, Whole, Lavender",$5.25,$0.00,$5.25,$0.00,iPad,Payment,Cor Coffee,,ea,1,Physical Good,Cor Coffee
2026-09-11,10:58:44,Central Time (US & Canada),Teas,Chai Latte,1.0,Regular,,"Here, Iced, Whole",$5.25,$0.00,$5.25,$0.00,iPad,Payment,Cor Coffee,,ea,1,Physical Good,Cor Coffee
2026-09-11,10:57:41,Central Time (US & Canada),Coffee Drinks,Cold Brew,1.0,Regular,,To go,$4.50,$0.00,$4.50,$0.00,iPad,Payment,Cor Coffee,,ea,1,Physical Good,Cor Coffee
2026-09-11,10:56:29,Central Time (US & Canada),Espresso Drinks,Latte,1.0,Regular,,"Regular, To go, Iced, Whole, Vanilla",$5.25,$0.00,$5.25,$0.00,iPad,Payment,Cor Coffee,,ea,1,Physical Good,Cor Coffee
2026-09-11,10:52:22,Central Time (US & Canada),Espresso Drinks,Latte,1.0,Regular,,"Regular, Here, Hot, Whole",$4.75,-$4.75,$0.00,$0.00,iPad,Payment,Cor Coffee,,ea,1,Physical Good,Cor Coffee
2026-09-11,10:49:00,Central Time (US & Canada),Teas,Matcha Latte,1.0,Regular,,"To go, Iced, Regular",$5.50,$0.00,$5.50,$0.00,iPad,Payment,Cor Coffee,,ea,1,Physical Good,Cor Coffee
2026-09-11,10:48:05,Central Time (US & Canada),Espresso Drinks,Latte,1.0,Regular,,"Regular, To go, Iced, Whole",$4.75,$0.00,$4.75,$0.00,iPad,Payment,Cor Coffee,,ea,1,Physical Good,Cor Coffee
2026-09-11,10:48:05,Central Time (US & Canada),Teas,Chai Latte,1.0,Regular,,"To go, Iced, Whole",$5.25,$0.00,$5.25,$0.00,iPad,Payment,Cor Coffee,,ea,1,Physical Good,Cor Coffee
2026-09-11,10:46:04,Central Time (US & Canada),Teas,Matcha Latte,1.0,Regular,,"To go, Iced, Oat, Regular",$6.30,$0.00,$6.30,$0.00,iPad,Payment,Cor Coffee,,ea,1,Physical Good,Cor Coffee
2026-09-11,10:45:23,Central Time (US & Canada),Espresso Drinks,Latte,1.0,Regular,,"Regular, To go, Hot, Whole, Cinnamon Roll",$5.50,$0.00,$5.50,$0.00,iPad,Payment,Cor Coffee,,ea,1,Physical Good,Cor Coffee
2026-09-11,10:37:09,Central Time (US & Canada),Espresso Drinks,Latte,1.0,Regular,,"Regular, To go, Iced, Whole, Vanilla",$5.25,$0.00,$5.25,$0.00,iPad,Payment,Cor Coffee,,ea,1,Physical Good,Cor Coffee
2026-09-11,10:37:09,Central Time (US & Canada),Espresso Drinks,Latte,1.0,Regular,,"Decaf, To go, Iced, Oat, Vanilla",$6.05,-$6.05,$0.00,$0.00,iPad,Payment,Cor Coffee,,ea,1,Physical Good,Cor Coffee
2026-09-11,10:31:34,Central Time (US & Canada),Teas,Matcha Latte,1.0,Regular,,"Cinnamon Roll, To go, Iced, Whole, Regular",$6.25,$0.00,$6.25,$0.00,iPad,Payment,Cor Coffee,,ea,1,Physical Good,Cor Coffee
2026-09-11,10:27:20,Central Time (US & Canada),Teas,Chai Latte,1.0,Regular,,"To go, Iced, Oat",$6.05,$0.00,$6.05,$0.00,iPad,Payment,Cor Coffee,,ea,1,Physical Good,Cor Coffee
2026-09-11,10:18:00,Central Time (US & Canada),Espresso Drinks,Cappuccino,1.0,Regular,,"Regular, To go, Whole",$4.50,$0.00,$4.50,$0.00,iPad,Payment,Cor Coffee,,ea,1,Physical Good,Cor Coffee
2026-09-11,10:17:12,Central Time (US & Canada),Teas,Matcha Latte,1.0,Regular,,"To go, Iced, Whole, Sweet",$5.50,$0.00,$5.50,$0.00,iPad,Payment,Cor Coffee,,ea,1,Physical Good,Cor Coffee
2026-09-11,10:15:49,Central Time (US & Canada),Espresso Drinks,Cortado,1.0,Regular,,"Regular, Here, Whole",$4.00,$0.00,$4.00,$0.00,iPad,Payment,Cor Coffee,,ea,1,Physical Good,Cor Coffee
2026-09-11,10:15:49,Central Time (US & Canada),Espresso Drinks,Cappuccino,1.0,Regular,,"Regular, Here, Whole",$4.50,$0.00,$4.50,$0.00,iPad,Payment,Cor Coffee,,ea,1,Physical Good,Cor Coffee
2026-09-11,10:15:00,Central Time (US & Canada),Espresso Drinks,Latte,1.0,Regular,,"Regular, To go, Iced, Oat, Lavender",$6.05,$0.00,$6.05,$0.00,iPad,Payment,Cor Coffee,,ea,1,Physical Good,Cor Coffee
2026-09-11,10:13:51,Central Time (US & Canada),Espresso Drinks,Latte,1.0,Regular,,"Regular, To go, Iced, Oat, Cinnamon Roll",$6.30,$0.00,$6.30,$0.00,iPad,Payment,Cor Coffee,,ea,1,Physical Good,Cor Coffee
2026-09-11,10:13:51,Central Time (US & Canada),Teas,Matcha Latte,1.0,Regular,,"To go, Iced, Oat, Sweet",$6.30,$0.00,$6.30,$0.00,iPad,Payment,Cor Coffee,,ea,1,Physical Good,Cor Coffee
2026-09-11,10:12:21,Central Time (US & Canada),Espresso Drinks,Latte,1.0,Regular,,"Regular, To go, Iced, Oat, Cinnamon Roll",$6.30,$0.00,$6.30,$0.00,iPad,Payment,Cor Coffee,,ea,1,Physical Good,Cor Coffee
2026-09-11,10:11:40,Central Time (US & Canada),Espresso Drinks,Latte,1.0,Regular,,"Regular, To go, Hot, Oat, Cinnamon Roll",$6.30,$0.00,$6.30,$0.00,iPad,Payment,Cor Coffee,,ea,1,Physical Good,Cor Coffee
2026-09-11,10:10:47,Central Time (US & Canada),Espresso Drinks,Latte,1.0,Regular,,"Regular, To go, Iced, Whole, Lavender",$5.25,-$5.25,$0.00,$0.00,iPad,Payment,Cor Coffee,,ea,1,Physical Good,Cor Coffee
2026-09-11,10:03:43,Central Time (US & Canada),Espresso Drinks,Latte,1.0,Regular,,"Regular, To go, Hot, Whole",$4.75,$0.00,$4.75,$0.00,iPad,Payment,Cor Coffee,,ea,1,Physical Good,Cor Coffee
2026-09-11,10:03:43,Central Time (US & Canada),Food,Taos Bar,1.0,Regular,,Peanut butter (green),$2.00,$0.00,$2.00,$0.00,iPad,Payment,Cor Coffee,,ea,1,Physical Good,Cor Coffee
2026-09-11,10:00:27,Central Time (US & Canada),Espresso Drinks,Cortado,1.0,Regular,,"Regular, Here, Whole",$4.00,$0.00,$4.00,$0.00,iPad,Payment,Cor Coffee,,ea,1,Physical Good,Cor Coffee
2026-09-11,09:58:58,Central Time (US & Canada),Espresso Drinks,Latte,1.0,Regular,,"Regular, To go, Iced, Whole, Cinnamon Roll",$5.50,$0.00,$5.50,$0.00,iPad,Payment,Cor Coffee,,ea,1,Physical Good,Cor Coffee
2026-09-11,09:58:58,Central Time (US & Canada),Teas,Matcha Latte,1.0,Regular,,"To go, Iced, Oat, Regular",$6.30,-$6.30,$0.00,$0.00,iPad,Payment,Cor Coffee,,ea,1,Physical Good,Cor Coffee
2026-09-11,09:57:42,Central Time (US & Canada),Espresso Drinks,Latte,1.0,Regular,,"Regular, To go, Iced, Whole, Vanilla",$5.25,$0.00,$5.25,$0.00,iPad,Payment,Cor Coffee,,ea,1,Physical Good,Cor Coffee
2026-09-11,09:56:27,Central Time (US & Canada),Coffee Drinks,Coffee,1.0,Regular,,"To go, Whole",$3.00,$0.00,$3.00,$0.00,iPad,Payment,Cor Coffee,,ea,1,Physical Good,Cor Coffee
2026-09-11,09:53:48,Central Time (US & Canada),Espresso Drinks,Latte,1.0,Regular,,"Regular, To go, Iced, Whole, Cinnamon Roll",$5.50,$0.00,$5.50,$0.00,iPad,Payment,Cor Coffee,,ea,1,Physical Good,Cor Coffee
2026-09-11,09:52:28,Central Time (US & Canada),Teas,Matcha Latte,1.0,Regular,,"To go, Iced, Whole, Sweet",$5.50,$0.00,$5.50,$0.00,iPad,Payment,Cor Coffee,,ea,1,Physical Good,Cor Coffee
2026-09-11,09:48:33,Central Time (US & Canada),Espresso Drinks,Latte,1.0,Regular,,"Regular, Here, Hot, Whole",$4.75,-$4.75,$0.00,$0.00,iPad,Payment,Cor Coffee,,ea,1,Physical Good,Cor Coffee
2026-09-11,09:35:36,Central Time (US & Canada),Espresso Drinks,Latte,1.0,Regular,,"Regular, To go, Iced, Whole",$4.75,-$2.38,$2.37,$0.00,iPad,Payment,Cor Coffee,,ea,1,Physical Good,Cor Coffee
2026-09-11,09:32:28,Central Time (US & Canada),Coffee Drinks,Coffee,2.0,Regular,,"To go, Half&Half (drip splash)",$6.00,$0.00,$6.00,$0.00,iPad,Payment,Cor Coffee,,ea,2,Physical Good,Cor Coffee
2026-09-11,09:25:15,Central Time (US & Canada),Teas,Tea,1.0,Regular,,"Hot, Here",$3.75,$0.00,$3.75,$0.00,iPad,Payment,Cor Coffee,,ea,1,Physical Good,Cor Coffee
2026-09-11,09:22:22,Central Time (US & Canada),Teas,Matcha Latte,1.0,Regular,,"Blueberry, Here, Iced, Oat, Sweet",$7.05,$0.00,$7.05,$0.00,iPad,Payment,Cor Coffee,,ea,1,Physical Good,Cor Coffee
2026-09-11,09:10:35,Central Time (US & Canada),Espresso Drinks,Latte,1.0,Regular,,"Regular, To go, Iced, Whole, Vanilla",$5.25,-$2.62,$2.63,$0.00,iPad,Payment,Cor Coffee,,ea,1,Physical Good,Cor Coffee
2026-09-11,09:02:27,Central Time (US & Canada),Espresso Drinks,Cappuccino,1.0,Regular,,"Regular, To go, Oat",$5.30,$0.00,$5.30,$0.00,iPad,Payment,Cor Coffee,,ea,1,Physical Good,Cor Coffee
2026-09-11,08:59:01,Central Time (US & Canada),Espresso Drinks,Latte,1.0,Regular,,"Regular, Here, Iced, Whole, Vanilla",$5.25,$0.00,$5.25,$0.00,iPad,Payment,Cor Coffee,,ea,1,Physical Good,Cor Coffee
2026-09-10,15:59:25,Central Time (US & Canada),Teas,Tea,1.0,Regular,,Hot,$3.75,$0.00,$3.75,$0.00,iPad,Payment,Cor Coffee,,ea,1,Physical Good,Cor Coffee
2026-09-10,15:49:04,Central Time (US & Canada),Espresso Drinks,Latte,1.0,Regular,,"Regular, To go, Hot, Oat",$5.55,$0.00,$5.55,$0.00,iPad,Payment,Cor Coffee,,ea,1,Physical Good,Cor Coffee
2026-09-10,15:49:04,Central Time (US & Canada),Food,Taos Bar,1.0,Regular,,Peanut butter (green),$2.00,$0.00,$2.00,$0.00,iPad,Payment,Cor Coffee,,ea,1,Physical Good,Cor Coffee
2026-09-10,15:48:34,Central Time (US & Canada),Teas,Matcha Latte,1.0,Regular,,"Vanilla, To go, Hot, Almond, Regular",$6.80,$0.00,$6.80,$0.00,iPad,Payment,Cor Coffee,,ea,1,Physical Good,Cor Coffee
2026-09-10,15:48:34,Central Time (US & Canada),Espresso Drinks,Latte,1.0,Regular,,"Regular, To go, Hot, Whole, Lavender",$5.25,$0.00,$5.25,$0.00,iPad,Payment,Cor Coffee,,ea,1,Physical Good,Cor Coffee
2026-09-10,15:35:11,Central Time (US & Canada),Teas,Chai Latte,2.0,Regular,,"To go, Iced",$10.50,$0.00,$10.50,$0.00,iPad,Payment,Cor Coffee,,ea,2,Physical Good,Cor Coffee
2026-09-10,15:27:06,Central Time (US & Canada),Espresso Drinks,Latte,1.0,Regular,,"Regular, To go, Iced, Whole, Cinnamon Roll",$5.50,$0.00,$5.50,$0.00,iPad,Payment,Cor Coffee,,ea,1,Physical Good,Cor Coffee
2026-09-10,15:24:05,Central Time (US & Canada),Espresso Drinks,Mocha,1.0,Regular,,"Regular, To go, Iced, Oat",$6.05,$0.00,$6.05,$0.00,iPad,Payment,Cor Coffee,,ea,1,Physical Good,Cor Coffee
2026-09-10,15:22:27,Central Time (US & Canada),Teas,Matcha Latte,1.0,Regular,,"Cinnamon Roll, To go, Iced, Whole, Regular",$6.25,$0.00,$6.25,$0.00,iPad,Payment,Cor Coffee,,ea,1,Physical Good,Cor Coffee
2026-09-10,15:20:54,Central Time (US & Canada),Teas,Matcha Latte,1.0,Regular,,"Here, Iced, Oat, Regular",$6.30,$0.00,$6.30,$0.00,iPad,Payment,Cor Coffee,,ea,1,Physical Good,Cor Coffee
2026-09-10,15:20:10,Central Time (US & Canada),Other Drinks,Lemonade,1.0,Regular,,Here,$3.00,$0.00,$3.00,$0.00,iPad,Payment,Cor Coffee,,ea,1,Physical Good,Cor Coffee
2026-09-10,15:18:44,Central Time (US & Canada),Teas,Chai Latte,1.0,Regular,,"To go, Iced, Whole",$5.25,$0.00,$5.25,$0.00,iPad,Payment,Cor Coffee,,ea,1,Physical Good,Cor Coffee
2026-09-10,15:18:00,Central Time (US & Canada),Teas,Matcha Latte,1.0,Regular,,"To go, Iced, Whole, Sweet",$5.50,$0.00,$5.50,$0.00,iPad,Payment,Cor Coffee,,ea,1,Physical Good,Cor Coffee
2026-09-10,15:16:56,Central Time (US & Canada),Teas,Chai Latte,1.0,Regular,,"Here, Hot, Whole",$5.25,$0.00,$5.25,$0.00,iPad,Payment,Cor Coffee,,ea,1,Physical Good,Cor Coffee
2026-09-10,15:11:33,Central Time (US & Canada),Espresso Drinks,Americano,1.0,Regular,,"Regular, To go, Hot",$3.75,$0.00,$3.75,$0.00,iPad,Payment,Cor Coffee,,ea,1,Physical Good,Cor Coffee
2026-09-10,15:10:50,Central Time (US & Canada),Espresso Drinks,Cappuccino,1.0,Regular,,"Regular, To go, Oat, Lavender",$5.80,$0.00,$5.80,$0.00,iPad,Payment,Cor Coffee,,ea,1,Physical Good,Cor Coffee
2026-09-10,15:06:46,Central Time (US & Canada),Espresso Drinks,Mocha,1.0,Regular,,"Regular, Here, Iced, Whole",$5.25,$0.00,$5.25,$0.00,iPad,Payment,Cor Coffee,,ea,1,Physical Good,Cor Coffee
2026-09-10,15:06:09,Central Time (US & Canada),Espresso Drinks,Latte,1.0,Regular,,"Regular, Here, Iced, Whole, Cinnamon Roll",$5.50,$0.00,$5.50,$0.00,iPad,Payment,Cor Coffee,,ea,1,Physical Good,Cor Coffee
2026-09-10,14:53:02,Central Time (US & Canada),Teas,Chai Latte,1.0,Regular,,,$5.25,$0.00,$5.25,$0.00,iPad,Payment,Cor Coffee,,ea,1,Physical Good,Cor Coffee
2026-09-10,14:49:10,Central Time (US & Canada),Coffee Drinks,Coffee,1.0,Regular,,To go,$3.00,$0.00,$3.00,$0.00,iPad,Payment,Cor Coffee,,ea,1,Physical Good,Cor Coffee
2026-09-10,14:32:39,Central Time (US & Canada),Espresso Drinks,Cappuccino,1.0,Regular,,"Regular, To go, Whole",$4.50,$0.00,$4.50,$0.00,iPad,Payment,Cor Coffee,,ea,1,Physical Good,Cor Coffee
2026-09-10,14:32:02,Central Time (US & Canada),Espresso Drinks,Cappuccino,1.0,Regular,,"Regular, Here",$4.50,$0.00,$4.50,$0.00,iPad,Payment,Cor Coffee,,ea,1,Physical Good,Cor Coffee
2026-09-10,14:31:37,Central Time (US & Canada),Espresso Drinks,Latte,1.0,Regular,,"Regular, To go, Hot, Whole",$4.75,$0.00,$4.75,$0.00,iPad,Payment,Cor Coffee,,ea,1,Physical Good,Cor Coffee
2026-09-10,14:20:46,Central Time (US & Canada),Coffee Drinks,Coffee,1.0,Regular,,,$3.00,$0.00,$3.00,$0.00,iPad,Payment,Cor Coffee,,ea,1,Physical Good,Cor Coffee
2026-09-10,14:19:16,Central Time (US & Canada),Teas,Matcha Latte,1.0,Regular,,"To go, Iced, Whole, Regular",$5.50,$0.00,$5.50,$0.00,iPad,Payment,Cor Coffee,,ea,1,Physical Good,Cor Coffee
2026-09-10,14:10:27,Central Time (US & Canada),Other Drinks,Lemonade,1.0,Regular,,Here,$3.00,$0.00,$3.00,$0.00,iPad,Payment,Cor Coffee,,ea,1,Physical Good,Cor Coffee
2026-09-10,14:09:32,Central Time (US & Canada),Food,Taos Bar,1.0,Regular,,Blueberry Lemon (yellow),$2.00,$0.00,$2.00,$0.00,iPad,Payment,Cor Coffee,,ea,1,Physical Good,Cor Coffee
2026-09-10,14:09:32,Central Time (US & Canada),Food,Taos Bar,1.0,Regular,,Toasted Coconut (blue),$2.00,$0.00,$2.00,$0.00,iPad,Payment,Cor Coffee,,ea,1,Physical Good,Cor Coffee
2026-09-10,14:09:32,Central Time (US & Canada),Other Drinks,Hot Chocolate,1.0,Regular,,,$4.00,$0.00,$4.00,$0.00,iPad,Payment,Cor Coffee,,ea,1,Physical Good,Cor Coffee
2026-09-10,14:09:32,Central Time (US & Canada),Espresso Drinks,Latte,1.0,Regular,,Regular,$4.75,$0.00,$4.75,$0.00,iPad,Payment,Cor Coffee,,ea,1,Physical Good,Cor Coffee
2026-09-10,14:04:50,Central Time (US & Canada),Espresso Drinks,Mocha,1.0,Regular,,"Regular, To go, Hot, Whole",$5.25,-$5.25,$0.00,$0.00,iPad,Payment,Cor Coffee,,ea,1,Physical Good,Cor Coffee
2026-09-10,13:57:07,Central Time (US & Canada),Teas,Matcha Latte,1.0,Regular,,"To go, Iced, Oat, Regular",$6.30,$0.00,$6.30,$0.00,iPad,Payment,Cor Coffee,,ea,1,Physical Good,Cor Coffee
2026-09-10,13:56:12,Central Time (US & Canada),Teas,Matcha Latte,1.0,Regular,,"Here, Iced, Whole, Regular",$5.50,$0.00,$5.50,$0.00,iPad,Payment,Cor Coffee,,ea,1,Physical Good,Cor Coffee
2026-09-10,13:51:41,Central Time (US & Canada),Espresso Drinks,Latte,1.0,Regular,,"Regular, Iced, Almond, Cinnamon Roll",$6.30,$0.00,$6.30,$0.00,iPad,Payment,Cor Coffee,,ea,1,Physical Good,Cor Coffee
2026-09-10,13:50:56,Central Time (US & Canada),Espresso Drinks,Latte,1.0,Regular,,"Regular, Iced, Oat, Vanilla, Blueberry, Cold Foam",$7.55,$0.00,$7.55,$0.00,iPad,Payment,Cor Coffee,,ea,1,Physical Good,Cor Coffee
2026-09-10,13:50:10,Central Time (US & Canada),Espresso Drinks,Latte,1.0,Regular,,"Regular, Iced, Whole, Vanilla, Cold Foam",$6.00,$0.00,$6.00,$0.00,iPad,Payment,Cor Coffee,,ea,1,Physical Good,Cor Coffee
2026-09-10,13:48:40,Central Time (US & Canada),Espresso Drinks,Cappuccino,1.0,Regular,,"Decaf, Here",$4.50,$0.00,$4.50,$0.00,iPad,Payment,Cor Coffee,,ea,1,Physical Good,Cor Coffee
2026-09-10,13:47:55,Central Time (US & Canada),Espresso Drinks,Latte,1.0,Regular,,"Regular, Iced, Whole, Cinnamon Roll, Cold Foam",$6.25,$0.00,$6.25,$0.00,iPad,Payment,Cor Coffee,,ea,1,Physical Good,Cor Coffee
2026-09-10,13:46:20,Central Time (US & Canada),Espresso Drinks,Latte,1.0,Regular,,"Regular, Iced, Whole, Vanilla",$5.25,$0.00,$5.25,$0.00,iPad,Payment,Cor Coffee,,ea,1,Physical Good,Cor Coffee
2026-09-10,13:41:50,Central Time (US & Canada),Teas,Chai Latte,1.0,Regular,,"To go, Iced, Whole",$5.25,-$5.25,$0.00,$0.00,iPad,Payment,Cor Coffee,,ea,1,Physical Good,Cor Coffee
2026-09-10,13:40:36,Central Time (US & Canada),Coffee Drinks,Coffee,1.0,Regular,,,$3.00,$0.00,$3.00,$0.00,iPad,Payment,Cor Coffee,,ea,1,Physical Good,Cor Coffee
2026-09-10,13:39:58,Central Time (US & Canada),Espresso Drinks,Latte,1.0,Regular,,Regular,$4.75,$0.00,$4.75,$0.00,iPad,Payment,Cor Coffee,,ea,1,Physical Good,Cor Coffee
2026-09-10,13:38:50,Central Time (US & Canada),Espresso Drinks,Latte,1.0,Regular,,"Regular, To go, Iced, Cinnamon Roll, Cold Foam",$6.25,$0.00,$6.25,$0.00,iPad,Payment,Cor Coffee,,ea,1,Physical Good,Cor Coffee
2026-09-10,13:34:34,Central Time (US & Canada),Teas,Matcha Latte,1.0,Regular,,"To go, Iced, Whole",$5.50,$0.00,$5.50,$0.00,iPad,Payment,Cor Coffee,,ea,1,Physical Good,Cor Coffee
2026-09-10,13:34:34,Central Time (US & Canada),Teas,Matcha Latte,1.0,Regular,,,$5.50,$0.00,$5.50,$0.00,iPad,Payment,Cor Coffee,,ea,1,Physical Good,Cor Coffee
2026-09-10,13:27:16,Central Time (US & Canada),Espresso Drinks,Flat White,1.0,Regular,,"Decaf, To go, Whole",$4.25,$0.00,$4.25,$0.00,iPad,Payment,Cor Coffee,,ea,1,Physical Good,Cor Coffee
2026-09-10,13:26:44,Central Time (US & Canada),Espresso Drinks,Flat White,1.0,Regular,,"Regular, To go, Whole",$4.25,$0.00,$4.25,$0.00,iPad,Payment,Cor Coffee,,ea,1,Physical Good,Cor Coffee
2026-09-10,13:23:53,Central Time (US & Canada),Teas,Tea,1.0,Regular,,Hot,$3.75,$0.00,$3.75,$0.00,iPad,Payment,Cor Coffee,,ea,1,Physical Good,Cor Coffee
2026-09-10,13:22:17,Central Time (US & Canada),Espresso Drinks,Americano,1.0,Regular,,"Regular, To go, Iced",$3.75,$0.00,$3.75,$0.00,iPad,Payment,Cor Coffee,,ea,1,Physical Good,Cor Coffee
2026-09-10,13:20:41,Central Time (US & Canada),Teas,Chai Latte,1.0,Regular,,"To go, Iced, Whole",$5.25,$0.00,$5.25,$0.00,iPad,Payment,Cor Coffee,,ea,1,Physical Good,Cor Coffee
2026-09-10,13:09:04,Central Time (US & Canada),Espresso Drinks,Latte,1.0,Regular,,"Regular, To go, Iced",$4.75,$0.00,$4.75,$0.00,iPad,Payment,Cor Coffee,,ea,1,Physical Good,Cor Coffee
2026-09-10,13:08:25,Central Time (US & Canada),Espresso Drinks,Flat White,1.0,Regular,,"Regular, Here, Whole",$4.25,-$4.25,$0.00,$0.00,iPad,Payment,Cor Coffee,,ea,1,Physical Good,Cor Coffee
2026-09-10,13:05:46,Central Time (US & Canada),Espresso Drinks,Latte,1.0,Regular,,"Regular, Iced, Vanilla, Cold Foam",$6.00,$0.00,$6.00,$0.00,iPad,Payment,Cor Coffee,,ea,1,Physical Good,Cor Coffee
2026-09-10,13:02:48,Central Time (US & Canada),Espresso Drinks,Latte,1.0,Regular,,"Regular, To go, Iced, Almond, Cinnamon Roll",$6.30,$0.00,$6.30,$0.00,iPad,Payment,Cor Coffee,,ea,1,Physical Good,Cor Coffee
2026-09-10,12:59:50,Central Time (US & Canada),Espresso Drinks,Latte,1.0,Regular,,"Regular, To go, Hot, Whole, Cinnamon Roll",$5.50,$0.00,$5.50,$0.00,iPad,Payment,Cor Coffee,,ea,1,Physical Good,Cor Coffee
2026-09-10,12:57:43,Central Time (US & Canada),Espresso Drinks,Latte,1.0,Regular,,"Regular, Here, Hot, Whole",$4.75,$0.00,$4.75,$0.00,iPad,Payment,Cor Coffee,,ea,1,Physical Good,Cor Coffee
2026-09-10,12:56:24,Central Time (US & Canada),Teas,Tea,3.0,Regular,,Iced,$11.25,$0.00,$11.25,$0.00,iPad,Payment,Cor Coffee,,ea,3,Physical Good,Cor Coffee
2026-09-10,12:51:40,Central Time (US & Canada),Espresso Drinks,Cortado,1.0,Regular,,"Regular, To go",$4.00,$0.00,$4.00,$0.00,iPad,Payment,Cor Coffee,,ea,1,Physical Good,Cor Coffee
2026-09-10,12:51:40,Central Time (US & Canada),Coffee Drinks,Cold Brew,1.0,Regular,,To go,$4.50,$0.00,$4.50,$0.00,iPad,Payment,Cor Coffee,,ea,1,Physical Good,Cor Coffee
2026-09-10,12:48:49,Central Time (US & Canada),Espresso Drinks,Latte,1.0,Regular,,"Regular, To go, Iced, Oat",$5.55,$0.00,$5.55,$0.00,iPad,Payment,Cor Coffee,,ea,1,Physical Good,Cor Coffee
2026-09-10,12:45:00,Central Time (US & Canada),Espresso Drinks,Latte,1.0,Regular,,"Regular, To go, Hot",$4.75,-$4.75,$0.00,$0.00,iPad,Payment,Cor Coffee,,ea,1,Physical Good,Cor Coffee
2026-09-10,12:43:20,Central Time (US & Canada),Teas,Matcha Latte,1.0,Regular,,"Vanilla, Iced, Oat",$6.80,$0.00,$6.80,$0.00,iPad,Payment,Cor Coffee,,ea,1,Physical Good,Cor Coffee
2026-09-10,12:42:51,Central Time (US & Canada),Espresso Drinks,Cappuccino,1.0,Regular,,"Regular, Whole",$4.50,$0.00,$4.50,$0.00,iPad,Payment,Cor Coffee,,ea,1,Physical Good,Cor Coffee
2026-09-10,12:42:13,Central Time (US & Canada),Espresso Drinks,Cappuccino,1.0,Regular,,"Regular, Whole",$4.50,$0.00,$4.50,$0.00,iPad,Payment,Cor Coffee,,ea,1,Physical Good,Cor Coffee
2026-09-10,12:41:42,Central Time (US & Canada),Espresso Drinks,Latte,1.0,Regular,,"Regular, Iced, Whole, Vanilla, Cold Foam",$6.00,$0.00,$6.00,$0.00,iPad,Payment,Cor Coffee,,ea,1,Physical Good,Cor Coffee
2026-09-10,12:41:42,Central Time (US & Canada),Food,Taos Bar,1.0,Regular,,Toasted Coconut (blue),$2.00,$0.00,$2.00,$0.00,iPad,Payment,Cor Coffee,,ea,1,Physical Good,Cor Coffee
2026-09-10,12:38:08,Central Time (US & Canada),Teas,Matcha Latte,1.0,Regular,,"Cinnamon Roll, Oat, Sweet",$7.05,$0.00,$7.05,$0.00,iPad,Payment,Cor Coffee,,ea,1,Physical Good,Cor Coffee
2026-09-10,12:36:47,Central Time (US & Canada),Teas,London Fog,1.0,Regular,,"To go, Oat",$5.55,-$5.55,$0.00,$0.00,iPad,Payment,Cor Coffee,,ea,1,Physical Good,Cor Coffee
2026-09-10,12:34:47,Central Time (US & Canada),Espresso Drinks,Latte,1.0,Regular,,"Regular, To go, Iced, Whole",$4.75,$0.00,$4.75,$0.00,iPad,Payment,Cor Coffee,,ea,1,Physical Good,Cor Coffee
2026-09-10,12:32:01,Central Time (US & Canada),Espresso Drinks,Latte,1.0,Regular,,"Regular, To go, Hot, Whole, Vanilla",$5.25,-$2.62,$2.63,$0.00,iPad,Payment,Cor Coffee,,ea,1,Physical Good,Cor Coffee
2026-09-10,12:31:02,Central Time (US & Canada),Teas,Chai Latte,1.0,Regular,,,$5.25,-$5.25,$0.00,$0.00,iPad,Payment,Cor Coffee,,ea,1,Physical Good,Cor Coffee
2026-09-10,12:29:51,Central Time (US & Canada),Espresso Drinks,Cortado,1.0,Regular,,Regular,$4.00,$0.00,$4.00,$0.00,iPad,Payment,Cor Coffee,,ea,1,Physical Good,Cor Coffee
2026-09-10,12:29:08,Central Time (US & Canada),Teas,Matcha Latte,1.0,Regular,,"To go, Iced, Oat, Regular",$6.30,$0.00,$6.30,$0.00,iPad,Payment,Cor Coffee,,ea,1,Physical Good,Cor Coffee
2026-09-10,12:28:12,Central Time (US & Canada),Espresso Drinks,Latte,1.0,Regular,,"Regular, To go, Hot, Almond",$5.55,$0.00,$5.55,$0.00,iPad,Payment,Cor Coffee,,ea,1,Physical Good,Cor Coffee
2026-09-10,12:27:13,Central Time (US & Canada),Teas,Chai Latte,1.0,Regular,,"To go, Hot, Whole",$5.25,$0.00,$5.25,$0.00,iPad,Payment,Cor Coffee,,ea,1,Physical Good,Cor Coffee
2026-09-10,12:26:44,Central Time (US & Canada),Teas,Matcha Latte,1.0,Regular,,"Here, Iced, Whole, Sweet",$5.50,$0.00,$5.50,$0.00,iPad,Payment,Cor Coffee,,ea,1,Physical Good,Cor Coffee
2026-09-10,12:25:49,Central Time (US & Canada),Espresso Drinks,Latte,1.0,Regular,,"Regular, To go, Iced, Oat",$5.55,$0.00,$5.55,$0.00,iPad,Payment,Cor Coffee,,ea,1,Physical Good,Cor Coffee
2026-09-10,12:25:00,Central Time (US & Canada),Teas,Matcha Latte,1.0,Regular,,"Blueberry, Cold Foam, Here, Iced, Whole, Regular",$7.00,$0.00,$7.00,$0.00,iPad,Payment,Cor Coffee,,ea,1,Physical Good,Cor Coffee
2026-09-10,12:22:49,Central Time (US & Canada),Coffee Drinks,Coffee,1.0,Regular,,To go,$3.00,$0.00,$3.00,$0.00,iPad,Payment,Cor Coffee,,ea,1,Physical Good,Cor Coffee
2026-09-10,12:21:57,Central Time (US & Canada),Espresso Drinks,Latte,1.0,Regular,,"Regular, To go, Hot, Whole",$4.75,$0.00,$4.75,$0.00,iPad,Payment,Cor Coffee,,ea,1,Physical Good,Cor Coffee
2026-09-10,12:20:57,Central Time (US & Canada),Espresso Drinks,Latte,1.0,Regular,,"Regular, To go, Iced, Whole",$4.75,$0.00,$4.75,$0.00,iPad,Payment,Cor Coffee,,ea,1,Physical Good,Cor Coffee
2026-09-10,12:15:29,Central Time (US & Canada),Espresso Drinks,Latte,1.0,Regular,,"Regular, To go, Iced, Whole, Cinnamon Roll",$5.50,$0.00,$5.50,$0.00,iPad,Payment,Cor Coffee,,ea,1,Physical Good,Cor Coffee
2026-09-10,12:14:48,Central Time (US & Canada),Espresso Drinks,Latte,1.0,Regular,,"Regular, To go, Iced, Oat, Vanilla",$6.05,$0.00,$6.05,$0.00,iPad,Payment,Cor Coffee,,ea,1,Physical Good,Cor Coffee
2026-09-10,12:14:01,Central Time (US & Canada),Coffee Drinks,Cold Brew,1.0,Regular,,To go,$4.50,$0.00,$4.50,$0.00,iPad,Payment,Cor Coffee,,ea,1,Physical Good,Cor Coffee
2026-09-10,12:13:16,Central Time (US & Canada),Espresso Drinks,Latte,1.0,Regular,,"Regular, To go, Iced, Oat, Cinnamon Roll",$6.30,$0.00,$6.30,$0.00,iPad,Payment,Cor Coffee,,ea,1,Physical Good,Cor Coffee
2026-09-10,12:12:17,Central Time (US & Canada),Teas,Matcha Latte,1.0,Regular,,"Cinnamon Roll, Cold Foam, To go, Iced, Whole, Regular",$7.00,$0.00,$7.00,$0.00,iPad,Payment,Cor Coffee,,ea,1,Physical Good,Cor Coffee
2026-09-10,12:10:19,Central Time (US & Canada),Teas,Matcha Latte,1.0,Regular,,"Cinnamon Roll, To go, Iced, Whole, Sweet",$6.25,$0.00,$6.25,$0.00,iPad,Payment,Cor Coffee,,ea,1,Physical Good,Cor Coffee
2026-09-10,12:09:16,Central Time (US & Canada),Teas,London Fog,1.0,Regular,,"To go, Whole",$4.75,$0.00,$4.75,$0.00,iPad,Payment,Cor Coffee,,ea,1,Physical Good,Cor Coffee
2026-09-10,12:08:13,Central Time (US & Canada),Espresso Drinks,Latte,1.0,Regular,,"Regular, To go, Iced, Oat, Cinnamon Roll",$6.30,$0.00,$6.30,$0.00,iPad,Payment,Cor Coffee,,ea,1,Physical Good,Cor Coffee
2026-09-10,12:07:23,Central Time (US & Canada),Espresso Drinks,Latte,1.0,Regular,,"Regular, To go, Iced, Whole",$4.75,$0.00,$4.75,$0.00,iPad,Payment,Cor Coffee,,ea,1,Physical Good,Cor Coffee
2026-09-10,12:06:35,Central Time (US & Canada),Teas,Tea,1.0,Regular,,Iced,$3.75,$0.00,$3.75,$0.00,iPad,Payment,Cor Coffee,,ea,1,Physical Good,Cor Coffee
2026-09-10,12:04:56,Central Time (US & Canada),Teas,Matcha Latte,1.0,Regular,,"Cinnamon Roll, To go, Iced, Whole, Regular",$6.25,$0.00,$6.25,$0.00,iPad,Payment,Cor Coffee,,ea,1,Physical Good,Cor Coffee
2026-09-10,12:03:32,Central Time (US & Canada),Espresso Drinks,Latte,1.0,Regular,,"Regular, Here, Iced, Oat, Cinnamon Roll, Cold Foam",$7.05,$0.00,$7.05,$0.00,iPad,Payment,Cor Coffee,,ea,1,Physical Good,Cor Coffee
2026-09-10,12:02:26,Central Time (US & Canada),Espresso Drinks,Latte,1.0,Regular,,"Regular, Here, Iced, Oat, Blueberry, Cold Foam",$7.05,$0.00,$7.05,$0.00,iPad,Payment,Cor Coffee,,ea,1,Physical Good,Cor Coffee
2026-09-10,12:01:23,Central Time (US & Canada),Teas,Chai Latte,1.0,Regular,,"To go, Iced, Whole, Cinnamon Roll, Cold Foam",$6.75,$0.00,$6.75,$0.00,iPad,Payment,Cor Coffee,,ea,1,Physical Good,Cor Coffee
2026-09-10,12:00:06,Central Time (US & Canada),Other Drinks,Lemonade,1.0,Regular,,To go,$3.00,$0.00,$3.00,$0.00,iPad,Payment,Cor Coffee,,ea,1,Physical Good,Cor Coffee
2026-09-10,11:59:35,Central Time (US & Canada),Espresso Drinks,Latte,1.0,Regular,,"Regular, To go, Iced, Whole, Vanilla",$5.25,$0.00,$5.25,$0.00,iPad,Payment,Cor Coffee,,ea,1,Physical Good,Cor Coffee
2026-09-10,11:58:43,Central Time (US & Canada),Teas,Matcha Latte,1.0,Regular,,"Cinnamon Roll, To go, Iced, Whole, Regular",$6.25,$0.00,$6.25,$0.00,iPad,Payment,Cor Coffee,,ea,1,Physical Good,Cor Coffee
2026-09-10,11:56:16,Central Time (US & Canada),Espresso Drinks,Latte,1.0,Regular,,"Regular, To go, Iced, Whole, Cinnamon Roll, Cold Foam",$6.25,$0.00,$6.25,$0.00,iPad,Payment,Cor Coffee,,ea,1,Physical Good,Cor Coffee
2026-09-10,11:54:08,Central Time (US & Canada),Teas,Matcha Latte,1.0,Regular,,"Cinnamon Roll, To go, Iced, Almond, Regular",$7.05,$0.00,$7.05,$0.00,iPad,Payment,Cor Coffee,,ea,1,Physical Good,Cor Coffee
2026-09-10,11:48:23,Central Time (US & Canada),Espresso Drinks,Latte,1.0,Regular,,"Regular, To go, Iced, Whole, Cinnamon Roll",$5.50,$0.00,$5.50,$0.00,iPad,Payment,Cor Coffee,,ea,1,Physical Good,Cor Coffee
2026-09-10,11:41:28,Central Time (US & Canada),Teas,Matcha Latte,1.0,Regular,,"Cinnamon Roll, Cold Foam, To go, Iced, Whole, Regular",$7.00,$0.00,$7.00,$0.00,iPad,Payment,Cor Coffee,,ea,1,Physical Good,Cor Coffee
2026-09-10,11:39:50,Central Time (US & Canada),Espresso Drinks,Latte,1.0,Regular,,"Regular, Here, Hot, Soy",$5.55,$0.00,$5.55,$0.00,iPad,Payment,Cor Coffee,,ea,1,Physical Good,Cor Coffee
2026-09-10,11:39:50,Central Time (US & Canada),Espresso Drinks,Mocha,1.0,Regular,,"Regular, To go, Iced, Oat",$6.05,$0.00,$6.05,$0.00,iPad,Payment,Cor Coffee,,ea,1,Physical Good,Cor Coffee
2026-09-10,11:36:50,Central Time (US & Canada),Espresso Drinks,Americano,1.0,Regular,,"Regular, To go, Iced",$3.75,$0.00,$3.75,$0.00,iPad,Payment,Cor Coffee,,ea,1,Physical Good,Cor Coffee
2026-09-10,11:35:31,Central Time (US & Canada),Teas,Matcha Latte,1.0,Regular,,"To go, Iced, Whole, Regular",$5.50,$0.00,$5.50,$0.00,iPad,Payment,Cor Coffee,,ea,1,Physical Good,Cor Coffee
2026-09-10,11:23:24,Central Time (US & Canada),Espresso Drinks,Latte,1.0,Regular,,"Regular, To go, Iced, Oat, Vanilla",$6.05,$0.00,$6.05,$0.00,iPad,Payment,Cor Coffee,,ea,1,Physical Good,Cor Coffee
2026-09-10,11:21:05,Central Time (US & Canada),Coffee Drinks,Cold Brew,1.0,Regular,,"To go, Vanilla, Oat",$5.80,$0.00,$5.80,$0.00,iPad,Payment,Cor Coffee,,ea,1,Physical Good,Cor Coffee
2026-09-10,11:19:47,Central Time (US & Canada),Teas,Tea,1.0,Regular,,"Hot, To go",$3.75,$0.00,$3.75,$0.00,iPad,Payment,Cor Coffee,,ea,1,Physical Good,Cor Coffee
2026-09-10,11:13:26,Central Time (US & Canada),Teas,Matcha Latte,1.0,Regular,,"Blueberry, Cold Foam, Oat, Regular",$7.80,$0.00,$7.80,$0.00,iPad,Payment,Cor Coffee,,ea,1,Physical Good,Cor Coffee
2026-09-10,11:10:38,Central Time (US & Canada),Espresso Drinks,Latte,1.0,Regular,,"Regular, To go, Iced, Almond, Vanilla",$6.05,$0.00,$6.05,$0.00,iPad,Payment,Cor Coffee,,ea,1,Physical Good,Cor Coffee
2026-09-10,11:01:22,Central Time (US & Canada),Espresso Drinks,Latte,1.0,Regular,,"Regular, To go, Iced, Whole, Cinnamon Roll",$5.50,$0.00,$5.50,$0.00,iPad,Payment,Cor Coffee,,ea,1,Physical Good,Cor Coffee
2026-09-10,11:00:42,Central Time (US & Canada),Teas,Matcha Latte,1.0,Regular,,"To go, Iced, Oat, Regular",$6.30,$0.00,$6.30,$0.00,iPad,Payment,Cor Coffee,,ea,1,Physical Good,Cor Coffee
2026-09-10,11:00:06,Central Time (US & Canada),Espresso Drinks,Latte,1.0,Regular,,"Regular, To go, Iced, Whole",$4.75,$0.00,$4.75,$0.00,iPad,Payment,Cor Coffee,,ea,1,Physical Good,Cor Coffee
2026-09-10,10:59:17,Central Time (US & Canada),Espresso Drinks,Latte,1.0,Regular,,"Regular, To go, Iced, Whole",$4.75,$0.00,$4.75,$0.00,iPad,Payment,Cor Coffee,,ea,1,Physical Good,Cor Coffee
2026-09-10,10:57:58,Central Time (US & Canada),Espresso Drinks,Cortado,1.0,Regular,,"Regular, To go, Oat",$4.80,$0.00,$4.80,$0.00,iPad,Payment,Cor Coffee,,ea,1,Physical Good,Cor Coffee
2026-09-10,10:57:05,Central Time (US & Canada),Teas,Matcha Latte,1.0,Regular,,"To go, Iced, Whole, Sweet",$5.50,$0.00,$5.50,$0.00,iPad,Payment,Cor Coffee,,ea,1,Physical Good,Cor Coffee
2026-09-10,10:56:35,Central Time (US & Canada),Coffee Drinks,Cold Brew,1.0,Regular,,,$4.50,$0.00,$4.50,$0.00,iPad,Payment,Cor Coffee,,ea,1,Physical Good,Cor Coffee
2026-09-10,10:55:51,Central Time (US & Canada),Espresso Drinks,Cappuccino,1.0,Regular,,"Regular, To go, Whole",$4.50,$0.00,$4.50,$0.00,iPad,Payment,Cor Coffee,,ea,1,Physical Good,Cor Coffee
2026-09-10,10:54:58,Central Time (US & Canada),Coffee Drinks,Coffee,1.0,Regular,,To go,$3.00,$0.00,$3.00,$0.00,iPad,Payment,Cor Coffee,,ea,1,Physical Good,Cor Coffee
2026-09-10,10:54:36,Central Time (US & Canada),Teas,Chai Latte,1.0,Regular,,"To go, Iced, Whole, Vanilla, Cinnamon Roll, Cold Foam",$7.25,-$7.25,$0.00,$0.00,iPad,Payment,Cor Coffee,,ea,1,Physical Good,Cor Coffee
2026-09-10,10:53:21,Central Time (US & Canada),Espresso Drinks,Mocha,1.0,Regular,,"Regular, To go, Hot, Whole",$5.25,$0.00,$5.25,$0.00,iPad,Payment,Cor Coffee,,ea,1,Physical Good,Cor Coffee
2026-09-10,10:52:43,Central Time (US & Canada),Espresso Drinks,Latte,1.0,Regular,,"Regular, To go, Iced, Almond, Cinnamon Roll",$6.30,$0.00,$6.30,$0.00,iPad,Payment,Cor Coffee,,ea,1,Physical Good,Cor Coffee
2026-09-10,10:52:07,Central Time (US & Canada),Espresso Drinks,Latte,1.0,Regular,,"Regular, To go, Hot, Oat, Cinnamon Roll",$6.30,$0.00,$6.30,$0.00,iPad,Payment,Cor Coffee,,ea,1,Physical Good,Cor Coffee
2026-09-10,10:51:11,Central Time (US & Canada),Espresso Drinks,Latte,1.0,Regular,,"Regular, To go, Iced, Oat, Vanilla",$6.05,$0.00,$6.05,$0.00,iPad,Payment,Cor Coffee,,ea,1,Physical Good,Cor Coffee
2026-09-10,10:51:11,Central Time (US & Canada),Espresso Drinks,Latte,1.0,Regular,,"Regular, To go, Iced, Oat, Add shot, Vanilla",$7.05,$0.00,$7.05,$0.00,iPad,Payment,Cor Coffee,,ea,1,Physical Good,Cor Coffee
2026-09-10,10:49:54,Central Time (US & Canada),Espresso Drinks,Latte,1.0,Regular,,"Regular, To go, Iced, Oat, Cinnamon Roll",$6.30,$0.00,$6.30,$0.00,iPad,Payment,Cor Coffee,,ea,1,Physical Good,Cor Coffee
2026-09-10,10:48:11,Central Time (US & Canada),Espresso Drinks,Americano,1.0,Regular,,"Regular, To go",$3.75,$0.00,$3.75,$0.00,iPad,Payment,Cor Coffee,,ea,1,Physical Good,Cor Coffee
2026-09-10,10:47:03,Central Time (US & Canada),Teas,Matcha Latte,1.0,Regular,,"Vanilla, Cold Foam, To go, Iced, Whole, Regular",$6.75,$0.00,$6.75,$0.00,iPad,Payment,Cor Coffee,,ea,1,Physical Good,Cor Coffee
2026-09-10,10:46:17,Central Time (US & Canada),Espresso Drinks,Latte,1.0,Regular,,"Regular, To go, Iced, Whole, Cinnamon Roll",$5.50,$0.00,$5.50,$0.00,iPad,Payment,Cor Coffee,,ea,1,Physical Good,Cor Coffee
2026-09-10,10:45:01,Central Time (US & Canada),Teas,Matcha Latte,1.0,Regular,,"Blueberry, Cold Foam, Oat",$7.80,$0.00,$7.80,$0.00,iPad,Payment,Cor Coffee,,ea,1,Physical Good,Cor Coffee
2026-09-10,10:36:51,Central Time (US & Canada),Espresso Drinks,Mocha,1.0,Regular,,"Regular, To go, Iced, Whole",$5.25,$0.00,$5.25,$0.00,iPad,Payment,Cor Coffee,,ea,1,Physical Good,Cor Coffee
2026-09-10,10:30:05,Central Time (US & Canada),Espresso Drinks,Latte,1.0,Regular,,"Regular, Cinnamon Roll, Cold Foam",$6.25,$0.00,$6.25,$0.00,iPad,Payment,Cor Coffee,,ea,1,Physical Good,Cor Coffee
2026-09-10,10:08:45,Central Time (US & Canada),Teas,Tea,1.0,Regular,,,$3.75,-$1.88,$1.87,$0.00,iPad,Payment,Cor Coffee,,ea,1,Physical Good,Cor Coffee
2026-09-10,10:07:30,Central Time (US & Canada),Teas,Matcha Latte,1.0,Regular,,,$5.50,-$2.75,$2.75,$0.00,iPad,Payment,Cor Coffee,,ea,1,Physical Good,Cor Coffee
2026-09-10,10:06:22,Central Time (US & Canada),Espresso Drinks,Latte,1.0,Regular,,"Regular, To go, Iced, Oat, Vanilla",$6.05,$0.00,$6.05,$0.00,iPad,Payment,Cor Coffee,,ea,1,Physical Good,Cor Coffee
2026-09-10,10:06:22,Central Time (US & Canada),Teas,Matcha Latte,1.0,Regular,,"Vanilla, To go, Iced, Whole",$6.00,$0.00,$6.00,$0.00,iPad,Payment,Cor Coffee,,ea,1,Physical Good,Cor Coffee
2026-09-10,10:00:40,Central Time (US & Canada),Espresso Drinks,Flat White,1.0,Regular,,Regular,$4.25,$0.00,$4.25,$0.00,iPad,Payment,Cor Coffee,,ea,1,Physical Good,Cor Coffee
2026-09-10,09:48:35,Central Time (US & Canada),Teas,Matcha Latte,1.0,Regular,,"Blueberry, Sweet",$6.25,$0.00,$6.25,$0.00,iPad,Payment,Cor Coffee,,ea,1,Physical Good,Cor Coffee
2026-09-10,09:46:44,Central Time (US & Canada),Teas,Matcha Latte,1.0,Regular,,Lavender,$6.00,$0.00,$6.00,$0.00,iPad,Payment,Cor Coffee,,ea,1,Physical Good,Cor Coffee
2026-09-10,09:43:08,Central Time (US & Canada),Teas,Matcha Latte,1.0,Regular,,"Lavender, Oat",$6.80,$0.00,$6.80,$0.00,iPad,Payment,Cor Coffee,,ea,1,Physical Good,Cor Coffee
2026-09-10,09:41:51,Central Time (US & Canada),Coffee Drinks,Coffee,1.0,Regular,,,$3.00,$0.00,$3.00,$0.00,iPad,Payment,Cor Coffee,,ea,1,Physical Good,Cor Coffee
2026-09-10,09:35:21,Central Time (US & Canada),Espresso Drinks,Latte,1.0,Regular,,"Regular, Here, Iced, Oat, Vanilla",$6.05,$0.00,$6.05,$0.00,iPad,Payment,Cor Coffee,,ea,1,Physical Good,Cor Coffee
2026-09-10,09:34:43,Central Time (US & Canada),Coffee Drinks,Cold Brew,1.0,Regular,,To go,$4.50,$0.00,$4.50,$0.00,iPad,Payment,Cor Coffee,,ea,1,Physical Good,Cor Coffee
2026-09-10,09:34:02,Central Time (US & Canada),Espresso Drinks,Latte,1.0,Regular,,"Regular, To go, Iced, Whole, Cinnamon Roll",$5.50,$0.00,$5.50,$0.00,iPad,Payment,Cor Coffee,,ea,1,Physical Good,Cor Coffee
2026-09-10,09:33:01,Central Time (US & Canada),Espresso Drinks,Latte,1.0,Regular,,"Regular, To go, Iced, Oat, Vanilla",$6.05,$0.00,$6.05,$0.00,iPad,Payment,Cor Coffee,,ea,1,Physical Good,Cor Coffee
2026-09-10,09:32:14,Central Time (US & Canada),Teas,Matcha Latte,1.0,Regular,,"Blueberry, Cold Foam, To go, Iced, Whole",$7.00,$0.00,$7.00,$0.00,iPad,Payment,Cor Coffee,,ea,1,Physical Good,Cor Coffee
2026-09-10,09:23:46,Central Time (US & Canada),Espresso Drinks,Latte,1.0,Regular,,"Regular, Cinnamon Roll",$5.50,$0.00,$5.50,$0.00,iPad,Payment,Cor Coffee,,ea,1,Physical Good,Cor Coffee
2026-09-10,09:20:48,Central Time (US & Canada),Teas,Chai Latte,1.0,Regular,,"To go, Iced, Whole",$5.25,$0.00,$5.25,$0.00,iPad,Payment,Cor Coffee,,ea,1,Physical Good,Cor Coffee
2026-09-10,09:20:08,Central Time (US & Canada),Teas,Matcha Latte,1.0,Regular,,"Vanilla, To go, Hot, Whole, Regular",$6.00,$0.00,$6.00,$0.00,iPad,Payment,Cor Coffee,,ea,1,Physical Good,Cor Coffee
2026-09-10,09:19:21,Central Time (US & Canada),Teas,Matcha Latte,1.0,Regular,,"To go, Iced, Whole, Regular",$5.50,$0.00,$5.50,$0.00,iPad,Payment,Cor Coffee,,ea,1,Physical Good,Cor Coffee
2026-09-10,09:16:59,Central Time (US & Canada),Espresso Drinks,Latte,1.0,Regular,,"Regular, To go, Iced, Whole, Vanilla, Cinnamon Roll, Cold Foam",$6.75,$0.00,$6.75,$0.00,iPad,Payment,Cor Coffee,,ea,1,Physical Good,Cor Coffee
2026-09-10,09:14:38,Central Time (US & Canada),Espresso Drinks,Latte,1.0,Regular,,"Regular, To go, Iced, Oat, Vanilla",$6.05,-$3.02,$3.03,$0.00,iPad,Payment,Cor Coffee,,ea,1,Physical Good,Cor Coffee
2026-09-10,09:13:42,Central Time (US & Canada),Teas,Matcha Latte,1.0,Regular,,"Vanilla, To go, Iced, Oat",$6.80,$0.00,$6.80,$0.00,iPad,Payment,Cor Coffee,,ea,1,Physical Good,Cor Coffee
2026-09-10,09:11:15,Central Time (US & Canada),Espresso Drinks,Latte,1.0,Regular,,"Regular, Cinnamon Roll",$5.50,-$5.50,$0.00,$0.00,,Payment,Cor Coffee,,ea,1,Physical Good,Cor Coffee
2026-09-10,09:10:49,Central Time (US & Canada),Teas,Tea,1.0,Regular,,,$3.75,$0.00,$3.75,$0.00,iPad,Payment,Cor Coffee,,ea,1,Physical Good,Cor Coffee
2026-09-10,09:10:29,Central Time (US & Canada),Espresso Drinks,Latte,1.0,Regular,,"Regular, To go, Iced, Whole, Cinnamon Roll",$5.50,$0.00,$5.50,$0.00,iPad,Payment,Cor Coffee,,ea,1,Physical Good,Cor Coffee
2026-09-10,09:04:25,Central Time (US & Canada),Espresso Drinks,Latte,1.0,Regular,,"Regular, To go, Iced, Whole, Vanilla, Cold Foam",$6.00,$0.00,$6.00,$0.00,iPad,Payment,Cor Coffee,,ea,1,Physical Good,Cor Coffee
2026-09-10,09:03:39,Central Time (US & Canada),Espresso Drinks,Latte,1.0,Regular,,"Regular, To go, Iced, Whole, Vanilla",$5.25,$0.00,$5.25,$0.00,iPad,Payment,Cor Coffee,,ea,1,Physical Good,Cor Coffee
2026-09-10,09:01:03,Central Time (US & Canada),Coffee Drinks,Coffee,1.0,Regular,,To go,$3.00,$0.00,$3.00,$0.00,iPad,Payment,Cor Coffee,,ea,1,Physical Good,Cor Coffee
2026-09-10,08:59:54,Central Time (US & Canada),Teas,Chai Latte,1.0,Regular,,,$5.25,$0.00,$5.25,$0.00,iPad,Payment,Cor Coffee,,ea,1,Physical Good,Cor Coffee
2026-09-09,15:58:24,Central Time (US & Canada),Espresso Drinks,Latte,1.0,Regular,,"Regular, Iced, Whole, Vanilla, Cold Foam",$6.00,$0.00,$6.00,$0.00,iPad,Payment,Cor Coffee,,ea,1,Physical Good,Cor Coffee
2026-09-09,15:39:24,Central Time (US & Canada),Espresso Drinks,Latte,1.0,Regular,,"Regular, To go, Iced, Whole, Blueberry, Cold Foam",$6.25,$0.00,$6.25,$0.00,iPad,Payment,Cor Coffee,,ea,1,Physical Good,Cor Coffee
2026-09-09,15:25:33,Central Time (US & Canada),Espresso Drinks,Latte,1.0,Regular,,"Regular, To go, Iced, Oat, Ganache, Cold Foam",$6.80,-$6.80,$0.00,$0.00,iPad,Payment,Cor Coffee,,ea,1,Physical Good,Cor Coffee
2026-09-09,15:15:53,Central Time (US & Canada),Other Drinks,Lemonade,1.0,Regular,,"To go, Blueberry",$3.75,$0.00,$3.75,$0.00,iPad,Payment,Cor Coffee,,ea,1,Physical Good,Cor Coffee
2026-09-09,15:15:17,Central Time (US & Canada),Teas,Chai Latte,2.0,Regular,,"Hot, Whole",$10.50,$0.00,$10.50,$0.00,iPad,Payment,Cor Coffee,,ea,2,Physical Good,Cor Coffee
2026-09-09,15:13:45,Central Time (US & Canada),Teas,Tea,1.0,Regular,,Iced,$3.75,$0.00,$3.75,$0.00,iPad,Payment,Cor Coffee,,ea,1,Physical Good,Cor Coffee
2026-09-09,15:13:15,Central Time (US & Canada),Teas,Tea,1.0,Regular,,Iced,$3.75,$0.00,$3.75,$0.00,iPad,Payment,Cor Coffee,,ea,1,Physical Good,Cor Coffee
2026-09-09,15:12:43,Central Time (US & Canada),Teas,Tea,1.0,Regular,,Iced,$3.75,$0.00,$3.75,$0.00,iPad,Payment,Cor Coffee,,ea,1,Physical Good,Cor Coffee
2026-09-09,15:11:45,Central Time (US & Canada),Espresso Drinks,Latte,1.0,Regular,,"Regular, To go, Iced, Whole, Vanilla",$5.25,$0.00,$5.25,$0.00,iPad,Payment,Cor Coffee,,ea,1,Physical Good,Cor Coffee
2026-09-09,15:10:07,Central Time (US & Canada),Teas,Matcha Latte,1.0,Regular,,"Blueberry, Cold Foam, To go, Iced, Whole, Regular",$7.00,-$7.00,$0.00,$0.00,iPad,Payment,Cor Coffee,,ea,1,Physical Good,Cor Coffee
2026-09-09,15:08:02,Central Time (US & Canada),Espresso Drinks,Latte,1.0,Regular,,"Regular, To go, Iced, Whole, Vanilla, Cold Foam",$6.00,-$6.00,$0.00,$0.00,iPad,Payment,Cor Coffee,,ea,1,Physical Good,Cor Coffee
2026-09-09,15:07:05,Central Time (US & Canada),Teas,Matcha Latte,1.0,Regular,,"Blueberry, Cinnamon Roll, Cold Foam, To go, Iced, Whole, Regular",$7.75,-$7.75,$0.00,$0.00,iPad,Payment,Cor Coffee,,ea,1,Physical Good,Cor Coffee
2026-09-09,15:05:10,Central Time (US & Canada),Food,Taos Bar,1.0,Regular,,Peanut butter (green),$2.00,$0.00,$2.00,$0.00,iPad,Payment,Cor Coffee,,ea,1,Physical Good,Cor Coffee
2026-09-09,15:04:53,Central Time (US & Canada),Espresso Drinks,Latte,1.0,Regular,,"Regular, To go, Iced, Almond",$5.55,-$5.55,$0.00,$0.00,iPad,Payment,Cor Coffee,,ea,1,Physical Good,Cor Coffee
2026-09-09,15:04:00,Central Time (US & Canada),Espresso Drinks,Latte,1.0,Regular,,"Regular, To go, Hot, Whole, Vanilla",$5.25,$0.00,$5.25,$0.00,iPad,Payment,Cor Coffee,,ea,1,Physical Good,Cor Coffee
2026-09-09,15:03:24,Central Time (US & Canada),Teas,Matcha Latte,1.0,Regular,,"Blueberry, Cold Foam, To go, Iced, Whole",$7.00,$0.00,$7.00,$0.00,iPad,Payment,Cor Coffee,,ea,1,Physical Good,Cor Coffee
2026-09-09,15:01:19,Central Time (US & Canada),Teas,London Fog,1.0,Regular,,"To go, Oat",$5.55,$0.00,$5.55,$0.00,iPad,Payment,Cor Coffee,,ea,1,Physical Good,Cor Coffee
2026-09-09,14:59:57,Central Time (US & Canada),Espresso Drinks,Espresso,1.0,Regular,,"Add shot, Regular",$4.25,$0.00,$4.25,$0.00,iPad,Payment,Cor Coffee,,ea,1,Physical Good,Cor Coffee
2026-09-09,14:58:57,Central Time (US & Canada),Teas,Matcha Latte,1.0,Regular,,"Cinnamon Roll, To go, Iced, Soy, Sweet",$7.05,$0.00,$7.05,$0.00,iPad,Payment,Cor Coffee,,ea,1,Physical Good,Cor Coffee
2026-09-09,14:57:18,Central Time (US & Canada),Espresso Drinks,Americano,1.0,Regular,,"Regular, To go, Hot",$3.75,$0.00,$3.75,$0.00,iPad,Payment,Cor Coffee,,ea,1,Physical Good,Cor Coffee
2026-09-09,14:55:52,Central Time (US & Canada),Espresso Drinks,Latte,1.0,Regular,,"Regular, To go, Hot, Oat",$5.55,$0.00,$5.55,$0.00,iPad,Payment,Cor Coffee,,ea,1,Physical Good,Cor Coffee
2026-09-09,14:55:52,Central Time (US & Canada),Espresso Drinks,Cortado,1.0,Regular,,"Regular, To go, Whole",$4.00,$0.00,$4.00,$0.00,iPad,Payment,Cor Coffee,,ea,1,Physical Good,Cor Coffee
2026-09-09,14:54:41,Central Time (US & Canada),Espresso Drinks,Latte,1.0,Regular,,"Regular, To go, Iced, Whole, Blueberry",$5.50,$0.00,$5.50,$0.00,iPad,Payment,Cor Coffee,,ea,1,Physical Good,Cor Coffee
2026-09-09,14:53:21,Central Time (US & Canada),Espresso Drinks,Latte,1.0,Regular,,"Regular, To go, Iced, Whole, Cinnamon Roll",$5.50,$0.00,$5.50,$0.00,iPad,Payment,Cor Coffee,,ea,1,Physical Good,Cor Coffee
2026-09-09,14:37:56,Central Time (US & Canada),Espresso Drinks,Cappuccino,1.0,Regular,,"Regular, To go, Whole, Cinnamon Roll",$5.25,$0.00,$5.25,$0.00,iPad,Payment,Cor Coffee,,ea,1,Physical Good,Cor Coffee
2026-09-09,14:35:45,Central Time (US & Canada),Teas,Matcha Latte,1.0,Regular,,"Vanilla, To go, Iced, Oat, Regular",$6.80,$0.00,$6.80,$0.00,iPad,Payment,Cor Coffee,,ea,1,Physical Good,Cor Coffee
2026-09-09,14:32:12,Central Time (US & Canada),Teas,Matcha Latte,1.0,Regular,,"Vanilla, To go, Iced, Oat, Sweet",$6.80,$0.00,$6.80,$0.00,iPad,Payment,Cor Coffee,,ea,1,Physical Good,Cor Coffee
2026-09-09,14:27:59,Central Time (US & Canada),Espresso Drinks,Flat White,1.0,Regular,,"Regular, To go, Whole, Vanilla",$4.75,$0.00,$4.75,$0.00,iPad,Payment,Cor Coffee,,ea,1,Physical Good,Cor Coffee
2026-09-09,14:24:36,Central Time (US & Canada),Espresso Drinks,Latte,2.0,Regular,,"Regular, To go, Hot, Whole, Vanilla",$10.50,$0.00,$10.50,$0.00,iPad,Payment,Cor Coffee,,ea,2,Physical Good,Cor Coffee
2026-09-09,14:21:56,Central Time (US & Canada),Teas,Matcha Latte,2.0,Regular,,"Blueberry, To go, Iced, Whole, Sweet",$12.50,$0.00,$12.50,$0.00,iPad,Payment,Cor Coffee,,ea,2,Physical Good,Cor Coffee
2026-09-09,14:15:38,Central Time (US & Canada),Espresso Drinks,Latte,1.0,Regular,,"Regular, Hot, Whole, Vanilla",$5.25,$0.00,$5.25,$0.00,iPad,Payment,Cor Coffee,,ea,1,Physical Good,Cor Coffee
2026-09-09,14:13:11,Central Time (US & Canada),Other Drinks,Lemonade,1.0,Regular,,"To go, Blueberry",$3.75,$0.00,$3.75,$0.00,iPad,Payment,Cor Coffee,,ea,1,Physical Good,Cor Coffee
2026-09-09,14:11:12,Central Time (US & Canada),Espresso Drinks,Americano,1.0,Regular,,"Regular, Hot",$3.75,$0.00,$3.75,$0.00,iPad,Payment,Cor Coffee,,ea,1,Physical Good,Cor Coffee
2026-09-09,14:09:59,Central Time (US & Canada),Coffee Drinks,Cold Brew,1.0,Regular,,Cold Foam,$5.25,$0.00,$5.25,$0.00,iPad,Payment,Cor Coffee,,ea,1,Physical Good,Cor Coffee
2026-09-09,14:07:35,Central Time (US & Canada),Teas,Matcha Latte,1.0,Regular,,"To go, Iced, Whole, Sweet",$5.50,$0.00,$5.50,$0.00,iPad,Payment,Cor Coffee,,ea,1,Physical Good,Cor Coffee
2026-09-09,14:06:48,Central Time (US & Canada),Espresso Drinks,Latte,1.0,Regular,,"Regular, To go, Iced, Whole, Cold Foam",$5.50,$0.00,$5.50,$0.00,iPad,Payment,Cor Coffee,,ea,1,Physical Good,Cor Coffee
2026-09-09,14:05:34,Central Time (US & Canada),Teas,Matcha Latte,1.0,Regular,,"Blueberry, Cold Foam, To go, Iced, Almond, Regular",$7.80,$0.00,$7.80,$0.00,iPad,Payment,Cor Coffee,,ea,1,Physical Good,Cor Coffee
2026-09-09,14:04:11,Central Time (US & Canada),Teas,Matcha Latte,1.0,Regular,,"Blueberry, Cold Foam, To go, Iced, Whole, Regular",$7.00,$0.00,$7.00,$0.00,iPad,Payment,Cor Coffee,,ea,1,Physical Good,Cor Coffee
2026-09-09,14:02:38,Central Time (US & Canada),Espresso Drinks,Mocha,1.0,Regular,,"Regular, To go, Iced, Oat",$6.05,$0.00,$6.05,$0.00,iPad,Payment,Cor Coffee,,ea,1,Physical Good,Cor Coffee
2026-09-09,14:01:08,Central Time (US & Canada),Espresso Drinks,Latte,1.0,Regular,,"Regular, To go, Iced, Whole, Vanilla",$5.25,$0.00,$5.25,$0.00,iPad,Payment,Cor Coffee,,ea,1,Physical Good,Cor Coffee
2026-09-09,13:59:42,Central Time (US & Canada),Espresso Drinks,Latte,1.0,Regular,,"Regular, To go, Iced, Oat, Cinnamon Roll, Cold Foam",$7.05,$0.00,$7.05,$0.00,iPad,Payment,Cor Coffee,,ea,1,Physical Good,Cor Coffee
2026-09-09,13:59:42,Central Time (US & Canada),Food,Taos Bar,1.0,Regular,,,$2.00,$0.00,$2.00,$0.00,iPad,Payment,Cor Coffee,,ea,1,Physical Good,Cor Coffee
2026-09-09,13:57:24,Central Time (US & Canada),Teas,Matcha Latte,1.0,Regular,,"Cinnamon Roll, To go, Iced, Whole, Regular",$6.25,-$6.25,$0.00,$0.00,iPad,Payment,Cor Coffee,,ea,1,Physical Good,Cor Coffee
2026-09-09,13:57:24,Central Time (US & Canada),Espresso Drinks,Latte,1.0,Regular,,"Regular, To go, Iced, Oat, Add shot, Vanilla, Cold Foam",$7.80,-$7.80,$0.00,$0.00,iPad,Payment,Cor Coffee,,ea,1,Physical Good,Cor Coffee
2026-09-09,13:57:24,Central Time (US & Canada),Espresso Drinks,Cortado,1.0,Regular,,"Regular, Here, Whole",$4.00,-$4.00,$0.00,$0.00,iPad,Payment,Cor Coffee,,ea,1,Physical Good,Cor Coffee
2026-09-09,13:48:24,Central Time (US & Canada),Espresso Drinks,Latte,1.0,Regular,,"Regular, To go, Iced, Whole, Cinnamon Roll",$5.50,$0.00,$5.50,$0.00,iPad,Payment,Cor Coffee,,ea,1,Physical Good,Cor Coffee
2026-09-09,13:44:36,Central Time (US & Canada),Espresso Drinks,Latte,1.0,Regular,,"Regular, To go, Iced, Oat",$5.55,$0.00,$5.55,$0.00,iPad,Payment,Cor Coffee,,ea,1,Physical Good,Cor Coffee
2026-09-09,13:43:34,Central Time (US & Canada),Other Drinks,Hot Chocolate,1.0,Regular,,"Cinnamon Roll, Whole, To go",$4.75,$0.00,$4.75,$0.00,iPad,Payment,Cor Coffee,,ea,1,Physical Good,Cor Coffee
2026-09-09,13:39:46,Central Time (US & Canada),Teas,Matcha Latte,1.0,Regular,,"To go, Iced, Whole, Sweet",$5.50,$0.00,$5.50,$0.00,iPad,Payment,Cor Coffee,,ea,1,Physical Good,Cor Coffee
2026-09-09,13:16:00,Central Time (US & Canada),Coffee Drinks,Coffee,1.0,Regular,,Here,$3.00,$0.00,$3.00,$0.00,iPad,Payment,Cor Coffee,,ea,1,Physical Good,Cor Coffee
2026-09-09,13:10:06,Central Time (US & Canada),Food,Taos Bar,1.0,Regular,,Toasted Coconut (blue),$2.00,$0.00,$2.00,$0.00,iPad,Payment,Cor Coffee,,ea,1,Physical Good,Cor Coffee
2026-09-09,13:09:36,Central Time (US & Canada),Espresso Drinks,Mocha,1.0,Regular,,"Regular, Here, Iced, Whole",$5.25,$0.00,$5.25,$0.00,iPad,Payment,Cor Coffee,,ea,1,Physical Good,Cor Coffee
2026-09-09,13:09:08,Central Time (US & Canada),Teas,Matcha Latte,1.0,Regular,,"Vanilla, Cinnamon Roll, Cold Foam, Here, Iced, Whole, Regular",$7.50,$0.00,$7.50,$0.00,iPad,Payment,Cor Coffee,,ea,1,Physical Good,Cor Coffee
2026-09-09,13:08:24,Central Time (US & Canada),Espresso Drinks,Latte,1.0,Regular,,"Regular, To go, Iced, Almond, Cinnamon Roll",$6.30,-$6.30,$0.00,$0.00,iPad,Payment,Cor Coffee,,ea,1,Physical Good,Cor Coffee
2026-09-09,13:06:03,Central Time (US & Canada),Espresso Drinks,Americano,1.0,Regular,,"Regular, To go, Hot",$3.75,$0.00,$3.75,$0.00,iPad,Payment,Cor Coffee,,ea,1,Physical Good,Cor Coffee
2026-09-09,13:03:51,Central Time (US & Canada),Teas,Chai Latte,1.0,Regular,,"To go, Iced, Whole",$5.25,$0.00,$5.25,$0.00,iPad,Payment,Cor Coffee,,ea,1,Physical Good,Cor Coffee
2026-09-09,13:03:51,Central Time (US & Canada),Teas,Matcha Latte,1.0,Regular,,"To go, Iced, Whole, Regular",$5.50,$0.00,$5.50,$0.00,iPad,Payment,Cor Coffee,,ea,1,Physical Good,Cor Coffee
2026-09-09,12:57:24,Central Time (US & Canada),Teas,Matcha Latte,1.0,Regular,,"Lavender, To go, Iced, Oat, Regular",$6.80,$0.00,$6.80,$0.00,iPad,Payment,Cor Coffee,,ea,1,Physical Good,Cor Coffee
2026-09-09,12:56:40,Central Time (US & Canada),Espresso Drinks,Latte,1.0,Regular,,"Regular, Here, Iced, Whole, Cinnamon Roll",$5.50,$0.00,$5.50,$0.00,iPad,Payment,Cor Coffee,,ea,1,Physical Good,Cor Coffee
2026-09-09,12:55:49,Central Time (US & Canada),Teas,Matcha Latte,1.0,Regular,,"Blueberry, Here, Iced, Whole, Regular",$6.25,$0.00,$6.25,$0.00,iPad,Payment,Cor Coffee,,ea,1,Physical Good,Cor Coffee
2026-09-09,12:47:22,Central Time (US & Canada),Espresso Drinks,Espresso,1.0,Regular,,"Regular, Here",$3.25,$0.00,$3.25,$0.00,iPad,Payment,Cor Coffee,,ea,1,Physical Good,Cor Coffee
2026-09-09,12:46:12,Central Time (US & Canada),Espresso Drinks,Latte,1.0,Regular,,"Regular, To go, Iced, Whole, Cinnamon Roll",$5.50,$0.00,$5.50,$0.00,iPad,Payment,Cor Coffee,,ea,1,Physical Good,Cor Coffee
2026-09-09,12:44:30,Central Time (US & Canada),Other Drinks,Lemonade,1.0,Regular,,"To go, Lavender",$3.50,$0.00,$3.50,$0.00,iPad,Payment,Cor Coffee,,ea,1,Physical Good,Cor Coffee
2026-09-09,12:42:38,Central Time (US & Canada),Espresso Drinks,Cappuccino,1.0,Regular,,"Regular, To go, Whole",$4.50,$0.00,$4.50,$0.00,iPad,Payment,Cor Coffee,,ea,1,Physical Good,Cor Coffee
2026-09-09,12:42:09,Central Time (US & Canada),Espresso Drinks,Cappuccino,1.0,Regular,,"Regular, To go, Whole",$4.50,$0.00,$4.50,$0.00,iPad,Payment,Cor Coffee,,ea,1,Physical Good,Cor Coffee
2026-09-09,12:40:58,Central Time (US & Canada),Teas,Chai Latte,1.0,Regular,,"To go, Iced, Whole, Cinnamon Roll",$6.00,$0.00,$6.00,$0.00,iPad,Payment,Cor Coffee,,ea,1,Physical Good,Cor Coffee
2026-09-09,12:39:19,Central Time (US & Canada),Other Drinks,Hot Chocolate,1.0,Regular,,To go,$4.00,$0.00,$4.00,$0.00,iPad,Payment,Cor Coffee,,ea,1,Physical Good,Cor Coffee
2026-09-09,12:38:53,Central Time (US & Canada),Coffee Drinks,Coffee,1.0,Regular,,To go,$3.00,$0.00,$3.00,$0.00,iPad,Payment,Cor Coffee,,ea,1,Physical Good,Cor Coffee
2026-09-09,11:50:43,Central Time (US & Canada),Teas,Matcha Latte,1.0,Regular,,"Vanilla, To go, Iced, Whole, Regular",$6.00,-$3.00,$3.00,$0.00,iPad,Payment,Cor Coffee,,ea,1,Physical Good,Cor Coffee
2026-09-09,11:49:59,Central Time (US & Canada),Teas,Matcha Latte,1.0,Regular,,"Lavender, To go, Iced, Whole, Regular",$6.00,-$3.00,$3.00,$0.00,iPad,Payment,Cor Coffee,,ea,1,Physical Good,Cor Coffee
2026-09-09,11:48:49,Central Time (US & Canada),Espresso Drinks,Latte,1.0,Regular,,"Regular, To go, Iced, Whole, Vanilla",$5.25,-$5.25,$0.00,$0.00,iPad,Payment,Cor Coffee,,ea,1,Physical Good,Cor Coffee
2026-09-09,11:47:31,Central Time (US & Canada),Teas,Matcha Latte,1.0,Regular,,"To go, Iced, Soy, Regular",$6.30,$0.00,$6.30,$0.00,iPad,Payment,Cor Coffee,,ea,1,Physical Good,Cor Coffee
2026-09-09,11:40:07,Central Time (US & Canada),Espresso Drinks,Latte,1.0,Regular,,"Regular, To go, Hot, Half&Half (drip splash), Vanilla",$5.25,$0.00,$5.25,$0.00,iPad,Payment,Cor Coffee,,ea,1,Physical Good,Cor Coffee
2026-09-09,11:31:11,Central Time (US & Canada),Teas,Matcha Latte,1.0,Regular,,"Iced, Whole, Sweet",$5.50,$0.00,$5.50,$0.00,iPad,Payment,Cor Coffee,,ea,1,Physical Good,Cor Coffee
2026-09-09,11:24:06,Central Time (US & Canada),Espresso Drinks,Cortado,1.0,Regular,,"Regular, Here, Whole",$4.00,$0.00,$4.00,$0.00,iPad,Payment,Cor Coffee,,ea,1,Physical Good,Cor Coffee
2026-09-09,11:21:02,Central Time (US & Canada),Coffee Drinks,Coffee,1.0,Regular,,To go,$3.00,$0.00,$3.00,$0.00,iPad,Payment,Cor Coffee,,ea,1,Physical Good,Cor Coffee
2026-09-09,11:19:31,Central Time (US & Canada),Teas,Tea,1.0,Regular,,Iced,$3.75,$0.00,$3.75,$0.00,iPad,Payment,Cor Coffee,,ea,1,Physical Good,Cor Coffee
2026-09-09,11:18:07,Central Time (US & Canada),Teas,Chai Latte,1.0,Regular,,"To go, Iced, Whole, Vanilla, Cold Foam",$6.50,$0.00,$6.50,$0.00,iPad,Payment,Cor Coffee,,ea,1,Physical Good,Cor Coffee
2026-09-09,11:17:13,Central Time (US & Canada),Teas,Chai Latte,1.0,Regular,,"To go, Iced, Whole, Blueberry, Cold Foam",$6.75,$0.00,$6.75,$0.00,iPad,Payment,Cor Coffee,,ea,1,Physical Good,Cor Coffee
2026-09-09,11:10:42,Central Time (US & Canada),Coffee Drinks,Coffee,1.0,Regular,,To go,$3.00,$0.00,$3.00,$0.00,iPad,Payment,Cor Coffee,,ea,1,Physical Good,Cor Coffee
2026-09-09,11:09:52,Central Time (US & Canada),Espresso Drinks,Cappuccino,1.0,Regular,,"Regular, To go, Half&Half (drip splash)",$4.50,-$4.50,$0.00,$0.00,iPad,Payment,Cor Coffee,,ea,1,Physical Good,Cor Coffee
2026-09-09,11:08:28,Central Time (US & Canada),Espresso Drinks,Latte,1.0,Regular,,"Regular, Here, Iced, Whole, Vanilla",$5.25,$0.00,$5.25,$0.00,iPad,Payment,Cor Coffee,,ea,1,Physical Good,Cor Coffee
2026-09-09,11:06:42,Central Time (US & Canada),Espresso Drinks,Mocha,1.0,Regular,,"Regular, Here, Iced, Whole",$5.25,$0.00,$5.25,$0.00,iPad,Payment,Cor Coffee,,ea,1,Physical Good,Cor Coffee
2026-09-09,11:05:30,Central Time (US & Canada),Espresso Drinks,Latte,1.0,Regular,,"Regular, To go, Iced, Whole, Cinnamon Roll",$5.50,$0.00,$5.50,$0.00,iPad,Payment,Cor Coffee,,ea,1,Physical Good,Cor Coffee
2026-09-09,11:04:55,Central Time (US & Canada),Espresso Drinks,Latte,1.0,Regular,,"Regular, To go, Hot, Whole, Cinnamon Roll",$5.50,$0.00,$5.50,$0.00,iPad,Payment,Cor Coffee,,ea,1,Physical Good,Cor Coffee
2026-09-09,11:03:56,Central Time (US & Canada),Espresso Drinks,Latte,1.0,Regular,,"Regular, To go, Iced, Oat",$5.55,-$2.78,$2.77,$0.00,iPad,Payment,Cor Coffee,,ea,1,Physical Good,Cor Coffee
2026-09-09,11:00:42,Central Time (US & Canada),Coffee Drinks,Coffee,1.0,Regular,,Here,$3.00,$0.00,$3.00,$0.00,iPad,Payment,Cor Coffee,,ea,1,Physical Good,Cor Coffee
2026-09-09,11:00:16,Central Time (US & Canada),Espresso Drinks,Latte,1.0,Regular,,"Regular, To go, Iced, Whole, Vanilla",$5.25,$0.00,$5.25,$0.00,iPad,Payment,Cor Coffee,,ea,1,Physical Good,Cor Coffee
2026-09-09,10:58:15,Central Time (US & Canada),Espresso Drinks,Latte,1.0,Regular,,"Regular, To go, Iced, Whole, Vanilla",$5.25,$0.00,$5.25,$0.00,iPad,Payment,Cor Coffee,,ea,1,Physical Good,Cor Coffee
2026-09-09,10:57:28,Central Time (US & Canada),Espresso Drinks,Latte,1.0,Regular,,"Regular, To go, Iced, Whole, Vanilla, Cinnamon Roll, Cold Foam",$6.75,$0.00,$6.75,$0.00,iPad,Payment,Cor Coffee,,ea,1,Physical Good,Cor Coffee
2026-09-09,10:55:57,Central Time (US & Canada),Espresso Drinks,Latte,1.0,Regular,,"Regular, Iced, Whole, Cinnamon Roll, Cold Foam",$6.25,$0.00,$6.25,$0.00,iPad,Payment,Cor Coffee,,ea,1,Physical Good,Cor Coffee
2026-09-09,10:55:11,Central Time (US & Canada),Espresso Drinks,Latte,1.0,Regular,,"Regular, Here, Iced, Whole, Cinnamon Roll, Cold Foam",$6.25,$0.00,$6.25,$0.00,iPad,Payment,Cor Coffee,,ea,1,Physical Good,Cor Coffee
2026-09-09,10:54:08,Central Time (US & Canada),Espresso Drinks,Latte,1.0,Regular,,"Regular, To go, Iced, Whole",$4.75,$0.00,$4.75,$0.00,iPad,Payment,Cor Coffee,,ea,1,Physical Good,Cor Coffee
2026-09-09,10:53:29,Central Time (US & Canada),Espresso Drinks,Americano,1.0,Regular,,"Regular, To go, Iced",$3.75,$0.00,$3.75,$0.00,iPad,Payment,Cor Coffee,,ea,1,Physical Good,Cor Coffee
2026-09-09,10:49:52,Central Time (US & Canada),Teas,Matcha Latte,1.0,Regular,,"Lavender, Iced, Oat, Regular",$6.80,$0.00,$6.80,$0.00,iPad,Payment,Cor Coffee,,ea,1,Physical Good,Cor Coffee
2026-09-09,10:48:51,Central Time (US & Canada),Teas,Matcha Latte,1.0,Regular,,"Cinnamon Roll, To go, Hot, Whole",$6.25,$0.00,$6.25,$0.00,iPad,Payment,Cor Coffee,,ea,1,Physical Good,Cor Coffee
2026-09-09,10:33:54,Central Time (US & Canada),Espresso Drinks,Latte,1.0,Regular,,"Regular, To go, Hot, Whole, Lavender",$5.25,$0.00,$5.25,$0.00,iPad,Payment,Cor Coffee,,ea,1,Physical Good,Cor Coffee
2026-09-09,10:32:15,Central Time (US & Canada),Espresso Drinks,Latte,2.0,Regular,,"Regular, Iced, Whole, Vanilla, Cinnamon Roll, Cold Foam",$13.50,$0.00,$13.50,$0.00,iPad,Payment,Cor Coffee,,ea,2,Physical Good,Cor Coffee
2026-09-09,10:27:32,Central Time (US & Canada),Other Drinks,Lemonade,1.0,Regular,,To go,$3.00,$0.00,$3.00,$0.00,iPad,Payment,Cor Coffee,,ea,1,Physical Good,Cor Coffee
2026-09-09,10:27:32,Central Time (US & Canada),Other Drinks,Lemonade,1.0,Regular,,To go,$3.00,$0.00,$3.00,$0.00,iPad,Payment,Cor Coffee,,ea,1,Physical Good,Cor Coffee
2026-09-09,10:25:20,Central Time (US & Canada),Teas,Matcha Latte,1.0,Regular,,"Lavender, Iced, Oat, Regular",$6.80,$0.00,$6.80,$0.00,iPad,Payment,Cor Coffee,,ea,1,Physical Good,Cor Coffee
2026-09-09,10:23:44,Central Time (US & Canada),Espresso Drinks,Flat White,1.0,Regular,,"Regular, Whole",$4.25,$0.00,$4.25,$0.00,iPad,Payment,Cor Coffee,,ea,1,Physical Good,Cor Coffee
2026-09-09,10:20:50,Central Time (US & Canada),Espresso Drinks,Latte,1.0,Regular,,"Regular, To go, Iced, Whole, Cinnamon Roll",$5.50,-$2.75,$2.75,$0.00,iPad,Payment,Cor Coffee,,ea,1,Physical Good,Cor Coffee
2026-09-09,10:17:18,Central Time (US & Canada),Espresso Drinks,Cappuccino,1.0,Regular,,"Regular, Here, Whole",$4.50,$0.00,$4.50,$0.00,iPad,Payment,Cor Coffee,,ea,1,Physical Good,Cor Coffee
2026-09-09,10:15:30,Central Time (US & Canada),Other Drinks,Lemonade,1.0,Regular,,"To go, Blueberry",$3.75,$0.00,$3.75,$0.00,iPad,Payment,Cor Coffee,,ea,1,Physical Good,Cor Coffee
2026-09-09,10:14:34,Central Time (US & Canada),Espresso Drinks,Latte,1.0,Regular,,"Regular, To go, Iced, Whole, Vanilla",$5.25,$0.00,$5.25,$0.00,iPad,Payment,Cor Coffee,,ea,1,Physical Good,Cor Coffee
2026-09-09,10:13:34,Central Time (US & Canada),Teas,Chai Latte,1.0,Regular,,"Here, Iced, Coconut, Vanilla",$6.55,$0.00,$6.55,$0.00,iPad,Payment,Cor Coffee,,ea,1,Physical Good,Cor Coffee
2026-09-09,10:11:42,Central Time (US & Canada),Teas,Matcha Latte,1.0,Regular,,"Cinnamon Roll, Whole",$6.25,$0.00,$6.25,$0.00,iPad,Payment,Cor Coffee,,ea,1,Physical Good,Cor Coffee
2026-09-09,10:09:11,Central Time (US & Canada),Espresso Drinks,Cappuccino,1.0,Regular,,"Regular, Oat",$5.30,$0.00,$5.30,$0.00,iPad,Payment,Cor Coffee,,ea,1,Physical Good,Cor Coffee
2026-09-09,10:08:10,Central Time (US & Canada),Espresso Drinks,Flat White,1.0,Regular,,"Regular, To go, Whole",$4.25,$0.00,$4.25,$0.00,iPad,Payment,Cor Coffee,,ea,1,Physical Good,Cor Coffee
2026-09-09,10:07:12,Central Time (US & Canada),Teas,London Fog,1.0,Regular,,Oat,$5.55,$0.00,$5.55,$0.00,iPad,Payment,Cor Coffee,,ea,1,Physical Good,Cor Coffee
2026-09-09,10:06:43,Central Time (US & Canada),Espresso Drinks,Flat White,1.0,Regular,,"Regular, Whole, Vanilla",$4.75,-$4.75,$0.00,$0.00,iPad,Payment,Cor Coffee,,ea,1,Physical Good,Cor Coffee
2026-09-09,10:05:41,Central Time (US & Canada),Espresso Drinks,Latte,1.0,Regular,,"Regular, Iced, Whole, Cinnamon Roll, Cold Foam",$6.25,$0.00,$6.25,$0.00,iPad,Payment,Cor Coffee,,ea,1,Physical Good,Cor Coffee
2026-09-09,10:04:58,Central Time (US & Canada),Coffee Drinks,Cold Brew,1.0,Regular,,"Blueberry, Cold Foam",$6.00,$0.00,$6.00,$0.00,iPad,Payment,Cor Coffee,,ea,1,Physical Good,Cor Coffee
2026-09-09,10:00:08,Central Time (US & Canada),Teas,Tea,1.0,Regular,,To go,$3.75,$0.00,$3.75,$0.00,iPad,Payment,Cor Coffee,,ea,1,Physical Good,Cor Coffee
2026-09-09,09:59:29,Central Time (US & Canada),Espresso Drinks,Latte,1.0,Regular,,"Regular, To go, Iced, Coconut, Cinnamon Roll, Cold Foam",$7.05,$0.00,$7.05,$0.00,iPad,Payment,Cor Coffee,,ea,1,Physical Good,Cor Coffee
2026-09-09,09:58:27,Central Time (US & Canada),Espresso Drinks,Latte,1.0,Regular,,"Regular, To go, Iced, Whole, Cinnamon Roll, Cold Foam",$6.25,$0.00,$6.25,$0.00,iPad,Payment,Cor Coffee,,ea,1,Physical Good,Cor Coffee
2026-09-09,09:57:25,Central Time (US & Canada),Teas,Matcha Latte,1.0,Regular,,"Blueberry, Cinnamon Roll, Cold Foam, To go, Iced, Whole",$7.75,-$3.88,$3.87,$0.00,iPad,Payment,Cor Coffee,,ea,1,Physical Good,Cor Coffee
2026-09-09,09:56:02,Central Time (US & Canada),Espresso Drinks,Latte,1.0,Regular,,"Regular, Iced, Whole, Vanilla",$5.25,$0.00,$5.25,$0.00,iPad,Payment,Cor Coffee,,ea,1,Physical Good,Cor Coffee
2026-09-09,09:54:24,Central Time (US & Canada),Espresso Drinks,Latte,1.0,Regular,,"Regular, To go, Iced, Whole, Lavender",$5.25,$0.00,$5.25,$0.00,iPad,Payment,Cor Coffee,,ea,1,Physical Good,Cor Coffee
2026-09-09,09:46:59,Central Time (US & Canada),Teas,Matcha Latte,1.0,Regular,,"Vanilla, To go, Iced, Regular",$6.00,$0.00,$6.00,$0.00,iPad,Payment,Cor Coffee,,ea,1,Physical Good,Cor Coffee
2026-09-09,09:42:34,Central Time (US & Canada),Espresso Drinks,Latte,1.0,Regular,,"Regular, Here, Hot",$4.75,$0.00,$4.75,$0.00,iPad,Payment,Cor Coffee,,ea,1,Physical Good,Cor Coffee
2026-09-09,09:41:58,Central Time (US & Canada),Teas,Matcha Latte,1.0,Regular,,"Vanilla, To go, Iced, Whole, Regular",$6.00,$0.00,$6.00,$0.00,iPad,Payment,Cor Coffee,,ea,1,Physical Good,Cor Coffee
2026-09-09,09:39:24,Central Time (US & Canada),Espresso Drinks,Latte,1.0,Regular,,"Regular, To go, Iced, Whole, Cold Foam",$5.50,-$2.75,$2.75,$0.00,iPad,Payment,Cor Coffee,,ea,1,Physical Good,Cor Coffee
2026-09-09,09:27:48,Central Time (US & Canada),Espresso Drinks,Latte,1.0,Regular,,"Regular, To go, Iced, Oat, Cinnamon Roll",$6.30,$0.00,$6.30,$0.00,iPad,Payment,Cor Coffee,,ea,1,Physical Good,Cor Coffee
2026-09-09,09:27:11,Central Time (US & Canada),Espresso Drinks,Latte,1.0,Regular,,"Regular, Here, Iced, Whole",$4.75,$0.00,$4.75,$0.00,iPad,Payment,Cor Coffee,,ea,1,Physical Good,Cor Coffee
2026-09-09,09:25:40,Central Time (US & Canada),Coffee Drinks,Coffee,1.0,Regular,,To go,$3.00,$0.00,$3.00,$0.00,iPad,Payment,Cor Coffee,,ea,1,Physical Good,Cor Coffee
2026-09-09,09:21:53,Central Time (US & Canada),Espresso Drinks,Latte,1.0,Regular,,"Regular, Iced, Oat, Cinnamon Roll",$6.30,$0.00,$6.30,$0.00,iPad,Payment,Cor Coffee,,ea,1,Physical Good,Cor Coffee
2026-09-09,09:21:53,Central Time (US & Canada),Espresso Drinks,Latte,1.0,Regular,,"Regular, Iced, Cinnamon Roll",$5.50,$0.00,$5.50,$0.00,iPad,Payment,Cor Coffee,,ea,1,Physical Good,Cor Coffee
2026-09-09,09:21:53,Central Time (US & Canada),Other Drinks,Lemonade,1.0,Regular,,To go,$3.00,$0.00,$3.00,$0.00,iPad,Payment,Cor Coffee,,ea,1,Physical Good,Cor Coffee
2026-09-09,09:17:38,Central Time (US & Canada),Teas,Matcha Latte,1.0,Regular,,"Blueberry, Cinnamon Roll, Cold Foam, Iced, Oat, Sweet",$8.55,$0.00,$8.55,$0.00,iPad,Payment,Cor Coffee,,ea,1,Physical Good,Cor Coffee
2026-09-09,09:17:38,Central Time (US & Canada),Espresso Drinks,Latte,1.0,Regular,,"Regular, Iced, Vanilla, Cold Foam",$6.00,$0.00,$6.00,$0.00,iPad,Payment,Cor Coffee,,ea,1,Physical Good,Cor Coffee
2026-09-09,09:10:59,Central Time (US & Canada),Espresso Drinks,Cappuccino,1.0,Regular,,"Regular, Here, Whole, Cinnamon Roll",$5.25,$0.00,$5.25,$0.00,iPad,Payment,Cor Coffee,,ea,1,Physical Good,Cor Coffee
2026-09-09,09:09:57,Central Time (US & Canada),Espresso Drinks,Latte,1.0,Regular,,"Regular, Here, Iced, Vanilla",$5.25,$0.00,$5.25,$0.00,iPad,Payment,Cor Coffee,,ea,1,Physical Good,Cor Coffee
2026-09-09,09:08:13,Central Time (US & Canada),Coffee Drinks,Coffee,1.0,Regular,,Here,$3.00,$0.00,$3.00,$0.00,iPad,Payment,Cor Coffee,,ea,1,Physical Good,Cor Coffee
2026-09-09,09:07:17,Central Time (US & Canada),Teas,Chai Latte,1.0,Regular,,"To go, Iced, Oat, Vanilla",$6.55,-$6.55,$0.00,$0.00,iPad,Payment,Cor Coffee,,ea,1,Physical Good,Cor Coffee
2026-09-09,09:05:27,Central Time (US & Canada),Espresso Drinks,Latte,1.0,Regular,,"Regular, To go, Hot, Whole, Ganache, Cinnamon Roll",$6.00,$0.00,$6.00,$0.00,iPad,Payment,Cor Coffee,,ea,1,Physical Good,Cor Coffee
2026-09-09,09:03:25,Central Time (US & Canada),Teas,Tea,1.0,Regular,,"Iced, Blueberry",$4.50,-$2.25,$2.25,$0.00,iPad,Payment,Cor Coffee,,ea,1,Physical Good,Cor Coffee
2026-09-08,15:47:16,Central Time (US & Canada),Coffee Drinks,Cold Brew,1.0,Regular,,"To go, Vanilla",$5.00,$0.00,$5.00,$0.00,iPad,Payment,Cor Coffee,,ea,1,Physical Good,Cor Coffee
2026-09-08,15:40:43,Central Time (US & Canada),Espresso Drinks,Latte,1.0,Regular,,"Regular, To go, Iced, Whole, Cinnamon Roll",$5.50,$0.00,$5.50,$0.00,iPad,Payment,Cor Coffee,,ea,1,Physical Good,Cor Coffee
2026-09-08,15:34:34,Central Time (US & Canada),Teas,Matcha Latte,1.0,Regular,,"Blueberry, To go, Iced, Whole, Regular",$6.25,$0.00,$6.25,$0.00,iPad,Payment,Cor Coffee,,ea,1,Physical Good,Cor Coffee
2026-09-08,15:29:03,Central Time (US & Canada),Other Drinks,Lemonade,1.0,Regular,,"To go, Blueberry",$3.75,-$1.88,$1.87,$0.00,iPad,Payment,Cor Coffee,,ea,1,Physical Good,Cor Coffee
2026-09-08,15:26:41,Central Time (US & Canada),Espresso Drinks,Latte,1.0,Regular,,"Regular, To go, Iced, Oat, Vanilla, Cinnamon Roll, Cold Foam",$7.55,$0.00,$7.55,$0.00,iPad,Payment,Cor Coffee,,ea,1,Physical Good,Cor Coffee
2026-09-08,15:23:04,Central Time (US & Canada),Other Drinks,Lemonade,2.0,Regular,,Here,$6.00,$0.00,$6.00,$0.00,iPad,Payment,Cor Coffee,,ea,2,Physical Good,Cor Coffee
2026-09-08,15:10:59,Central Time (US & Canada),Espresso Drinks,Americano,1.0,Regular,,"Regular, To go, Iced, Whole",$3.75,$0.00,$3.75,$0.00,iPad,Payment,Cor Coffee,,ea,1,Physical Good,Cor Coffee
2026-09-08,15:09:41,Central Time (US & Canada),Teas,Matcha Latte,1.0,Regular,,"Blueberry, Cold Foam, To go, Iced, Oat, Regular",$7.80,$0.00,$7.80,$0.00,iPad,Payment,Cor Coffee,,ea,1,Physical Good,Cor Coffee
2026-09-08,15:09:41,Central Time (US & Canada),Espresso Drinks,Latte,1.0,Regular,,"Regular, To go, Iced, Whole, Cinnamon Roll, Cold Foam",$6.25,$0.00,$6.25,$0.00,iPad,Payment,Cor Coffee,,ea,1,Physical Good,Cor Coffee
2026-09-08,15:04:59,Central Time (US & Canada),Teas,Chai Latte,1.0,Regular,,"To go, Iced, Whole, Lavender",$5.75,$0.00,$5.75,$0.00,iPad,Payment,Cor Coffee,,ea,1,Physical Good,Cor Coffee
2026-09-08,15:04:25,Central Time (US & Canada),Espresso Drinks,Latte,1.0,Regular,,"Regular, Here, Iced, Whole, Vanilla, Cinnamon Roll, Cold Foam",$6.75,$0.00,$6.75,$0.00,iPad,Payment,Cor Coffee,,ea,1,Physical Good,Cor Coffee
2026-09-08,15:03:36,Central Time (US & Canada),Espresso Drinks,Latte,1.0,Regular,,"Regular, Here, Iced, Whole, Vanilla",$5.25,$0.00,$5.25,$0.00,iPad,Payment,Cor Coffee,,ea,1,Physical Good,Cor Coffee
2026-09-08,14:56:30,Central Time (US & Canada),Espresso Drinks,Latte,1.0,Regular,,"Regular, To go, Iced, Oat, Cinnamon Roll, Cold Foam",$7.05,$0.00,$7.05,$0.00,iPad,Payment,Cor Coffee,,ea,1,Physical Good,Cor Coffee
2026-09-08,14:46:14,Central Time (US & Canada),Coffee Drinks,Coffee,1.0,Regular,,To go,$3.00,$0.00,$3.00,$0.00,iPad,Payment,Cor Coffee,,ea,1,Physical Good,Cor Coffee
2026-09-08,14:44:20,Central Time (US & Canada),Coffee Drinks,Cold Brew,1.0,Regular,,To go,$4.50,$0.00,$4.50,$0.00,iPad,Payment,Cor Coffee,,ea,1,Physical Good,Cor Coffee
2026-09-08,14:43:39,Central Time (US & Canada),Espresso Drinks,Latte,1.0,Regular,,"Regular, To go, Iced, Whole, Blueberry, Cold Foam",$6.25,$0.00,$6.25,$0.00,iPad,Payment,Cor Coffee,,ea,1,Physical Good,Cor Coffee
2026-09-08,14:25:10,Central Time (US & Canada),Coffee Drinks,Cold Brew,1.0,Regular,,Cinnamon Roll,$5.25,$0.00,$5.25,$0.00,iPad,Payment,Cor Coffee,,ea,1,Physical Good,Cor Coffee
2026-09-08,14:15:50,Central Time (US & Canada),Espresso Drinks,Cappuccino,1.0,Regular,,"Regular, To go, Whole",$4.50,$0.00,$4.50,$0.00,iPad,Payment,Cor Coffee,,ea,1,Physical Good,Cor Coffee
2026-09-08,14:15:14,Central Time (US & Canada),Food,Taos Bar,1.0,Regular,,Toasted Coconut (blue),$2.00,$0.00,$2.00,$0.00,iPad,Payment,Cor Coffee,,ea,1,Physical Good,Cor Coffee
2026-09-08,14:13:54,Central Time (US & Canada),Teas,Tea,1.0,Regular,,Hot,$3.75,$0.00,$3.75,$0.00,iPad,Payment,Cor Coffee,,ea,1,Physical Good,Cor Coffee
2026-09-08,14:13:22,Central Time (US & Canada),Espresso Drinks,Cappuccino,1.0,Regular,,"Regular, Here, Whole",$4.50,$0.00,$4.50,$0.00,iPad,Payment,Cor Coffee,,ea,1,Physical Good,Cor Coffee
2026-09-08,14:12:13,Central Time (US & Canada),Teas,Chai Latte,1.0,Regular,,"Hot, Whole",$5.25,$0.00,$5.25,$0.00,iPad,Payment,Cor Coffee,,ea,1,Physical Good,Cor Coffee
2026-09-08,14:12:13,Central Time (US & Canada),Espresso Drinks,Latte,1.0,Regular,,"Regular, To go, Iced, Oat, Blueberry",$6.30,$0.00,$6.30,$0.00,iPad,Payment,Cor Coffee,,ea,1,Physical Good,Cor Coffee
2026-09-08,14:12:13,Central Time (US & Canada),Espresso Drinks,Latte,1.0,Regular,,"Regular, Iced, Whole, Vanilla",$5.25,$0.00,$5.25,$0.00,iPad,Payment,Cor Coffee,,ea,1,Physical Good,Cor Coffee
2026-09-08,14:10:50,Central Time (US & Canada),Espresso Drinks,Americano,1.0,Regular,,"Regular, Here, Iced",$3.75,$0.00,$3.75,$0.00,iPad,Payment,Cor Coffee,,ea,1,Physical Good,Cor Coffee
2026-09-08,14:10:13,Central Time (US & Canada),Espresso Drinks,Latte,1.0,Regular,,"Regular, To go, Iced, Almond, Vanilla, Cold Foam",$6.80,$0.00,$6.80,$0.00,iPad,Payment,Cor Coffee,,ea,1,Physical Good,Cor Coffee
2026-09-08,14:04:56,Central Time (US & Canada),Espresso Drinks,Latte,1.0,Regular,,"Regular, To go, Iced, Whole, Cinnamon Roll",$5.50,$0.00,$5.50,$0.00,iPad,Payment,Cor Coffee,,ea,1,Physical Good,Cor Coffee
2026-09-08,14:04:56,Central Time (US & Canada),Espresso Drinks,Latte,1.0,Regular,,"Regular, To go, Iced, Whole, Cinnamon Roll",$5.50,$0.00,$5.50,$0.00,iPad,Payment,Cor Coffee,,ea,1,Physical Good,Cor Coffee
2026-09-08,14:02:23,Central Time (US & Canada),Espresso Drinks,Latte,1.0,Regular,,"Regular, To go, Iced, Oat, Cinnamon Roll",$6.30,$0.00,$6.30,$0.00,iPad,Payment,Cor Coffee,,ea,1,Physical Good,Cor Coffee
2026-09-08,14:00:56,Central Time (US & Canada),Teas,Matcha Latte,1.0,Regular,,"To go, Iced, Regular",$5.50,$0.00,$5.50,$0.00,iPad,Payment,Cor Coffee,,ea,1,Physical Good,Cor Coffee
2026-09-08,13:59:50,Central Time (US & Canada),Espresso Drinks,Cortado,1.0,Regular,,Regular,$4.00,$0.00,$4.00,$0.00,iPad,Payment,Cor Coffee,,ea,1,Physical Good,Cor Coffee
2026-09-08,13:56:53,Central Time (US & Canada),Coffee Drinks,Cold Brew,1.0,Regular,,"To go, Oat",$5.30,$0.00,$5.30,$0.00,iPad,Payment,Cor Coffee,,ea,1,Physical Good,Cor Coffee
2026-09-08,13:56:13,Central Time (US & Canada),Teas,Matcha Latte,1.0,Regular,,"To go, Iced, Whole, Regular",$5.50,$0.00,$5.50,$0.00,iPad,Payment,Cor Coffee,,ea,1,Physical Good,Cor Coffee
2026-09-08,13:55:12,Central Time (US & Canada),Espresso Drinks,Latte,1.0,Regular,,"Regular, To go, Iced, Whole, Vanilla",$5.25,$0.00,$5.25,$0.00,iPad,Payment,Cor Coffee,,ea,1,Physical Good,Cor Coffee
2026-09-08,13:54:32,Central Time (US & Canada),Coffee Drinks,Cold Brew,1.0,Regular,,,$4.50,$0.00,$4.50,$0.00,iPad,Payment,Cor Coffee,,ea,1,Physical Good,Cor Coffee
2026-09-08,13:53:37,Central Time (US & Canada),Coffee Drinks,Cold Brew,1.0,Regular,,"Blueberry, Cinnamon Roll, Cold Foam",$6.75,$0.00,$6.75,$0.00,iPad,Payment,Cor Coffee,,ea,1,Physical Good,Cor Coffee
2026-09-08,13:50:42,Central Time (US & Canada),Espresso Drinks,Macchiato,1.0,Regular,,Regular,$3.75,$0.00,$3.75,$0.00,iPad,Payment,Cor Coffee,,ea,1,Physical Good,Cor Coffee
2026-09-08,13:47:13,Central Time (US & Canada),Espresso Drinks,Latte,1.0,Regular,,"Regular, To go, Iced, Whole, Cinnamon Roll",$5.50,$0.00,$5.50,$0.00,iPad,Payment,Cor Coffee,,ea,1,Physical Good,Cor Coffee
2026-09-08,13:46:37,Central Time (US & Canada),Espresso Drinks,Latte,1.0,Regular,,"Regular, To go, Iced, Almond, Cinnamon Roll",$6.30,$0.00,$6.30,$0.00,iPad,Payment,Cor Coffee,,ea,1,Physical Good,Cor Coffee
2026-09-08,13:44:41,Central Time (US & Canada),Espresso Drinks,Latte,1.0,Regular,,"Regular, To go, Iced, Whole, Cinnamon Roll",$5.50,$0.00,$5.50,$0.00,iPad,Payment,Cor Coffee,,ea,1,Physical Good,Cor Coffee
2026-09-08,13:41:18,Central Time (US & Canada),Espresso Drinks,Cappuccino,1.0,Regular,,"Regular, To go, Whole",$4.50,$0.00,$4.50,$0.00,iPad,Payment,Cor Coffee,,ea,1,Physical Good,Cor Coffee
2026-09-08,13:38:14,Central Time (US & Canada),Espresso Drinks,Latte,2.0,Regular,,"Regular, To go, Iced, Whole, Cinnamon Roll",$11.00,$0.00,$11.00,$0.00,iPad,Payment,Cor Coffee,,ea,2,Physical Good,Cor Coffee
2026-09-08,13:34:53,Central Time (US & Canada),Coffee Drinks,Cold Brew,1.0,Regular,,,$4.50,$0.00,$4.50,$0.00,iPad,Payment,Cor Coffee,,ea,1,Physical Good,Cor Coffee
2026-09-08,13:26:10,Central Time (US & Canada),Teas,Matcha Latte,1.0,Regular,,"Blueberry, Cold Foam, To go, Iced, Whole, Regular",$7.00,$0.00,$7.00,$0.00,iPad,Payment,Cor Coffee,,ea,1,Physical Good,Cor Coffee
2026-09-08,13:24:57,Central Time (US & Canada),Espresso Drinks,Espresso,1.0,Regular,,Regular,$3.25,$0.00,$3.25,$0.00,iPad,Payment,Cor Coffee,,ea,1,Physical Good,Cor Coffee
2026-09-08,13:20:03,Central Time (US & Canada),Other Drinks,Lemonade,1.0,Regular,,To go,$3.00,$0.00,$3.00,$0.00,iPad,Payment,Cor Coffee,,ea,1,Physical Good,Cor Coffee
2026-09-08,13:19:15,Central Time (US & Canada),Teas,Matcha Latte,1.0,Regular,,"To go, Iced, Almond, Regular",$6.30,$0.00,$6.30,$0.00,iPad,Payment,Cor Coffee,,ea,1,Physical Good,Cor Coffee
2026-09-08,13:19:15,Central Time (US & Canada),Teas,Tea,1.0,Regular,,,$3.75,$0.00,$3.75,$0.00,iPad,Payment,Cor Coffee,,ea,1,Physical Good,Cor Coffee
2026-09-08,13:05:02,Central Time (US & Canada),Espresso Drinks,Latte,1.0,Regular,,"Regular, To go, Iced, Whole, Cinnamon Roll, Cold Foam",$6.25,$0.00,$6.25,$0.00,iPad,Payment,Cor Coffee,,ea,1,Physical Good,Cor Coffee
2026-09-08,12:49:12,Central Time (US & Canada),Espresso Drinks,Latte,1.0,Regular,,"Regular, To go, Iced, Whole, Vanilla",$5.25,$0.00,$5.25,$0.00,iPad,Payment,Cor Coffee,,ea,1,Physical Good,Cor Coffee
2026-09-08,12:48:20,Central Time (US & Canada),Teas,Matcha Latte,1.0,Regular,,"Vanilla, To go, Iced, Oat, Regular",$6.80,$0.00,$6.80,$0.00,iPad,Payment,Cor Coffee,,ea,1,Physical Good,Cor Coffee
2026-09-08,12:46:35,Central Time (US & Canada),Coffee Drinks,Coffee,1.0,Regular,,To go,$3.00,$0.00,$3.00,$0.00,iPad,Payment,Cor Coffee,,ea,1,Physical Good,Cor Coffee
2026-09-08,12:46:35,Central Time (US & Canada),Food,Taos Bar,1.0,Regular,,Toasted Coconut (blue),$2.00,$0.00,$2.00,$0.00,iPad,Payment,Cor Coffee,,ea,1,Physical Good,Cor Coffee
2026-09-08,12:45:42,Central Time (US & Canada),Teas,Matcha Latte,1.0,Regular,,"Blueberry, Cold Foam, To go, Iced, Whole, Regular",$7.00,$0.00,$7.00,$0.00,iPad,Payment,Cor Coffee,,ea,1,Physical Good,Cor Coffee
2026-09-08,12:44:56,Central Time (US & Canada),Espresso Drinks,Latte,1.0,Regular,,"Regular, To go, Iced, Coconut",$5.55,$0.00,$5.55,$0.00,iPad,Payment,Cor Coffee,,ea,1,Physical Good,Cor Coffee
2026-09-08,12:34:10,Central Time (US & Canada),Other Drinks,Lemonade,1.0,Regular,,,$3.00,$0.00,$3.00,$0.00,iPad,Payment,Cor Coffee,,ea,1,Physical Good,Cor Coffee
2026-09-08,12:34:10,Central Time (US & Canada),Espresso Drinks,Latte,1.0,Regular,,"Regular, Oat",$5.55,$0.00,$5.55,$0.00,iPad,Payment,Cor Coffee,,ea,1,Physical Good,Cor Coffee
2026-09-08,12:34:10,Central Time (US & Canada),Teas,Matcha Latte,1.0,Regular,,"To go, Iced",$5.50,$0.00,$5.50,$0.00,iPad,Payment,Cor Coffee,,ea,1,Physical Good,Cor Coffee
2026-09-08,12:33:19,Central Time (US & Canada),Espresso Drinks,Latte,1.0,Regular,,"Regular, To go, Iced, Whole",$4.75,$0.00,$4.75,$0.00,iPad,Payment,Cor Coffee,,ea,1,Physical Good,Cor Coffee
2026-09-08,12:32:44,Central Time (US & Canada),Teas,Matcha Latte,1.0,Regular,,"Blueberry, To go, Iced, Whole, Regular",$6.25,$0.00,$6.25,$0.00,iPad,Payment,Cor Coffee,,ea,1,Physical Good,Cor Coffee
2026-09-08,12:31:55,Central Time (US & Canada),Teas,Chai Latte,1.0,Regular,,"To go, Hot, Whole",$5.25,$0.00,$5.25,$0.00,iPad,Payment,Cor Coffee,,ea,1,Physical Good,Cor Coffee
2026-09-08,12:30:58,Central Time (US & Canada),Espresso Drinks,Latte,1.0,Regular,,"Regular, To go, Iced, Oat, Cinnamon Roll, Cold Foam",$7.05,$0.00,$7.05,$0.00,iPad,Payment,Cor Coffee,,ea,1,Physical Good,Cor Coffee
2026-09-08,12:29:46,Central Time (US & Canada),Espresso Drinks,Latte,1.0,Regular,,"Regular, To go, Iced, Whole, Cinnamon Roll",$5.50,$0.00,$5.50,$0.00,iPad,Payment,Cor Coffee,,ea,1,Physical Good,Cor Coffee
2026-09-08,12:28:55,Central Time (US & Canada),Espresso Drinks,Latte,1.0,Regular,,"Regular, To go, Iced, Oat, Vanilla",$6.05,$0.00,$6.05,$0.00,iPad,Payment,Cor Coffee,,ea,1,Physical Good,Cor Coffee
2026-09-08,12:27:18,Central Time (US & Canada),Espresso Drinks,Latte,1.0,Regular,,"Regular, To go, Iced, Whole, Blueberry, Cinnamon Roll, Cold Foam",$7.00,$0.00,$7.00,$0.00,iPad,Payment,Cor Coffee,,ea,1,Physical Good,Cor Coffee
2026-09-08,12:26:14,Central Time (US & Canada),Espresso Drinks,Latte,1.0,Regular,,"Regular, To go, Iced, Whole, Cinnamon Roll",$5.50,$0.00,$5.50,$0.00,iPad,Payment,Cor Coffee,,ea,1,Physical Good,Cor Coffee
2026-09-08,12:25:01,Central Time (US & Canada),Espresso Drinks,Latte,1.0,Regular,,"Regular, To go, Iced, Whole, Vanilla",$5.25,$0.00,$5.25,$0.00,iPad,Payment,Cor Coffee,,ea,1,Physical Good,Cor Coffee
2026-09-08,12:24:14,Central Time (US & Canada),Espresso Drinks,Mocha,1.0,Regular,,"Regular, To go, Iced, Whole",$5.25,$0.00,$5.25,$0.00,iPad,Payment,Cor Coffee,,ea,1,Physical Good,Cor Coffee
2026-09-08,12:23:17,Central Time (US & Canada),Espresso Drinks,Latte,1.0,Regular,,"Regular, To go, Iced, Whole, Vanilla",$5.25,$0.00,$5.25,$0.00,iPad,Payment,Cor Coffee,,ea,1,Physical Good,Cor Coffee
2026-09-08,12:22:27,Central Time (US & Canada),Coffee Drinks,Cold Brew,1.0,Regular,,"To go, Vanilla",$5.00,$0.00,$5.00,$0.00,iPad,Payment,Cor Coffee,,ea,1,Physical Good,Cor Coffee
2026-09-08,12:21:24,Central Time (US & Canada),Espresso Drinks,Latte,1.0,Regular,,"Regular, To go, Iced, Whole, Vanilla",$5.25,$0.00,$5.25,$0.00,iPad,Payment,Cor Coffee,,ea,1,Physical Good,Cor Coffee
2026-09-08,12:20:50,Central Time (US & Canada),Espresso Drinks,Americano,1.0,Regular,,"Regular, To go, Iced, Cinnamon Roll, Cold Foam",$5.25,$0.00,$5.25,$0.00,iPad,Payment,Cor Coffee,,ea,1,Physical Good,Cor Coffee
2026-09-08,12:19:29,Central Time (US & Canada),Espresso Drinks,Flat White,1.0,Regular,,Regular,$4.25,$0.00,$4.25,$0.00,iPad,Payment,Cor Coffee,,ea,1,Physical Good,Cor Coffee
2026-09-08,12:18:29,Central Time (US & Canada),Teas,Chai Latte,1.0,Regular,,"To go, Iced, Whole, Vanilla",$5.75,$0.00,$5.75,$0.00,iPad,Payment,Cor Coffee,,ea,1,Physical Good,Cor Coffee
2026-09-08,12:16:10,Central Time (US & Canada),Teas,Matcha Latte,1.0,Regular,,"Vanilla, To go, Iced, Oat, Regular",$6.80,$0.00,$6.80,$0.00,iPad,Payment,Cor Coffee,,ea,1,Physical Good,Cor Coffee
2026-09-08,12:14:41,Central Time (US & Canada),Teas,London Fog,1.0,Regular,,"To go, Oat",$5.55,$0.00,$5.55,$0.00,iPad,Payment,Cor Coffee,,ea,1,Physical Good,Cor Coffee
2026-09-08,12:12:29,Central Time (US & Canada),Espresso Drinks,Latte,1.0,Regular,,"Regular, To go, Iced, Whole",$4.75,$0.00,$4.75,$0.00,iPad,Payment,Cor Coffee,,ea,1,Physical Good,Cor Coffee
2026-09-08,12:07:57,Central Time (US & Canada),Espresso Drinks,Latte,1.0,Regular,,"Regular, To go, Iced, Almond, Cinnamon Roll, Cold Foam",$7.05,$0.00,$7.05,$0.00,iPad,Payment,Cor Coffee,,ea,1,Physical Good,Cor Coffee
2026-09-08,12:07:29,Central Time (US & Canada),Espresso Drinks,Latte,1.0,Regular,,"Regular, To go, Iced, Whole, Cinnamon Roll, Cold Foam",$6.25,$0.00,$6.25,$0.00,iPad,Payment,Cor Coffee,,ea,1,Physical Good,Cor Coffee
2026-09-08,12:06:20,Central Time (US & Canada),Teas,Matcha Latte,1.0,Regular,,"Vanilla, Cold Foam, To go, Iced, Whole, Regular",$6.75,$0.00,$6.75,$0.00,iPad,Payment,Cor Coffee,,ea,1,Physical Good,Cor Coffee
2026-09-08,12:04:44,Central Time (US & Canada),Espresso Drinks,Latte,1.0,Regular,,"Regular, To go, Iced, Whole, Blueberry",$5.50,$0.00,$5.50,$0.00,iPad,Payment,Cor Coffee,,ea,1,Physical Good,Cor Coffee
2026-09-08,12:03:32,Central Time (US & Canada),Espresso Drinks,Latte,1.0,Regular,,"Regular, To go, Iced, Whole",$4.75,$0.00,$4.75,$0.00,iPad,Payment,Cor Coffee,,ea,1,Physical Good,Cor Coffee
2026-09-08,12:01:13,Central Time (US & Canada),Espresso Drinks,Latte,1.0,Regular,,"Regular, Iced, Whole, Vanilla, Cold Foam",$6.00,$0.00,$6.00,$0.00,iPad,Payment,Cor Coffee,,ea,1,Physical Good,Cor Coffee
2026-09-08,11:58:39,Central Time (US & Canada),Teas,Tea,1.0,Regular,,"Iced, To go",$3.75,-$1.88,$1.87,$0.00,iPad,Payment,Cor Coffee,,ea,1,Physical Good,Cor Coffee
2026-09-08,11:57:41,Central Time (US & Canada),Teas,Matcha Latte,1.0,Regular,,"Blueberry, To go, Iced, Oat",$7.05,$0.00,$7.05,$0.00,iPad,Payment,Cor Coffee,,ea,1,Physical Good,Cor Coffee
2026-09-08,11:38:04,Central Time (US & Canada),Espresso Drinks,Latte,1.0,Regular,,"Regular, To go, Iced, Oat, Cinnamon Roll, Cold Foam",$7.05,-$7.05,$0.00,$0.00,iPad,Payment,Cor Coffee,,ea,1,Physical Good,Cor Coffee
2026-09-08,11:35:14,Central Time (US & Canada),Teas,Matcha Latte,1.0,Regular,,"Lavender, To go, Iced, Whole, Regular",$6.00,$0.00,$6.00,$0.00,iPad,Payment,Cor Coffee,,ea,1,Physical Good,Cor Coffee
2026-09-08,11:33:59,Central Time (US & Canada),Teas,Matcha Latte,1.0,Regular,,"Blueberry, To go, Iced, Oat, Regular",$7.05,$0.00,$7.05,$0.00,iPad,Payment,Cor Coffee,,ea,1,Physical Good,Cor Coffee
2026-09-08,11:32:23,Central Time (US & Canada),Espresso Drinks,Latte,1.0,Regular,,"Regular, To go, Iced, Whole, Vanilla",$5.25,$0.00,$5.25,$0.00,iPad,Payment,Cor Coffee,,ea,1,Physical Good,Cor Coffee
2026-09-08,11:30:42,Central Time (US & Canada),Espresso Drinks,Latte,1.0,Regular,,"Regular, To go, Iced, Whole, Vanilla",$5.25,$0.00,$5.25,$0.00,iPad,Payment,Cor Coffee,,ea,1,Physical Good,Cor Coffee
2026-09-08,11:27:56,Central Time (US & Canada),Espresso Drinks,Latte,1.0,Regular,,"Regular, To go, Iced, Whole, Cinnamon Roll, Cold Foam",$6.25,$0.00,$6.25,$0.00,iPad,Payment,Cor Coffee,,ea,1,Physical Good,Cor Coffee
2026-09-08,11:26:40,Central Time (US & Canada),Teas,Matcha Latte,1.0,Regular,,"To go, Iced, Whole, Sweet",$5.50,$0.00,$5.50,$0.00,iPad,Payment,Cor Coffee,,ea,1,Physical Good,Cor Coffee
2026-09-08,11:25:34,Central Time (US & Canada),Teas,Matcha Latte,1.0,Regular,,"Cinnamon Roll, To go, Iced, Almond, Regular",$7.05,$0.00,$7.05,$0.00,iPad,Payment,Cor Coffee,,ea,1,Physical Good,Cor Coffee
2026-09-08,11:24:07,Central Time (US & Canada),Teas,Chai Latte,1.0,Regular,,"To go, Iced, Oat, Cinnamon Roll",$6.80,$0.00,$6.80,$0.00,iPad,Payment,Cor Coffee,,ea,1,Physical Good,Cor Coffee
2026-09-08,11:24:07,Central Time (US & Canada),Espresso Drinks,Latte,1.0,Regular,,"Regular, To go, Iced, Oat, Cinnamon Roll",$6.30,$0.00,$6.30,$0.00,iPad,Payment,Cor Coffee,,ea,1,Physical Good,Cor Coffee
2026-09-08,11:22:22,Central Time (US & Canada),Espresso Drinks,Latte,1.0,Regular,,"Regular, To go, Iced, Oat, Cinnamon Roll, Cold Foam",$7.05,$0.00,$7.05,$0.00,iPad,Payment,Cor Coffee,,ea,1,Physical Good,Cor Coffee
2026-09-08,11:22:22,Central Time (US & Canada),Espresso Drinks,Latte,1.0,Regular,,"Regular, To go, Hot, Whole, Cinnamon Roll, Cold Foam",$6.25,$0.00,$6.25,$0.00,iPad,Payment,Cor Coffee,,ea,1,Physical Good,Cor Coffee
2026-09-08,11:20:27,Central Time (US & Canada),Espresso Drinks,Latte,1.0,Regular,,"Regular, To go, Iced, Oat, Cold Foam",$6.30,$0.00,$6.30,$0.00,iPad,Payment,Cor Coffee,,ea,1,Physical Good,Cor Coffee
2026-09-08,11:19:18,Central Time (US & Canada),Espresso Drinks,Latte,2.0,Regular,,"Regular, To go, Iced, Oat, Cinnamon Roll, Cold Foam",$14.10,$0.00,$14.10,$0.00,iPad,Payment,Cor Coffee,,ea,2,Physical Good,Cor Coffee
2026-09-08,11:17:17,Central Time (US & Canada),Espresso Drinks,Latte,1.0,Regular,,"Regular, To go, Iced, Whole, Cinnamon Roll",$5.50,$0.00,$5.50,$0.00,iPad,Payment,Cor Coffee,,ea,1,Physical Good,Cor Coffee
2026-09-08,11:16:22,Central Time (US & Canada),Coffee Drinks,Cold Brew,1.0,Regular,,"Here, Half&Half (drip splash)",$4.50,$0.00,$4.50,$0.00,iPad,Payment,Cor Coffee,,ea,1,Physical Good,Cor Coffee
2026-09-08,11:14:41,Central Time (US & Canada),Espresso Drinks,Latte,1.0,Regular,,"Regular, To go, Iced, Almond, Cinnamon Roll",$6.30,$0.00,$6.30,$0.00,iPad,Payment,Cor Coffee,,ea,1,Physical Good,Cor Coffee
2026-09-08,11:13:23,Central Time (US & Canada),Espresso Drinks,Latte,1.0,Regular,,"Regular, Here, Iced, Almond, Cinnamon Roll",$6.30,$0.00,$6.30,$0.00,iPad,Payment,Cor Coffee,,ea,1,Physical Good,Cor Coffee
2026-09-08,11:12:26,Central Time (US & Canada),Espresso Drinks,Latte,1.0,Regular,,"Regular, To go, Hot, Oat, Cinnamon Roll",$6.30,$0.00,$6.30,$0.00,iPad,Payment,Cor Coffee,,ea,1,Physical Good,Cor Coffee
2026-09-08,11:11:18,Central Time (US & Canada),Espresso Drinks,Latte,1.0,Regular,,"Regular, Here, Iced, Whole, Cinnamon Roll",$5.50,$0.00,$5.50,$0.00,iPad,Payment,Cor Coffee,,ea,1,Physical Good,Cor Coffee
2026-09-08,11:08:43,Central Time (US & Canada),Espresso Drinks,Latte,1.0,Regular,,"Regular, To go, Iced, Oat, Vanilla",$6.05,$0.00,$6.05,$0.00,iPad,Payment,Cor Coffee,,ea,1,Physical Good,Cor Coffee
2026-09-08,11:07:35,Central Time (US & Canada),Coffee Drinks,Cold Brew,1.0,Regular,,To go,$4.50,$0.00,$4.50,$0.00,iPad,Payment,Cor Coffee,,ea,1,Physical Good,Cor Coffee
2026-09-08,11:07:35,Central Time (US & Canada),Food,Taos Bar,1.0,Regular,,Toasted Coconut (blue),$2.00,$0.00,$2.00,$0.00,iPad,Payment,Cor Coffee,,ea,1,Physical Good,Cor Coffee
2026-09-08,11:06:35,Central Time (US & Canada),Teas,Tea,1.0,Regular,,"Hot, Here",$3.75,$0.00,$3.75,$0.00,iPad,Payment,Cor Coffee,,ea,1,Physical Good,Cor Coffee
2026-09-08,11:05:32,Central Time (US & Canada),Espresso Drinks,Latte,1.0,Regular,,"Regular, To go, Iced, Oat, Cinnamon Roll, Cold Foam",$7.05,$0.00,$7.05,$0.00,iPad,Payment,Cor Coffee,,ea,1,Physical Good,Cor Coffee
2026-09-08,11:02:04,Central Time (US & Canada),Espresso Drinks,Latte,1.0,Regular,,"Regular, To go, Iced, Whole, Vanilla",$5.25,$0.00,$5.25,$0.00,iPad,Payment,Cor Coffee,,ea,1,Physical Good,Cor Coffee
2026-09-08,10:58:34,Central Time (US & Canada),Teas,Matcha Latte,1.0,Regular,,"Cold Foam, To go, Iced, Whole",$6.25,-$6.25,$0.00,$0.00,iPad,Payment,Cor Coffee,,ea,1,Physical Good,Cor Coffee
2026-09-08,10:57:53,Central Time (US & Canada),Coffee Drinks,Cold Brew,1.0,Regular,,To go,$4.50,$0.00,$4.50,$0.00,iPad,Payment,Cor Coffee,,ea,1,Physical Good,Cor Coffee
2026-09-08,10:57:53,Central Time (US & Canada),Food,Taos Bar,1.0,Regular,,Blueberry Lemon (yellow),$2.00,$0.00,$2.00,$0.00,iPad,Payment,Cor Coffee,,ea,1,Physical Good,Cor Coffee
2026-09-08,10:57:09,Central Time (US & Canada),Espresso Drinks,Latte,1.0,Regular,,"Regular, To go, Iced, Whole",$4.75,$0.00,$4.75,$0.00,iPad,Payment,Cor Coffee,,ea,1,Physical Good,Cor Coffee
2026-09-08,10:56:10,Central Time (US & Canada),Espresso Drinks,Espresso,1.0,Regular,,"Blueberry, Regular",$4.00,$0.00,$4.00,$0.00,iPad,Payment,Cor Coffee,,ea,1,Physical Good,Cor Coffee
2026-09-08,10:52:51,Central Time (US & Canada),Other Drinks,Matcha lemonade,1.0,Regular,,To go,$5.00,$0.00,$5.00,$0.00,iPad,Payment,Cor Coffee,,ea,1,Physical Good,Cor Coffee
2026-09-08,10:50:32,Central Time (US & Canada),Teas,Matcha Latte,1.0,Regular,,"Cold Foam, To go, Iced, Oat",$7.05,$0.00,$7.05,$0.00,iPad,Payment,Cor Coffee,,ea,1,Physical Good,Cor Coffee
2026-09-08,10:49:43,Central Time (US & Canada),Food,Taos Bar,1.0,Regular,,Blueberry Lemon (yellow),$2.00,$0.00,$2.00,$0.00,iPad,Payment,Cor Coffee,,ea,1,Physical Good,Cor Coffee
2026-09-08,10:49:05,Central Time (US & Canada),Teas,Matcha Latte,1.0,Regular,,"Blueberry, Cold Foam, To go, Iced, Almond",$7.80,$0.00,$7.80,$0.00,iPad,Payment,Cor Coffee,,ea,1,Physical Good,Cor Coffee
2026-09-08,10:46:22,Central Time (US & Canada),Coffee Drinks,Cold Brew,1.0,Regular,,"To go, Whole",$4.50,$0.00,$4.50,$0.00,iPad,Payment,Cor Coffee,,ea,1,Physical Good,Cor Coffee
2026-09-08,10:43:36,Central Time (US & Canada),Coffee Drinks,Cold Brew,1.0,Regular,,Vanilla,$5.00,$0.00,$5.00,$0.00,iPad,Payment,Cor Coffee,,ea,1,Physical Good,Cor Coffee
2026-09-08,10:43:36,Central Time (US & Canada),Teas,Matcha Latte,1.0,Regular,,"Lavender, To go, Iced, Whole",$6.00,$0.00,$6.00,$0.00,iPad,Payment,Cor Coffee,,ea,1,Physical Good,Cor Coffee
2026-09-08,10:42:07,Central Time (US & Canada),Teas,Chai Latte,1.0,Regular,,"To go, Iced, Oat",$6.05,$0.00,$6.05,$0.00,iPad,Payment,Cor Coffee,,ea,1,Physical Good,Cor Coffee
2026-09-08,10:34:41,Central Time (US & Canada),Coffee Drinks,Coffee,1.0,Regular,,,$3.00,$0.00,$3.00,$0.00,iPad,Payment,Cor Coffee,,ea,1,Physical Good,Cor Coffee
2026-09-08,10:33:25,Central Time (US & Canada),Espresso Drinks,Cortado,1.0,Regular,,Regular,$4.00,-$2.00,$2.00,$0.00,iPad,Payment,Cor Coffee,,ea,1,Physical Good,Cor Coffee
2026-09-08,10:32:20,Central Time (US & Canada),Coffee Drinks,Cold Brew,1.0,Regular,,,$4.50,-$4.50,$0.00,$0.00,iPad,Payment,Cor Coffee,,ea,1,Physical Good,Cor Coffee
2026-09-08,10:30:23,Central Time (US & Canada),Coffee Drinks,Cold Brew,1.0,Regular,,,$4.50,$0.00,$4.50,$0.00,iPad,Payment,Cor Coffee,,ea,1,Physical Good,Cor Coffee
2026-09-08,10:30:01,Central Time (US & Canada),Espresso Drinks,Latte,1.0,Regular,,"Regular, Iced, Whole, Blueberry",$5.50,$0.00,$5.50,$0.00,iPad,Payment,Cor Coffee,,ea,1,Physical Good,Cor Coffee
2026-09-08,10:29:24,Central Time (US & Canada),Teas,Matcha Latte,1.0,Regular,,"Cinnamon Roll, Oat",$7.05,$0.00,$7.05,$0.00,iPad,Payment,Cor Coffee,,ea,1,Physical Good,Cor Coffee
2026-09-08,10:28:36,Central Time (US & Canada),Espresso Drinks,Latte,1.0,Regular,,"Regular, Iced, Oat, Cinnamon Roll",$6.30,$0.00,$6.30,$0.00,iPad,Payment,Cor Coffee,,ea,1,Physical Good,Cor Coffee
2026-09-08,10:27:57,Central Time (US & Canada),Teas,Matcha Latte,1.0,Regular,,"Vanilla, To go, Iced, Oat",$6.80,$0.00,$6.80,$0.00,iPad,Payment,Cor Coffee,,ea,1,Physical Good,Cor Coffee
2026-09-08,10:26:44,Central Time (US & Canada),Coffee Drinks,Cold Brew,1.0,Regular,,Blueberry,$5.25,$0.00,$5.25,$0.00,iPad,Payment,Cor Coffee,,ea,1,Physical Good,Cor Coffee
2026-09-08,10:26:44,Central Time (US & Canada),Espresso Drinks,Latte,1.0,Regular,,"Regular, Iced, Oat, Cinnamon Roll, Cold Foam",$7.05,$0.00,$7.05,$0.00,iPad,Payment,Cor Coffee,,ea,1,Physical Good,Cor Coffee
2026-09-08,10:07:56,Central Time (US & Canada),Other Drinks,Lemonade,1.0,Regular,,To go,$3.00,$0.00,$3.00,$0.00,iPad,Payment,Cor Coffee,,ea,1,Physical Good,Cor Coffee
2026-09-08,10:01:39,Central Time (US & Canada),Espresso Drinks,Cortado,1.0,Regular,,"Regular, To go, Whole",$4.00,$0.00,$4.00,$0.00,iPad,Payment,Cor Coffee,,ea,1,Physical Good,Cor Coffee
2026-09-08,10:01:02,Central Time (US & Canada),Espresso Drinks,Latte,1.0,Regular,,"Regular, To go, Iced, Whole, Cinnamon Roll",$5.50,$0.00,$5.50,$0.00,iPad,Payment,Cor Coffee,,ea,1,Physical Good,Cor Coffee
2026-09-08,09:57:46,Central Time (US & Canada),Espresso Drinks,Latte,1.0,Regular,,"Regular, To go, Iced, Whole, Vanilla",$5.25,$0.00,$5.25,$0.00,iPad,Payment,Cor Coffee,,ea,1,Physical Good,Cor Coffee
2026-09-08,09:53:55,Central Time (US & Canada),Teas,Matcha Latte,1.0,Regular,,"Cinnamon Roll, To go, Iced, Whole, Sweet",$6.25,$0.00,$6.25,$0.00,iPad,Payment,Cor Coffee,,ea,1,Physical Good,Cor Coffee
2026-09-08,09:51:01,Central Time (US & Canada),Coffee Drinks,Red Eye,1.0,Regular,,Regular,$4.00,-$4.00,$0.00,$0.00,iPad,Payment,Cor Coffee,,ea,1,Physical Good,Cor Coffee
2026-09-08,09:44:30,Central Time (US & Canada),Teas,Matcha Latte,1.0,Regular,,"Iced, Whole, Sweet",$5.50,$0.00,$5.50,$0.00,iPad,Payment,Cor Coffee,,ea,1,Physical Good,Cor Coffee
2026-09-08,09:34:16,Central Time (US & Canada),Espresso Drinks,Latte,1.0,Regular,,"Regular, To go, Hot, Whole, Blueberry",$5.50,-$5.50,$0.00,$0.00,iPad,Payment,Cor Coffee,,ea,1,Physical Good,Cor Coffee
2026-09-08,09:29:19,Central Time (US & Canada),Espresso Drinks,Latte,1.0,Regular,,"Regular, Hot, Whole, Vanilla",$5.25,$0.00,$5.25,$0.00,iPad,Payment,Cor Coffee,,ea,1,Physical Good,Cor Coffee
2026-09-08,09:27:55,Central Time (US & Canada),Espresso Drinks,Latte,1.0,Regular,,"Regular, To go, Iced, Whole, Cinnamon Roll",$5.50,$0.00,$5.50,$0.00,iPad,Payment,Cor Coffee,,ea,1,Physical Good,Cor Coffee
2026-09-08,09:24:47,Central Time (US & Canada),Espresso Drinks,Latte,1.0,Regular,,"Regular, To go, Hot, Whole",$4.75,$0.00,$4.75,$0.00,iPad,Payment,Cor Coffee,,ea,1,Physical Good,Cor Coffee
2026-09-08,09:24:24,Central Time (US & Canada),Teas,Matcha Latte,1.0,Regular,,"To go, Iced, Whole",$5.50,$0.00,$5.50,$0.00,iPad,Payment,Cor Coffee,,ea,1,Physical Good,Cor Coffee
2026-09-08,09:23:01,Central Time (US & Canada),Espresso Drinks,Latte,1.0,Regular,,"Regular, To go, Iced, Whole, Cinnamon Roll",$5.50,$0.00,$5.50,$0.00,iPad,Payment,Cor Coffee,,ea,1,Physical Good,Cor Coffee
2026-09-08,09:21:01,Central Time (US & Canada),Espresso Drinks,Latte,1.0,Regular,,"Regular, To go, Iced, Whole, Cinnamon Roll",$5.50,$0.00,$5.50,$0.00,iPad,Payment,Cor Coffee,,ea,1,Physical Good,Cor Coffee
2026-09-08,09:18:59,Central Time (US & Canada),Teas,Chai Latte,1.0,Regular,,"To go, Iced, Whole",$5.25,$0.00,$5.25,$0.00,iPad,Payment,Cor Coffee,,ea,1,Physical Good,Cor Coffee
2026-09-08,09:18:31,Central Time (US & Canada),Coffee Drinks,Cold Brew,1.0,Regular,,To go,$4.50,$0.00,$4.50,$0.00,iPad,Payment,Cor Coffee,,ea,1,Physical Good,Cor Coffee
2026-09-08,09:17:47,Central Time (US & Canada),Espresso Drinks,Latte,1.0,Regular,,"Regular, To go, Iced, Whole, Oat, Vanilla, Cinnamon Roll, Cold Foam",$7.55,$0.00,$7.55,$0.00,iPad,Payment,Cor Coffee,,ea,1,Physical Good,Cor Coffee
2026-09-08,09:16:12,Central Time (US & Canada),Espresso Drinks,Latte,1.0,Regular,,"Regular, To go, Iced, Whole, Cinnamon Roll",$5.50,$0.00,$5.50,$0.00,iPad,Payment,Cor Coffee,,ea,1,Physical Good,Cor Coffee
2026-09-08,09:15:18,Central Time (US & Canada),Espresso Drinks,Latte,1.0,Regular,,"Regular, To go, Iced, Whole, Vanilla",$5.25,$0.00,$5.25,$0.00,iPad,Payment,Cor Coffee,,ea,1,Physical Good,Cor Coffee
2026-09-08,09:12:17,Central Time (US & Canada),Coffee Drinks,Cold Brew,1.0,Regular,,"To go, Vanilla, Half&Half (drip splash)",$5.00,$0.00,$5.00,$0.00,iPad,Payment,Cor Coffee,,ea,1,Physical Good,Cor Coffee
2026-09-08,09:12:17,Central Time (US & Canada),Espresso Drinks,Latte,1.0,Regular,,"Regular, To go, Iced, Whole, Blueberry",$5.50,$0.00,$5.50,$0.00,iPad,Payment,Cor Coffee,,ea,1,Physical Good,Cor Coffee
2026-09-08,09:09:30,Central Time (US & Canada),Espresso Drinks,Latte,1.0,Regular,,"Regular, To go, Iced, Whole, Vanilla",$5.25,$0.00,$5.25,$0.00,iPad,Payment,Cor Coffee,,ea,1,Physical Good,Cor Coffee
2026-09-08,09:07:03,Central Time (US & Canada),Coffee Drinks,Coffee,1.0,Regular,,Cinnamon Roll,$3.75,$0.00,$3.75,$0.00,iPad,Payment,Cor Coffee,,ea,1,Physical Good,Cor Coffee
2026-09-08,09:06:10,Central Time (US & Canada),Espresso Drinks,Latte,1.0,Regular,,"Regular, To go, Iced, Almond, Blueberry, Cinnamon Roll, Cold Foam",$7.80,$0.00,$7.80,$0.00,iPad,Payment,Cor Coffee,,ea,1,Physical Good,Cor Coffee
2026-09-08,09:06:10,Central Time (US & Canada),Espresso Drinks,Latte,1.0,Regular,,"Regular, To go, Iced, Oat, Cinnamon Roll",$6.30,$0.00,$6.30,$0.00,iPad,Payment,Cor Coffee,,ea,1,Physical Good,Cor Coffee
2026-09-08,09:03:57,Central Time (US & Canada),Espresso Drinks,Latte,1.0,Regular,,"Regular, To go, Iced, Whole, Vanilla",$5.25,$0.00,$5.25,$0.00,iPad,Payment,Cor Coffee,,ea,1,Physical Good,Cor Coffee
2026-09-08,09:03:25,Central Time (US & Canada),Coffee Drinks,Coffee,1.0,Regular,,To go,$3.00,$0.00,$3.00,$0.00,iPad,Payment,Cor Coffee,,ea,1,Physical Good,Cor Coffee
2026-09-08,09:02:45,Central Time (US & Canada),Teas,Matcha Latte,1.0,Regular,,"Cold Foam, To go, Iced, Whole",$6.25,$0.00,$6.25,$0.00,iPad,Payment,Cor Coffee,,ea,1,Physical Good,Cor Coffee
2026-09-08,09:02:05,Central Time (US & Canada),Espresso Drinks,Latte,1.0,Regular,,"Regular, To go, Iced, Whole",$4.75,$0.00,$4.75,$0.00,iPad,Payment,Cor Coffee,,ea,1,Physical Good,Cor Coffee
